-- phpMyAdmin SQL Dump
-- version 4.7.0
-- https://www.phpmyadmin.net/
--
-- Máy chủ: 127.0.0.1
-- Thời gian đã tạo: Th10 03, 2017 lúc 12:29 PM
-- Phiên bản máy phục vụ: 10.1.25-MariaDB
-- Phiên bản PHP: 5.6.31

SET SQL_MODE = "NO_AUTO_VALUE_ON_ZERO";
SET AUTOCOMMIT = 0;
START TRANSACTION;
SET time_zone = "+00:00";


/*!40101 SET @OLD_CHARACTER_SET_CLIENT=@@CHARACTER_SET_CLIENT */;
/*!40101 SET @OLD_CHARACTER_SET_RESULTS=@@CHARACTER_SET_RESULTS */;
/*!40101 SET @OLD_COLLATION_CONNECTION=@@COLLATION_CONNECTION */;
/*!40101 SET NAMES utf8mb4 */;

--
-- Cơ sở dữ liệu: `02017f`
--

-- --------------------------------------------------------

--
-- Cấu trúc bảng cho bảng `sma_adjustments`
--

CREATE TABLE `sma_adjustments` (
  `id` int(11) NOT NULL,
  `date` timestamp NOT NULL DEFAULT CURRENT_TIMESTAMP,
  `product_id` int(11) NOT NULL,
  `option_id` int(11) DEFAULT NULL,
  `quantity` decimal(15,4) NOT NULL,
  `warehouse_id` int(11) NOT NULL,
  `note` varchar(1000) DEFAULT NULL,
  `created_by` int(11) DEFAULT NULL,
  `updated_by` int(11) DEFAULT NULL,
  `type` varchar(20) NOT NULL
) ENGINE=InnoDB DEFAULT CHARSET=utf8;

-- --------------------------------------------------------

--
-- Cấu trúc bảng cho bảng `sma_calendar`
--

CREATE TABLE `sma_calendar` (
  `date` date NOT NULL,
  `data` varchar(255) NOT NULL,
  `user_id` int(11) DEFAULT NULL
) ENGINE=InnoDB DEFAULT CHARSET=utf8;

-- --------------------------------------------------------

--
-- Cấu trúc bảng cho bảng `sma_captcha`
--

CREATE TABLE `sma_captcha` (
  `captcha_id` bigint(13) UNSIGNED NOT NULL,
  `captcha_time` int(10) UNSIGNED NOT NULL,
  `ip_address` varchar(16) CHARACTER SET latin1 NOT NULL DEFAULT '0',
  `word` varchar(20) CHARACTER SET latin1 NOT NULL
) ENGINE=InnoDB DEFAULT CHARSET=utf8;

--
-- Đang đổ dữ liệu cho bảng `sma_captcha`
--

INSERT INTO `sma_captcha` (`captcha_id`, `captcha_time`, `ip_address`, `word`) VALUES
(1, 1497857401, '::1', '5d2MK'),
(2, 1497857404, '::1', 'd7ZC8'),
(3, 1497857405, '::1', '73ZIQ'),
(4, 1497857406, '::1', 'rMzMd');

-- --------------------------------------------------------

--
-- Cấu trúc bảng cho bảng `sma_categories`
--

CREATE TABLE `sma_categories` (
  `id` int(11) NOT NULL,
  `code` varchar(55) NOT NULL,
  `name` varchar(55) NOT NULL,
  `image` varchar(55) DEFAULT NULL
) ENGINE=InnoDB DEFAULT CHARSET=utf8;

--
-- Đang đổ dữ liệu cho bảng `sma_categories`
--

INSERT INTO `sma_categories` (`id`, `code`, `name`, `image`) VALUES
(3, 'KTS', 'KIM THU SÉT L=1,18M', NULL),
(4, 'CVT', 'MẶT BÍCH BÍT ĐẦU CỘT', NULL),
(5, 'DC', 'ĐỐT CỘT 660x660x;L=5500', NULL),
(6, 'ffff', 'ffff', NULL);

-- --------------------------------------------------------

--
-- Cấu trúc bảng cho bảng `sma_combo_items`
--

CREATE TABLE `sma_combo_items` (
  `id` int(11) NOT NULL,
  `product_id` int(11) NOT NULL,
  `item_code` varchar(20) NOT NULL,
  `quantity` decimal(12,4) NOT NULL,
  `unit_price` decimal(25,4) DEFAULT NULL
) ENGINE=InnoDB DEFAULT CHARSET=utf8;

-- --------------------------------------------------------

--
-- Cấu trúc bảng cho bảng `sma_companies`
--

CREATE TABLE `sma_companies` (
  `id` int(11) NOT NULL,
  `group_id` int(10) UNSIGNED DEFAULT NULL,
  `group_name` varchar(20) DEFAULT NULL,
  `customer_group_id` int(11) DEFAULT NULL,
  `customer_group_name` varchar(100) DEFAULT NULL,
  `name` varchar(55) DEFAULT NULL,
  `company` varchar(255) DEFAULT NULL,
  `vat_no` varchar(100) DEFAULT NULL,
  `address` varchar(255) DEFAULT NULL,
  `city` varchar(55) DEFAULT NULL,
  `state` varchar(55) DEFAULT NULL,
  `postal_code` varchar(8) DEFAULT NULL,
  `country` varchar(100) DEFAULT NULL,
  `phone` varchar(20) DEFAULT NULL,
  `email` varchar(100) DEFAULT NULL,
  `cf1` varchar(100) DEFAULT NULL,
  `cf2` varchar(100) DEFAULT NULL,
  `cf3` varchar(100) DEFAULT NULL,
  `cf4` varchar(100) DEFAULT NULL,
  `cf5` varchar(100) DEFAULT NULL,
  `cf6` varchar(100) DEFAULT NULL,
  `invoice_footer` text,
  `payment_term` int(11) DEFAULT '0',
  `logo` varchar(255) DEFAULT 'logo.png',
  `award_points` int(11) DEFAULT '0'
) ENGINE=InnoDB DEFAULT CHARSET=utf8;

--
-- Đang đổ dữ liệu cho bảng `sma_companies`
--

INSERT INTO `sma_companies` (`id`, `group_id`, `group_name`, `customer_group_id`, `customer_group_name`, `name`, `company`, `vat_no`, `address`, `city`, `state`, `postal_code`, `country`, `phone`, `email`, `cf1`, `cf2`, `cf3`, `cf4`, `cf5`, `cf6`, `invoice_footer`, `payment_term`, `logo`, `award_points`) VALUES
(1, 3, 'customer', 1, 'General', 'Walk-in Customer', 'Walk-in Customer', '', 'Customer Address', 'Petaling Jaya', 'Selangor', '46000', 'Malaysia', '0123456789', 'customer@google.com', '', '', '', '', '', '', NULL, 0, 'logo.png', 0),
(2, 4, 'supplier', NULL, NULL, 'Quần Áo Thời Trang Trực Tuyến', 'Yanstore', '', '12 bàu cát 3, phường 14', 'Hồ Chí Minh', 'Tân Bình', '', 'VietNam', '0123456789', 'supplier@google.com', '-', '-', '-', '-', '-', '-', NULL, 0, 'logo.png', 0),
(3, NULL, 'biller', NULL, NULL, 'Chai', 'Test Biller', '1234', 'HCM', '', '', NULL, 'Việt Nam', '012345678', 'hvchai@gmail.com', 'Hoàng Văn ', NULL, NULL, NULL, NULL, NULL, ' Thank you for shopping with us. Please come again', 0, 'logo1.png', 0),
(4, 3, 'customer', 1, 'General', 'hà', 'tư nhân', '', 'ha noi', 'Hà Nội', '', '', '', '0901122432', 'phamthuha@gmail.com', '', '', '', '0969337365', '', 'phamthuha@gmail.com', NULL, 0, 'logo.png', 0),
(5, NULL, 'biller', NULL, NULL, 'Tân', 'FOSO', '1234', 'HCM', '', '', NULL, 'Việt Nam', '435646', 'trantan@gmai.com', 'Trần', NULL, NULL, NULL, NULL, NULL, '', 0, 'logo-foso-06.gif', 0),
(7, NULL, 'biller', NULL, NULL, 'Hậu', 'FOSO', '12345', 'HCM', '', '', NULL, 'Việt Nam', '0939701693', 'nhhau@gmail.com', 'Nguyễn Hữu ', NULL, NULL, NULL, NULL, NULL, '', 0, 'logo-foso-06.gif', 0),
(8, NULL, 'biller', NULL, NULL, 'Tâm', 'FOSO', '1234', 'HCM', '', '', NULL, 'Việt Nam', '0939701693', 'nctam@gmail.com', 'Nguyễn Chí', NULL, NULL, NULL, NULL, NULL, '', 0, 'logo-foso-06.gif', 0),
(9, NULL, 'biller', NULL, NULL, 'Tan', 'fdbfd', '', 'dfgvdfxvb', '', '', NULL, 'Việt Nam', '5654', 'tvttdsan@gmail.com', 'Tran ', NULL, NULL, NULL, NULL, NULL, '', 0, 'logo-foso-06.gif', 0),
(10, 3, 'customer', 1, 'General', 'THUY', 'THUY', '', '110 cao thắng quận 3', 'hồ chí minh', '', '', '', '866566793', 'nguyenan@fososoft.com', '', '', '', '', '', '', NULL, 0, 'logo.png', 0);

-- --------------------------------------------------------

--
-- Cấu trúc bảng cho bảng `sma_costing`
--

CREATE TABLE `sma_costing` (
  `id` int(11) NOT NULL,
  `date` date NOT NULL,
  `product_id` int(11) DEFAULT NULL,
  `sale_item_id` int(11) NOT NULL,
  `sale_id` int(11) DEFAULT NULL,
  `purchase_item_id` int(11) DEFAULT NULL,
  `quantity` decimal(15,4) NOT NULL,
  `purchase_net_unit_cost` decimal(25,4) DEFAULT NULL,
  `purchase_unit_cost` decimal(25,4) DEFAULT NULL,
  `sale_net_unit_price` decimal(25,4) NOT NULL,
  `sale_unit_price` decimal(25,4) NOT NULL,
  `quantity_balance` decimal(15,4) DEFAULT NULL,
  `inventory` tinyint(1) DEFAULT '0',
  `overselling` tinyint(1) DEFAULT '0',
  `option_id` int(11) DEFAULT NULL
) ENGINE=InnoDB DEFAULT CHARSET=utf8;

--
-- Đang đổ dữ liệu cho bảng `sma_costing`
--

INSERT INTO `sma_costing` (`id`, `date`, `product_id`, `sale_item_id`, `sale_id`, `purchase_item_id`, `quantity`, `purchase_net_unit_cost`, `purchase_unit_cost`, `sale_net_unit_price`, `sale_unit_price`, `quantity_balance`, `inventory`, `overselling`, `option_id`) VALUES
(1, '2017-06-26', 30, 23, 13, NULL, '10.0000', '0.0000', '0.0000', '500.0000', '500.0000', NULL, NULL, 0, NULL),
(2, '2017-06-26', 29, 24, 13, NULL, '10.0000', '0.0000', '0.0000', '1000.0000', '1000.0000', NULL, NULL, 0, NULL),
(3, '2017-06-26', 30, 25, 13, NULL, '1.0000', '0.0000', '0.0000', '500.0000', '500.0000', NULL, NULL, 0, NULL),
(4, '2017-07-01', 30, 32, 40, NULL, '50.0000', '0.0000', '0.0000', '500.0000', '500.0000', NULL, NULL, 0, NULL),
(5, '2017-07-01', 29, 33, 40, NULL, '10.0000', '0.0000', '0.0000', '1000.0000', '1000.0000', NULL, NULL, 0, NULL),
(6, '2017-07-01', 29, 34, 39, NULL, '10.0000', '0.0000', '0.0000', '1000.0000', '1000.0000', NULL, NULL, 0, NULL),
(7, '2017-07-01', 30, 35, 40, NULL, '50.0000', '0.0000', '0.0000', '500.0000', '500.0000', NULL, NULL, 0, NULL),
(8, '2017-07-01', 29, 36, 40, NULL, '10.0000', '0.0000', '0.0000', '1000.0000', '1000.0000', NULL, NULL, 0, NULL),
(9, '2017-07-01', 29, 37, 39, NULL, '10.0000', '0.0000', '0.0000', '1000.0000', '1000.0000', NULL, NULL, 0, NULL),
(10, '2017-07-01', 29, 38, 39, NULL, '10.0000', '0.0000', '0.0000', '1000.0000', '1000.0000', NULL, NULL, 0, NULL),
(11, '2017-07-05', 29, 43, 39, NULL, '0.0000', '0.0000', '0.0000', '1000.0000', '1000.0000', '10.0000', NULL, 0, NULL),
(12, '2017-07-05', 30, 44, 39, NULL, '0.0000', '0.0000', '0.0000', '500.0000', '500.0000', '50.0000', NULL, 0, NULL);

-- --------------------------------------------------------

--
-- Cấu trúc bảng cho bảng `sma_currencies`
--

CREATE TABLE `sma_currencies` (
  `id` int(11) NOT NULL,
  `code` varchar(5) NOT NULL,
  `name` varchar(55) NOT NULL,
  `rate` decimal(12,4) NOT NULL,
  `auto_update` tinyint(1) NOT NULL DEFAULT '0'
) ENGINE=InnoDB DEFAULT CHARSET=utf8;

--
-- Đang đổ dữ liệu cho bảng `sma_currencies`
--

INSERT INTO `sma_currencies` (`id`, `code`, `name`, `rate`, `auto_update`) VALUES
(1, 'USD', 'US Dollar', '1.0000', 0),
(2, 'ERU', 'EURO', '0.7340', 0),
(3, 'VND', 'VNĐ', '1.0000', 0);

-- --------------------------------------------------------

--
-- Cấu trúc bảng cho bảng `sma_customer_groups`
--

CREATE TABLE `sma_customer_groups` (
  `id` int(11) NOT NULL,
  `name` varchar(100) NOT NULL,
  `percent` int(11) NOT NULL
) ENGINE=InnoDB DEFAULT CHARSET=utf8;

--
-- Đang đổ dữ liệu cho bảng `sma_customer_groups`
--

INSERT INTO `sma_customer_groups` (`id`, `name`, `percent`) VALUES
(1, 'General', 0),
(2, 'Reseller', -5),
(3, 'Distributor', -15),
(4, 'New Customer (+10)', 10);

-- --------------------------------------------------------

--
-- Cấu trúc bảng cho bảng `sma_date_format`
--

CREATE TABLE `sma_date_format` (
  `id` int(11) NOT NULL,
  `js` varchar(20) NOT NULL,
  `php` varchar(20) NOT NULL,
  `sql` varchar(20) DEFAULT NULL
) ENGINE=InnoDB DEFAULT CHARSET=utf8;

--
-- Đang đổ dữ liệu cho bảng `sma_date_format`
--

INSERT INTO `sma_date_format` (`id`, `js`, `php`, `sql`) VALUES
(1, 'mm-dd-yyyy', 'm-d-Y', '%m-%d-%Y'),
(2, 'mm/dd/yyyy', 'm/d/Y', '%m/%d/%Y'),
(3, 'mm.dd.yyyy', 'm.d.Y', '%m.%d.%Y'),
(4, 'dd-mm-yyyy', 'd-m-Y', '%d-%m-%Y'),
(5, 'dd/mm/yyyy', 'd/m/Y', '%d/%m/%Y'),
(6, 'dd.mm.yyyy', 'd.m.Y', '%d.%m.%Y');

-- --------------------------------------------------------

--
-- Cấu trúc bảng cho bảng `sma_deliveries`
--

CREATE TABLE `sma_deliveries` (
  `id` int(11) NOT NULL,
  `date` timestamp NOT NULL DEFAULT CURRENT_TIMESTAMP,
  `sale_id` int(11) NOT NULL,
  `do_reference_no` varchar(50) NOT NULL,
  `sale_reference_no` varchar(50) NOT NULL,
  `customer` varchar(55) NOT NULL,
  `address` varchar(1000) NOT NULL,
  `note` varchar(1000) DEFAULT NULL,
  `created_by` int(11) DEFAULT NULL,
  `updated_by` int(11) DEFAULT NULL,
  `updated_at` timestamp NULL DEFAULT NULL
) ENGINE=InnoDB DEFAULT CHARSET=utf8;

-- --------------------------------------------------------

--
-- Cấu trúc bảng cho bảng `sma_expenses`
--

CREATE TABLE `sma_expenses` (
  `id` int(11) NOT NULL,
  `date` timestamp NOT NULL DEFAULT CURRENT_TIMESTAMP,
  `reference` varchar(50) NOT NULL,
  `amount` decimal(25,4) NOT NULL,
  `note` varchar(1000) DEFAULT NULL,
  `created_by` varchar(55) NOT NULL,
  `attachment` varchar(55) DEFAULT NULL
) ENGINE=InnoDB DEFAULT CHARSET=utf8;

-- --------------------------------------------------------

--
-- Cấu trúc bảng cho bảng `sma_gift_cards`
--

CREATE TABLE `sma_gift_cards` (
  `id` int(11) NOT NULL,
  `date` timestamp NOT NULL DEFAULT CURRENT_TIMESTAMP,
  `card_no` varchar(20) NOT NULL,
  `value` decimal(25,4) NOT NULL,
  `customer_id` int(11) DEFAULT NULL,
  `customer` varchar(255) DEFAULT NULL,
  `balance` decimal(25,4) NOT NULL,
  `expiry` date DEFAULT NULL,
  `created_by` varchar(55) NOT NULL
) ENGINE=InnoDB DEFAULT CHARSET=utf8;

-- --------------------------------------------------------

--
-- Cấu trúc bảng cho bảng `sma_groups`
--

CREATE TABLE `sma_groups` (
  `id` mediumint(8) UNSIGNED NOT NULL,
  `name` varchar(20) NOT NULL,
  `description` varchar(100) NOT NULL
) ENGINE=InnoDB DEFAULT CHARSET=utf8;

--
-- Đang đổ dữ liệu cho bảng `sma_groups`
--

INSERT INTO `sma_groups` (`id`, `name`, `description`) VALUES
(1, 'owner', 'Owner'),
(2, 'admin', 'Administrator'),
(3, 'customer', 'Customer'),
(4, 'supplier', 'Supplier'),
(5, 'sales', 'Sales Staff');

-- --------------------------------------------------------

--
-- Cấu trúc bảng cho bảng `sma_items`
--

CREATE TABLE `sma_items` (
  `id` int(11) NOT NULL,
  `item` varchar(255) COLLATE utf8_unicode_ci DEFAULT NULL,
  `specification` varchar(255) COLLATE utf8_unicode_ci DEFAULT NULL,
  `size_long` varchar(10) COLLATE utf8_unicode_ci DEFAULT NULL,
  `size_wide` varchar(10) COLLATE utf8_unicode_ci DEFAULT NULL,
  `weight` decimal(15,0) DEFAULT NULL,
  `unit_id` int(10) DEFAULT NULL,
  `unit` varchar(255) COLLATE utf8_unicode_ci DEFAULT NULL,
  `cost` float NOT NULL DEFAULT '0',
  `quantity` decimal(15,0) DEFAULT NULL,
  `warehouse_id` int(10) DEFAULT NULL,
  `warehouse` varchar(255) COLLATE utf8_unicode_ci DEFAULT NULL,
  `note` varchar(255) COLLATE utf8_unicode_ci DEFAULT NULL
) ENGINE=InnoDB DEFAULT CHARSET=utf8 COLLATE=utf8_unicode_ci;

--
-- Đang đổ dữ liệu cho bảng `sma_items`
--

INSERT INTO `sma_items` (`id`, `item`, `specification`, `size_long`, `size_wide`, `weight`, `unit_id`, `unit`, `cost`, `quantity`, `warehouse_id`, `warehouse`, `note`) VALUES
(2, 'Bao trắng', '800*1200', '0', '0', NULL, 1, 'Cái', 20000, '50', 1, NULL, ''),
(3, 'Sơn xanh', '800*1200', '0', '0', NULL, 1, 'Cái', 40, '14500', 2, NULL, ''),
(4, 'Thép tấm', '800*1200', '0', '0', NULL, 2, 'Bao', 20, '140', 1, NULL, ''),
(5, 'Nguyen vat lieu 1', 'Nguyen vat lieu 1', '0', '0', NULL, 1, 'Cái', 50, '2250', 2, NULL, ''),
(6, 'têst', '12', '', '', '12', 2, 'Bao', 12, '0', NULL, NULL, ''),
(7, 'Nguyên Liệu 2', '200x200', '30', '20', '120', 2, 'Bao', 3000, '15000', NULL, NULL, '<p>zxczxczxc</p>');

-- --------------------------------------------------------

--
-- Cấu trúc bảng cho bảng `sma_labor_norms`
--

CREATE TABLE `sma_labor_norms` (
  `id` int(10) NOT NULL,
  `production_id` int(10) DEFAULT NULL,
  `product_id` int(10) DEFAULT NULL,
  `employee_id` int(10) DEFAULT NULL,
  `employee` varchar(255) COLLATE utf8_unicode_ci DEFAULT NULL,
  `note` text COLLATE utf8_unicode_ci
) ENGINE=InnoDB DEFAULT CHARSET=utf8 COLLATE=utf8_unicode_ci;

--
-- Đang đổ dữ liệu cho bảng `sma_labor_norms`
--

INSERT INTO `sma_labor_norms` (`id`, `production_id`, `product_id`, `employee_id`, `employee`, `note`) VALUES
(27, 2, 29, 3, 'Chai', NULL),
(28, 2, 29, 5, 'Tân', NULL),
(29, 4, 29, 3, 'Chai', NULL),
(30, 4, 29, 5, 'Tân', NULL),
(31, 4, 29, 7, 'Hậu', NULL),
(35, 19, 31, 3, 'Chai', NULL),
(36, 19, 31, 5, 'Tân', NULL),
(37, 19, 31, 8, 'Tâm', NULL),
(38, 20, 30, 5, 'Tân', NULL),
(39, 20, 30, 7, 'Hậu', NULL),
(40, 20, 29, 3, 'Chai', NULL),
(41, 20, 29, 8, 'Tâm', NULL),
(42, 20, 29, 9, 'Tan', NULL),
(43, 21, 31, 3, 'Chai', NULL),
(44, 21, 31, 5, 'Tân', NULL),
(45, 21, 31, 7, 'Hậu', NULL),
(46, 22, 34, 5, 'Tân', NULL),
(47, 22, 34, 7, 'Hậu', NULL),
(48, 40, 41, 3, 'Chai', NULL),
(49, 40, 41, 7, 'Hậu', NULL),
(50, 42, 39, 5, 'Tân', NULL);

-- --------------------------------------------------------

--
-- Cấu trúc bảng cho bảng `sma_login_attempts`
--

CREATE TABLE `sma_login_attempts` (
  `id` mediumint(8) UNSIGNED NOT NULL,
  `ip_address` varbinary(16) NOT NULL,
  `login` varchar(100) NOT NULL,
  `time` int(11) UNSIGNED DEFAULT NULL
) ENGINE=InnoDB DEFAULT CHARSET=utf8;

-- --------------------------------------------------------

--
-- Cấu trúc bảng cho bảng `sma_log_productions`
--

CREATE TABLE `sma_log_productions` (
  `id` int(11) NOT NULL,
  `production_id` int(11) DEFAULT NULL,
  `product_id` int(11) DEFAULT NULL
) ENGINE=InnoDB DEFAULT CHARSET=utf8 COLLATE=utf8_unicode_ci;

--
-- Đang đổ dữ liệu cho bảng `sma_log_productions`
--

INSERT INTO `sma_log_productions` (`id`, `production_id`, `product_id`) VALUES
(1, 39, 29);

-- --------------------------------------------------------

--
-- Cấu trúc bảng cho bảng `sma_machine`
--

CREATE TABLE `sma_machine` (
  `id` int(11) NOT NULL,
  `active` tinyint(4) DEFAULT '0',
  `id_machine_categories` int(11) NOT NULL,
  `machine_code` varchar(255) CHARACTER SET utf8 NOT NULL,
  `machine_capacity` decimal(15,0) DEFAULT NULL,
  `machine_name` varchar(255) CHARACTER SET utf8 NOT NULL,
  `machine_details` varchar(255) CHARACTER SET utf8 DEFAULT NULL,
  `machine_note` varchar(255) CHARACTER SET utf8 DEFAULT NULL
) ENGINE=InnoDB DEFAULT CHARSET=latin1;

--
-- Đang đổ dữ liệu cho bảng `sma_machine`
--

INSERT INTO `sma_machine` (`id`, `active`, `id_machine_categories`, `machine_code`, `machine_capacity`, `machine_name`, `machine_details`, `machine_note`) VALUES
(1, 1, 1, 'MA1', '100', 'May 1', 'cfs', '<p>sdvc</p>'),
(2, 1, 4, 'MA2', '200', 'May 2', 'sdfvd', '<p>dfvdf</p>'),
(3, 1, 1, 'MA3', '300', 'May 3', '', ''),
(4, 1, 4, 'MA4', '400', 'May 4', '', ''),
(5, 1, 1, 'MA5', '500', 'May 5', 'N', '<p>Nghjh</p>'),
(6, 1, 6, 'MA6', '600', 'May 6', 'N', '<p>NN</p>'),
(7, 1, 5, 'MA8', '800', 'May 8', 'detail', '<p>Note</p>'),
(8, 1, 6, 'MA9', '900', 'May 9', '', ''),
(9, 1, 4, 'MA7', '700', 'May 7', '', ''),
(10, 1, 5, 'MA10', '1000', 'May 10', '', '');

-- --------------------------------------------------------

--
-- Cấu trúc bảng cho bảng `sma_machinery_norms`
--

CREATE TABLE `sma_machinery_norms` (
  `id` int(11) NOT NULL,
  `production_id` int(10) DEFAULT NULL,
  `product_id` int(11) DEFAULT NULL,
  `working_place_id` int(10) DEFAULT NULL,
  `working_place` varchar(255) COLLATE utf8_unicode_ci DEFAULT NULL,
  `machine_id` int(10) DEFAULT NULL,
  `machine` varchar(255) COLLATE utf8_unicode_ci DEFAULT NULL
) ENGINE=InnoDB DEFAULT CHARSET=utf8 COLLATE=utf8_unicode_ci;

--
-- Đang đổ dữ liệu cho bảng `sma_machinery_norms`
--

INSERT INTO `sma_machinery_norms` (`id`, `production_id`, `product_id`, `working_place_id`, `working_place`, `machine_id`, `machine`) VALUES
(41, 20, 30, 29, 'Xuong 2', 5, 'May 5'),
(42, 20, 29, 31, 'Xuong 4', 3, 'May 3'),
(43, 20, 29, 31, 'Xuong 4', 7, 'May 8'),
(44, 20, 29, 31, 'Xuong 4', 8, 'May 9'),
(45, 21, 31, 29, 'Xuong 2', 5, 'May 5'),
(46, 21, 31, 29, 'Xuong 2', 4, 'May 4'),
(47, 22, 34, 31, 'Xuong 4', 5, 'May 5'),
(48, 22, 34, 31, 'Xuong 4', 4, 'May 4'),
(49, 22, 34, 31, 'Xuong 4', 9, 'May 7'),
(50, 22, 34, 31, 'Xuong 4', 8, 'May 9'),
(51, 22, 34, 31, 'Xuong 4', 7, 'May 8'),
(52, 22, 34, 31, 'Xuong 4', 3, 'May 3'),
(53, 40, 41, 29, 'Xuong 2', 5, 'May 5'),
(54, 42, 39, 30, 'Xuong 3', 10, 'May 10'),
(55, 47, 36, 30, 'Xuong 3', 10, 'May 10'),
(56, 47, 36, 30, 'Xuong 3', 6, 'May 6'),
(57, 48, 31, 29, 'Xuong 2', 4, 'May 4'),
(58, 48, 37, 30, 'Xuong 3', 10, 'May 10'),
(59, 52, 42, 29, 'Xuong 2', 4, 'May 4'),
(60, 52, 41, 30, 'Xuong 3', 10, 'May 10'),
(61, 52, 43, 30, 'Xuong 3', 6, 'May 6'),
(62, 52, 43, 30, 'Xuong 3', 10, 'May 10'),
(63, 53, 43, 29, 'Xuong 2', 5, 'May 5'),
(64, 53, 42, 29, 'Xuong 2', 5, 'May 5'),
(65, 54, 70, 27, 'Xuong 1', 1, 'May 1'),
(66, 54, 72, 29, 'Xuong 2', 4, 'May 4'),
(67, 54, 77, 29, 'Xuong 2', 5, 'May 5'),
(68, 54, 74, 30, 'Xuong 3', 10, 'May 10'),
(69, 54, 75, 30, 'Xuong 3', 10, 'May 10'),
(70, 54, 76, 30, 'Xuong 3', 2, 'May 2'),
(71, 54, 78, 29, 'Xuong 2', 4, 'May 4'),
(72, 54, 79, 29, 'Xuong 2', 4, 'May 4'),
(73, 55, 70, 29, 'Xuong 2', 5, 'May 5'),
(74, 55, 71, 29, 'Xuong 2', 5, 'May 5'),
(75, 60, 72, 29, 'Xuong 2', 5, 'May 5'),
(76, 61, 70, 29, 'Xuong 2', 5, 'May 5'),
(77, 61, 71, 29, 'Xuong 2', 5, 'May 5'),
(78, 61, 72, 27, 'Xuong 1', 1, 'May 1'),
(79, 62, 70, 29, 'Xuong 2', 5, 'May 5'),
(80, 62, 70, 29, 'Xuong 2', 4, 'May 4'),
(81, 62, 71, 29, 'Xuong 2', 5, 'May 5'),
(82, 62, 74, 29, 'Xuong 2', 5, 'May 5'),
(83, 62, 74, 29, 'Xuong 2', 4, 'May 4'),
(90, 87, 73, 29, 'Xuong 2', 5, 'May 5'),
(91, 96, 70, 29, 'Xuong 2', 5, 'May 5'),
(92, 100, 70, 29, 'Xuong 2', 5, 'May 5');

-- --------------------------------------------------------

--
-- Cấu trúc bảng cho bảng `sma_machine_categories`
--

CREATE TABLE `sma_machine_categories` (
  `id` int(11) NOT NULL,
  `categories_name` varchar(255) CHARACTER SET utf8 NOT NULL COMMENT 'Tên',
  `categories_details` varchar(255) CHARACTER SET utf8 DEFAULT NULL COMMENT 'Thông số chi tiết',
  `categories_note` varchar(255) CHARACTER SET utf8 DEFAULT NULL COMMENT 'Ghi chú'
) ENGINE=InnoDB DEFAULT CHARSET=latin1;

--
-- Đang đổ dữ liệu cho bảng `sma_machine_categories`
--

INSERT INTO `sma_machine_categories` (`id`, `categories_name`, `categories_details`, `categories_note`) VALUES
(1, 'Loai 1', 'Loai 1', '<p>Loai 1</p>'),
(4, 'Loai 2', 'Loai 2', '<p>Loai 2</p>'),
(5, 'Loai 3', 'Loai 3', '<p>Loai 3</p>'),
(6, 'Loai 4', 'Loai 4', '<p>Loai 4</p>');

-- --------------------------------------------------------

--
-- Cấu trúc bảng cho bảng `sma_material_norms`
--

CREATE TABLE `sma_material_norms` (
  `id` int(10) NOT NULL,
  `production_id` int(10) DEFAULT NULL,
  `product_id` int(11) DEFAULT NULL,
  `item_id` int(10) DEFAULT NULL,
  `item` varchar(255) COLLATE utf8_unicode_ci DEFAULT NULL,
  `ord_quantity` int(11) DEFAULT '0',
  `quantity` decimal(15,0) DEFAULT NULL,
  `total_quantity` decimal(15,0) DEFAULT NULL,
  `note` text COLLATE utf8_unicode_ci
) ENGINE=InnoDB DEFAULT CHARSET=utf8 COLLATE=utf8_unicode_ci;

--
-- Đang đổ dữ liệu cho bảng `sma_material_norms`
--

INSERT INTO `sma_material_norms` (`id`, `production_id`, `product_id`, `item_id`, `item`, `ord_quantity`, `quantity`, `total_quantity`, `note`) VALUES
(94, 2, 29, 5, 'Nguyen vat lieu 1', 100, '10', '1000', NULL),
(95, 2, 29, 4, 'Thép tấm', 100, '5', '500', NULL),
(96, 4, 29, 5, 'Nguyen vat lieu 1', 100, '10', '1000', NULL),
(97, 4, 29, 4, 'Thép tấm', 100, '5', '500', NULL),
(98, 19, 31, 2, 'Bao trắng', 100, '10', '1000', NULL),
(99, 19, 31, 4, 'Thép tấm', 100, '15', '1500', NULL),
(100, 19, 31, 5, 'Nguyen vat lieu 1', 100, '20', '2000', NULL),
(101, 20, 30, 2, 'Bao trắng', 100, '10', '1000', NULL),
(102, 20, 30, 4, 'Thép tấm', 100, '5', '500', NULL),
(103, 20, 30, 21, NULL, 100, '3', '300', NULL),
(104, 20, 29, 5, 'Nguyen vat lieu 1', 100, '10', '1000', NULL),
(105, 20, 29, 4, 'Thép tấm', 100, '5', '500', NULL),
(106, 21, 31, 2, 'Bao trắng', 100, '10', '1000', NULL),
(107, 21, 31, 4, 'Thép tấm', 100, '15', '1500', NULL),
(108, 21, 31, 5, 'Nguyen vat lieu 1', 100, '20', '2000', NULL),
(109, 22, 34, 3, 'Sơn xanh', 10, '1', '10', NULL),
(110, 22, 34, 5, 'Nguyen vat lieu 1', 10, '2', '20', NULL),
(111, 40, 41, 2, 'Bao trắng', 1, '1', '1', NULL),
(112, 42, 39, 2, 'Bao trắng', 1, '1', '1', NULL),
(113, 48, 31, 2, 'Bao trắng', 1, '10', '10', NULL),
(114, 48, 31, 4, 'Thép tấm', 1, '15', '15', NULL),
(115, 48, 31, 5, 'Nguyen vat lieu 1', 1, '20', '20', NULL),
(116, 48, 37, 3, 'Sơn xanh', 1, '1', '1', NULL),
(117, 48, 37, 2, 'Bao trắng', 1, '1', '1', NULL),
(121, 52, 43, 2, 'Bao trắng', 100, '1', '100', NULL),
(122, 52, 43, 6, 'têst', 100, '1', '100', NULL),
(123, 52, 42, 2, 'Bao trắng', 100, '1', '100', NULL),
(124, 52, 42, 4, 'Thép tấm', 100, '1', '100', NULL),
(125, 53, 43, 2, 'Bao trắng', 120, '1', '120', NULL),
(126, 53, 43, 6, 'têst', 120, '1', '120', NULL),
(127, 53, 42, 2, 'Bao trắng', 150, '1', '150', NULL),
(128, 53, 42, 4, 'Thép tấm', 150, '1', '150', NULL),
(129, 54, 70, 4, 'Thép tấm', 100, '1', '100', NULL),
(130, 54, 72, 5, 'Nguyen vat lieu 1', 100, '1', '100', NULL),
(131, 54, 77, 5, 'Nguyen vat lieu 1', 100, '1', '100', NULL),
(132, 54, 74, 5, 'Nguyen vat lieu 1', 100, '1', '100', NULL),
(133, 54, 75, 5, 'Nguyen vat lieu 1', 100, '1', '100', NULL),
(134, 54, 76, 5, 'Nguyen vat lieu 1', 100, '1', '100', NULL),
(135, 54, 78, 5, 'Nguyen vat lieu 1', 100, '1', '100', NULL),
(136, 54, 79, 5, 'Nguyen vat lieu 1', 100, '1', '100', NULL),
(140, 60, 72, 5, 'Nguyen vat lieu 1', 1, '1', '1', NULL),
(141, 61, 70, 4, 'Thép tấm', 100, '1', '100', NULL),
(144, 61, 72, 5, 'Nguyen vat lieu 1', 100, '1', '100', NULL),
(150, 62, 72, 5, 'Nguyen vat lieu 1', 60, '1', '60', NULL),
(151, 62, 74, 5, 'Nguyen vat lieu 1', 70, '1', '70', NULL),
(152, 66, 78, 5, 'Nguyen vat lieu 1', 1, '1', '1', NULL),
(153, 66, 73, 2, 'Bao trắng', 1, '1', '1', NULL),
(154, 66, 73, 4, 'Thép tấm', 1, '1', '1', NULL),
(155, 78, 73, 2, 'Bao trắng', 1, '1', '1', NULL),
(156, 78, 73, 4, 'Thép tấm', 1, '1', '1', NULL),
(157, 78, 78, 5, 'Nguyen vat lieu 1', 1, '1', '1', NULL),
(158, 79, 78, 5, 'Nguyen vat lieu 1', 1, '1', '1', NULL),
(159, 79, 73, 2, 'Bao trắng', 1, '1', '1', NULL),
(160, 79, 73, 4, 'Thép tấm', 1, '1', '1', NULL),
(161, 80, 78, 5, 'Nguyen vat lieu 1', 20, '1', '20', NULL),
(162, 80, 73, 2, 'Bao trắng', 10, '1', '10', NULL),
(163, 80, 73, 4, 'Thép tấm', 10, '1', '10', NULL),
(164, 82, 73, 2, 'Bao trắng', 1, '1', '1', NULL),
(165, 82, 73, 4, 'Thép tấm', 1, '1', '1', NULL),
(166, 83, 70, 4, 'Thép tấm', 1, '1', '1', NULL),
(167, 84, 78, 5, 'Nguyen vat lieu 1', 1, '1', '1', NULL),
(168, 86, 73, 2, 'Bao trắng', 1, '1', '1', NULL),
(169, 86, 73, 4, 'Thép tấm', 1, '1', '1', NULL),
(170, 87, 73, 2, 'Bao trắng', 1, '1', '1', NULL),
(171, 87, 73, 4, 'Thép tấm', 1, '1', '1', NULL),
(172, 89, 78, 5, 'Nguyen vat lieu 1', 200, '1', '200', NULL),
(173, 96, 70, 4, 'Thép tấm', 1000, '1', '1000', NULL),
(174, 96, 74, 2, 'Bao trắng', 300, '200', '60000', NULL),
(175, 96, 74, 5, 'Nguyen vat lieu 1', 300, '1', '300', NULL),
(176, 96, 73, 3, 'Sơn xanh', 145, '100', '14500', NULL),
(177, 96, 72, 5, 'Nguyen vat lieu 1', 195, '10', '1950', NULL),
(178, 97, 70, 4, 'Thép tấm', 30, '20', '600', NULL),
(179, 97, 70, 2, 'Bao trắng', 30, '3', '90', NULL),
(180, 100, 70, 4, 'Thép tấm', 30, '2', '60', NULL),
(181, 100, 70, 2, 'Bao trắng', 30, '3', '90', NULL),
(182, 100, 71, 2, 'Bao trắng', 20, '3', '60', NULL),
(183, 100, 71, 4, 'Thép tấm', 20, '4', '80', NULL),
(184, 93, 70, 4, 'Thép tấm', 40, '10000', '400000', NULL),
(185, 93, 70, 3, 'Sơn xanh', 40, '100000', '4000000', NULL),
(186, 101, 70, 4, 'Thép tấm', 400, '1', '400', NULL),
(187, 101, 71, 2, 'Bao trắng', 300, '2', '600', NULL),
(188, 101, 71, 4, 'Thép tấm', 300, '1', '300', NULL);

-- --------------------------------------------------------

--
-- Cấu trúc bảng cho bảng `sma_migrations`
--

CREATE TABLE `sma_migrations` (
  `version` bigint(20) NOT NULL
) ENGINE=InnoDB DEFAULT CHARSET=utf8;

--
-- Đang đổ dữ liệu cho bảng `sma_migrations`
--

INSERT INTO `sma_migrations` (`version`) VALUES
(306);

-- --------------------------------------------------------

--
-- Cấu trúc bảng cho bảng `sma_notifications`
--

CREATE TABLE `sma_notifications` (
  `id` int(11) NOT NULL,
  `comment` text NOT NULL,
  `date` timestamp NOT NULL DEFAULT CURRENT_TIMESTAMP,
  `from_date` datetime DEFAULT NULL,
  `till_date` datetime DEFAULT NULL,
  `scope` tinyint(1) NOT NULL DEFAULT '3'
) ENGINE=InnoDB DEFAULT CHARSET=utf8;

--
-- Đang đổ dữ liệu cho bảng `sma_notifications`
--

INSERT INTO `sma_notifications` (`id`, `comment`, `date`, `from_date`, `till_date`, `scope`) VALUES
(1, '<p>Thank you for purchasing Stock Manager Advance.</p>', '2014-08-15 10:00:57', '2015-01-01 00:00:00', '2017-01-01 00:00:00', 3);

-- --------------------------------------------------------

--
-- Cấu trúc bảng cho bảng `sma_order_ref`
--

CREATE TABLE `sma_order_ref` (
  `ref_id` int(11) NOT NULL,
  `date` date NOT NULL,
  `so` int(11) NOT NULL DEFAULT '1',
  `qu` int(11) NOT NULL DEFAULT '1',
  `po` int(11) NOT NULL DEFAULT '1',
  `to` int(11) NOT NULL DEFAULT '1',
  `pos` int(11) NOT NULL DEFAULT '1',
  `do` int(11) NOT NULL DEFAULT '1',
  `pay` int(11) NOT NULL DEFAULT '1',
  `re` int(11) NOT NULL DEFAULT '1',
  `ex` int(11) NOT NULL DEFAULT '1',
  `prod` int(11) DEFAULT '0'
) ENGINE=InnoDB DEFAULT CHARSET=utf8;

--
-- Đang đổ dữ liệu cho bảng `sma_order_ref`
--

INSERT INTO `sma_order_ref` (`ref_id`, `date`, `so`, `qu`, `po`, `to`, `pos`, `do`, `pay`, `re`, `ex`, `prod`) VALUES
(1, '2015-03-01', 3, 1, 101, 1, 9, 1, 14, 58, 1, 2);

-- --------------------------------------------------------

--
-- Cấu trúc bảng cho bảng `sma_payments`
--

CREATE TABLE `sma_payments` (
  `id` int(11) NOT NULL,
  `date` timestamp NULL DEFAULT CURRENT_TIMESTAMP,
  `sale_id` int(11) DEFAULT NULL,
  `return_id` int(11) DEFAULT NULL,
  `purchase_id` int(11) DEFAULT NULL,
  `reference_no` varchar(50) NOT NULL,
  `transaction_id` varchar(50) DEFAULT NULL,
  `paid_by` varchar(20) NOT NULL,
  `cheque_no` varchar(20) DEFAULT NULL,
  `cc_no` varchar(20) DEFAULT NULL,
  `cc_holder` varchar(25) DEFAULT NULL,
  `cc_month` varchar(2) DEFAULT NULL,
  `cc_year` varchar(4) DEFAULT NULL,
  `cc_type` varchar(20) DEFAULT NULL,
  `amount` decimal(25,4) NOT NULL,
  `currency` varchar(3) DEFAULT NULL,
  `created_by` int(11) NOT NULL,
  `attachment` varchar(55) DEFAULT NULL,
  `type` varchar(20) NOT NULL,
  `note` varchar(1000) DEFAULT NULL,
  `pos_paid` decimal(25,4) DEFAULT '0.0000',
  `pos_balance` decimal(25,4) DEFAULT '0.0000'
) ENGINE=InnoDB DEFAULT CHARSET=utf8;

--
-- Đang đổ dữ liệu cho bảng `sma_payments`
--

INSERT INTO `sma_payments` (`id`, `date`, `sale_id`, `return_id`, `purchase_id`, `reference_no`, `transaction_id`, `paid_by`, `cheque_no`, `cc_no`, `cc_holder`, `cc_month`, `cc_year`, `cc_type`, `amount`, `currency`, `created_by`, `attachment`, `type`, `note`, `pos_paid`, `pos_balance`) VALUES
(1, '2017-03-21 19:04:22', 1, NULL, NULL, 'IPAY/2017/03/0001', NULL, 'cash', '', '', '', '', '', '', '52000.0000', NULL, 1, NULL, 'received', '', '52000.0000', '0.0000'),
(2, '2017-03-23 21:23:28', 2, NULL, NULL, 'IPAY/2017/03/0003', NULL, 'cash', '', '', '', '', '', '', '109000.0000', NULL, 1, NULL, 'received', '', '218000.0000', '109000.0000'),
(3, '2017-03-23 20:38:00', 4, NULL, NULL, 'IPAY/2017/03/0005', NULL, 'cash', '', '', '', '', '', 'Visa', '515000.0000', NULL, 1, NULL, 'received', '', '0.0000', '0.0000'),
(4, '2017-04-09 20:55:13', 5, NULL, NULL, 'IPAY/2017/04/0006', NULL, 'cash', '', '', '', '', '', '', '270000.0000', NULL, 1, NULL, 'received', '', '817650.0000', '547650.0000'),
(5, '2017-04-09 21:01:18', 6, NULL, NULL, 'IPAY/2017/04/0008', NULL, 'cash', '', '', '', '', '', '', '240000.0000', NULL, 1, NULL, 'received', '', '5000000.0000', '4760000.0000'),
(6, '2017-04-09 21:08:16', 9, NULL, NULL, 'IPAY/2017/04/0010', NULL, 'cash', '', '', '', '', '', '', '60000.0000', NULL, 1, NULL, 'received', '', '65000.0000', '5000.0000'),
(7, '2017-04-09 21:10:32', 10, NULL, NULL, 'IPAY/2017/04/0012', NULL, 'cash', '', '', '', '', '', '', '33000.0000', NULL, 1, NULL, 'received', '', '65000.0000', '32000.0000');

-- --------------------------------------------------------

--
-- Cấu trúc bảng cho bảng `sma_payments_new`
--

CREATE TABLE `sma_payments_new` (
  `id` int(10) UNSIGNED NOT NULL,
  `production_id` int(11) NOT NULL,
  `amount` decimal(25,2) NOT NULL,
  `date` date NOT NULL,
  `paid_by` varchar(20) CHARACTER SET utf8 NOT NULL,
  `note` text CHARACTER SET utf8 NOT NULL
) ENGINE=InnoDB DEFAULT CHARSET=latin1;

--
-- Đang đổ dữ liệu cho bảng `sma_payments_new`
--

INSERT INTO `sma_payments_new` (`id`, `production_id`, `amount`, `date`, `paid_by`, `note`) VALUES
(1, 95, '1000.00', '2017-09-26', 'CC', 'xczxczxc'),
(6, 95, '10000.00', '2017-09-26', 'CC', 'cccccc'),
(8, 95, '2220.00', '2017-09-26', 'cash', 'xzcxc'),
(9, 95, '2220.00', '2017-09-26', 'cash', 'áda'),
(10, 95, '1.00', '2017-09-26', 'cash', '12'),
(11, 95, '1.00', '2017-09-26', 'cash', '12'),
(12, 95, '1.00', '2017-09-26', 'cash', '12'),
(13, 95, '1.00', '2017-09-26', 'cash', '12'),
(16, 95, '2220.00', '2017-09-26', 'cash', 'đáaa'),
(17, 95, '22220.00', '2017-09-26', 'cash', 'áđá'),
(18, 95, '20.00', '2017-09-26', 'cash', 'cccc'),
(19, 95, '20.00', '2017-09-26', 'cash', 'cccc'),
(20, 95, '20.00', '2017-09-26', 'cash', 'cccc'),
(29, 96, '25000000.00', '2017-09-26', 'cash', 'Zxzxczxc'),
(30, 95, '10000.00', '2017-09-26', 'cash', 'zxczxc'),
(31, 95, '100000.00', '2017-09-26', 'cash', 'zxczxc'),
(32, 95, '15000.00', '2017-09-26', 'cash', 'zxczxc'),
(33, 96, '20000000.00', '2017-09-26', 'cash', 'ghjghj'),
(34, 96, '40000000.00', '2017-09-26', 'cash', 'ggg');

-- --------------------------------------------------------

--
-- Cấu trúc bảng cho bảng `sma_paypal`
--

CREATE TABLE `sma_paypal` (
  `id` int(11) NOT NULL,
  `active` tinyint(4) NOT NULL,
  `account_email` varchar(255) NOT NULL,
  `paypal_currency` varchar(3) NOT NULL DEFAULT 'USD',
  `fixed_charges` decimal(25,4) NOT NULL DEFAULT '2.0000',
  `extra_charges_my` decimal(25,4) NOT NULL DEFAULT '3.9000',
  `extra_charges_other` decimal(25,4) NOT NULL DEFAULT '4.4000'
) ENGINE=InnoDB DEFAULT CHARSET=utf8;

--
-- Đang đổ dữ liệu cho bảng `sma_paypal`
--

INSERT INTO `sma_paypal` (`id`, `active`, `account_email`, `paypal_currency`, `fixed_charges`, `extra_charges_my`, `extra_charges_other`) VALUES
(1, 1, 'mypaypal@paypal.com', 'USD', '0.0000', '0.0000', '0.0000');

-- --------------------------------------------------------

--
-- Cấu trúc bảng cho bảng `sma_permissions`
--

CREATE TABLE `sma_permissions` (
  `id` int(11) NOT NULL,
  `group_id` int(11) NOT NULL,
  `products-index` tinyint(1) DEFAULT '0',
  `products-add` tinyint(1) DEFAULT '0',
  `products-edit` tinyint(1) DEFAULT '0',
  `products-delete` tinyint(1) DEFAULT '0',
  `products-cost` tinyint(1) DEFAULT '0',
  `products-price` tinyint(1) DEFAULT '0',
  `quotes-index` tinyint(1) DEFAULT '0',
  `quotes-add` tinyint(1) DEFAULT '0',
  `quotes-edit` tinyint(1) DEFAULT '0',
  `quotes-pdf` tinyint(1) DEFAULT '0',
  `quotes-email` tinyint(1) DEFAULT '0',
  `quotes-delete` tinyint(1) DEFAULT '0',
  `sales-index` tinyint(1) DEFAULT '0',
  `sales-add` tinyint(1) DEFAULT '0',
  `sales-edit` tinyint(1) DEFAULT '0',
  `sales-pdf` tinyint(1) DEFAULT '0',
  `sales-email` tinyint(1) DEFAULT '0',
  `sales-delete` tinyint(1) DEFAULT '0',
  `purchases-index` tinyint(1) DEFAULT '0',
  `purchases-add` tinyint(1) DEFAULT '0',
  `purchases-edit` tinyint(1) DEFAULT '0',
  `purchases-pdf` tinyint(1) DEFAULT '0',
  `purchases-email` tinyint(1) DEFAULT '0',
  `purchases-delete` tinyint(1) DEFAULT '0',
  `transfers-index` tinyint(1) DEFAULT '0',
  `transfers-add` tinyint(1) DEFAULT '0',
  `transfers-edit` tinyint(1) DEFAULT '0',
  `transfers-pdf` tinyint(1) DEFAULT '0',
  `transfers-email` tinyint(1) DEFAULT '0',
  `transfers-delete` tinyint(1) DEFAULT '0',
  `customers-index` tinyint(1) DEFAULT '0',
  `customers-add` tinyint(1) DEFAULT '0',
  `customers-edit` tinyint(1) DEFAULT '0',
  `customers-delete` tinyint(1) DEFAULT '0',
  `suppliers-index` tinyint(1) DEFAULT '0',
  `suppliers-add` tinyint(1) DEFAULT '0',
  `suppliers-edit` tinyint(1) DEFAULT '0',
  `suppliers-delete` tinyint(1) DEFAULT '0',
  `sales-deliveries` tinyint(1) DEFAULT '0',
  `sales-add_delivery` tinyint(1) DEFAULT '0',
  `sales-edit_delivery` tinyint(1) DEFAULT '0',
  `sales-delete_delivery` tinyint(1) DEFAULT '0',
  `sales-email_delivery` tinyint(1) DEFAULT '0',
  `sales-pdf_delivery` tinyint(1) DEFAULT '0',
  `sales-gift_cards` tinyint(1) DEFAULT '0',
  `sales-add_gift_card` tinyint(1) DEFAULT '0',
  `sales-edit_gift_card` tinyint(1) DEFAULT '0',
  `sales-delete_gift_card` tinyint(1) DEFAULT '0',
  `pos-index` tinyint(1) DEFAULT '0',
  `sales-return_sales` tinyint(1) DEFAULT '0',
  `reports-index` tinyint(1) DEFAULT '0',
  `reports-warehouse_stock` tinyint(1) DEFAULT '0',
  `reports-quantity_alerts` tinyint(1) DEFAULT '0',
  `reports-expiry_alerts` tinyint(1) DEFAULT '0',
  `reports-products` tinyint(1) DEFAULT '0',
  `reports-daily_sales` tinyint(1) DEFAULT '0',
  `reports-monthly_sales` tinyint(1) DEFAULT '0',
  `reports-sales` tinyint(1) DEFAULT '0',
  `reports-payments` tinyint(1) DEFAULT '0',
  `reports-purchases` tinyint(1) DEFAULT '0',
  `reports-profit_loss` tinyint(1) DEFAULT '0',
  `reports-customers` tinyint(1) DEFAULT '0',
  `reports-suppliers` tinyint(1) DEFAULT '0',
  `reports-staff` tinyint(1) DEFAULT '0',
  `reports-register` tinyint(1) DEFAULT '0',
  `sales-payments` tinyint(1) DEFAULT '0',
  `purchases-payments` tinyint(1) DEFAULT '0',
  `purchases-expenses` tinyint(1) DEFAULT '0'
) ENGINE=InnoDB DEFAULT CHARSET=utf8;

--
-- Đang đổ dữ liệu cho bảng `sma_permissions`
--

INSERT INTO `sma_permissions` (`id`, `group_id`, `products-index`, `products-add`, `products-edit`, `products-delete`, `products-cost`, `products-price`, `quotes-index`, `quotes-add`, `quotes-edit`, `quotes-pdf`, `quotes-email`, `quotes-delete`, `sales-index`, `sales-add`, `sales-edit`, `sales-pdf`, `sales-email`, `sales-delete`, `purchases-index`, `purchases-add`, `purchases-edit`, `purchases-pdf`, `purchases-email`, `purchases-delete`, `transfers-index`, `transfers-add`, `transfers-edit`, `transfers-pdf`, `transfers-email`, `transfers-delete`, `customers-index`, `customers-add`, `customers-edit`, `customers-delete`, `suppliers-index`, `suppliers-add`, `suppliers-edit`, `suppliers-delete`, `sales-deliveries`, `sales-add_delivery`, `sales-edit_delivery`, `sales-delete_delivery`, `sales-email_delivery`, `sales-pdf_delivery`, `sales-gift_cards`, `sales-add_gift_card`, `sales-edit_gift_card`, `sales-delete_gift_card`, `pos-index`, `sales-return_sales`, `reports-index`, `reports-warehouse_stock`, `reports-quantity_alerts`, `reports-expiry_alerts`, `reports-products`, `reports-daily_sales`, `reports-monthly_sales`, `reports-sales`, `reports-payments`, `reports-purchases`, `reports-profit_loss`, `reports-customers`, `reports-suppliers`, `reports-staff`, `reports-register`, `sales-payments`, `purchases-payments`, `purchases-expenses`) VALUES
(1, 5, 1, 0, 0, 0, 0, 0, 1, 1, 1, 1, 1, 0, 1, 1, 0, 1, 1, 0, 0, 0, 0, 0, 0, 0, 0, 0, 0, 0, 0, 0, 1, 1, 1, 0, 0, 0, 0, 0, 1, 1, 1, 0, 0, 1, 1, 1, 0, 0, 1, 0, 0, 0, 0, 0, 0, 0, 0, 0, 0, 0, 0, 0, 0, 0, 0, 0, 0, 0);

-- --------------------------------------------------------

--
-- Cấu trúc bảng cho bảng `sma_pos_register`
--

CREATE TABLE `sma_pos_register` (
  `id` int(11) NOT NULL,
  `date` timestamp NOT NULL DEFAULT CURRENT_TIMESTAMP,
  `user_id` int(11) NOT NULL,
  `cash_in_hand` decimal(25,4) NOT NULL,
  `status` varchar(10) NOT NULL,
  `total_cash` decimal(25,4) DEFAULT NULL,
  `total_cheques` int(11) DEFAULT NULL,
  `total_cc_slips` int(11) DEFAULT NULL,
  `total_cash_submitted` decimal(25,4) NOT NULL,
  `total_cheques_submitted` int(11) NOT NULL,
  `total_cc_slips_submitted` int(11) NOT NULL,
  `note` text,
  `closed_at` timestamp NULL DEFAULT NULL,
  `transfer_opened_bills` varchar(50) DEFAULT NULL,
  `closed_by` int(11) DEFAULT NULL
) ENGINE=InnoDB DEFAULT CHARSET=utf8;

--
-- Đang đổ dữ liệu cho bảng `sma_pos_register`
--

INSERT INTO `sma_pos_register` (`id`, `date`, `user_id`, `cash_in_hand`, `status`, `total_cash`, `total_cheques`, `total_cc_slips`, `total_cash_submitted`, `total_cheques_submitted`, `total_cc_slips_submitted`, `note`, `closed_at`, `transfer_opened_bills`, `closed_by`) VALUES
(1, '2017-03-19 05:20:11', 1, '1222.0000', 'open', NULL, NULL, NULL, '0.0000', 0, 0, NULL, NULL, NULL, NULL);

-- --------------------------------------------------------

--
-- Cấu trúc bảng cho bảng `sma_pos_settings`
--

CREATE TABLE `sma_pos_settings` (
  `pos_id` int(1) NOT NULL,
  `cat_limit` int(11) NOT NULL,
  `pro_limit` int(11) NOT NULL,
  `default_category` int(11) NOT NULL,
  `default_customer` int(11) NOT NULL,
  `default_biller` int(11) NOT NULL,
  `display_time` varchar(3) NOT NULL DEFAULT 'yes',
  `cf_title1` varchar(255) DEFAULT NULL,
  `cf_title2` varchar(255) DEFAULT NULL,
  `cf_value1` varchar(255) DEFAULT NULL,
  `cf_value2` varchar(255) DEFAULT NULL,
  `receipt_printer` varchar(55) DEFAULT NULL,
  `cash_drawer_codes` varchar(55) DEFAULT NULL,
  `focus_add_item` varchar(55) DEFAULT NULL,
  `add_manual_product` varchar(55) DEFAULT NULL,
  `customer_selection` varchar(55) DEFAULT NULL,
  `add_customer` varchar(55) DEFAULT NULL,
  `toggle_category_slider` varchar(55) DEFAULT NULL,
  `toggle_subcategory_slider` varchar(55) DEFAULT NULL,
  `cancel_sale` varchar(55) DEFAULT NULL,
  `suspend_sale` varchar(55) DEFAULT NULL,
  `print_items_list` varchar(55) DEFAULT NULL,
  `finalize_sale` varchar(55) DEFAULT NULL,
  `today_sale` varchar(55) DEFAULT NULL,
  `open_hold_bills` varchar(55) DEFAULT NULL,
  `close_register` varchar(55) DEFAULT NULL,
  `keyboard` tinyint(1) NOT NULL,
  `pos_printers` varchar(255) DEFAULT NULL,
  `java_applet` tinyint(1) NOT NULL,
  `product_button_color` varchar(20) NOT NULL DEFAULT 'default',
  `tooltips` tinyint(1) DEFAULT '1',
  `paypal_pro` tinyint(1) DEFAULT '0',
  `stripe` tinyint(1) DEFAULT '0',
  `rounding` tinyint(1) DEFAULT '0',
  `char_per_line` tinyint(4) DEFAULT '42',
  `pin_code` varchar(20) DEFAULT NULL,
  `purchase_code` varchar(100) DEFAULT 'purchase_code',
  `envato_username` varchar(50) DEFAULT 'envato_username',
  `version` varchar(10) DEFAULT '3.0.1.13'
) ENGINE=InnoDB DEFAULT CHARSET=utf8;

--
-- Đang đổ dữ liệu cho bảng `sma_pos_settings`
--

INSERT INTO `sma_pos_settings` (`pos_id`, `cat_limit`, `pro_limit`, `default_category`, `default_customer`, `default_biller`, `display_time`, `cf_title1`, `cf_title2`, `cf_value1`, `cf_value2`, `receipt_printer`, `cash_drawer_codes`, `focus_add_item`, `add_manual_product`, `customer_selection`, `add_customer`, `toggle_category_slider`, `toggle_subcategory_slider`, `cancel_sale`, `suspend_sale`, `print_items_list`, `finalize_sale`, `today_sale`, `open_hold_bills`, `close_register`, `keyboard`, `pos_printers`, `java_applet`, `product_button_color`, `tooltips`, `paypal_pro`, `stripe`, `rounding`, `char_per_line`, `pin_code`, `purchase_code`, `envato_username`, `version`) VALUES
(1, 22, 20, 1, 1, 3, '1', 'GST Reg', 'VAT Reg', '123456789', '987654321', 'BIXOLON SRP-350II', 'x1C', 'Ctrl+F3', 'Ctrl+Shift+M', 'Ctrl+Shift+C', 'Ctrl+Shift+A', 'Ctrl+F11', 'Ctrl+F12', 'F4', 'F7', 'F9', 'F8', 'Ctrl+F1', 'Ctrl+F2', 'Ctrl+F10', 1, 'BIXOLON SRP-350II, BIXOLON SRP-350II', 0, 'default', 1, 0, 0, 0, 42, NULL, 'purchase_code', 'envato_username', '3.0.1.13');

-- --------------------------------------------------------

--
-- Cấu trúc bảng cho bảng `sma_productions`
--

CREATE TABLE `sma_productions` (
  `id` int(11) NOT NULL,
  `date` date DEFAULT NULL,
  `reference_no` varchar(55) DEFAULT NULL,
  `customer_id` int(11) DEFAULT NULL,
  `customer` varchar(55) DEFAULT NULL,
  `biller_id` int(11) DEFAULT NULL,
  `biller` varchar(55) DEFAULT NULL,
  `warehouse_id` int(11) DEFAULT NULL,
  `note` varchar(1000) DEFAULT NULL,
  `staff_note` varchar(1000) DEFAULT NULL,
  `total` decimal(25,4) DEFAULT NULL,
  `product_discount` decimal(25,4) DEFAULT '0.0000',
  `order_discount_id` varchar(20) DEFAULT NULL,
  `total_discount` decimal(25,4) DEFAULT '0.0000',
  `order_discount` decimal(25,4) DEFAULT '0.0000',
  `product_tax` decimal(25,4) DEFAULT '0.0000',
  `order_tax_id` int(11) DEFAULT NULL,
  `order_tax` decimal(25,4) DEFAULT '0.0000',
  `total_tax` decimal(25,4) DEFAULT '0.0000',
  `shipping` decimal(25,4) DEFAULT '0.0000',
  `grand_total` decimal(25,4) DEFAULT NULL,
  `sale_status` varchar(20) DEFAULT NULL,
  `payment_status` int(10) NOT NULL DEFAULT '0',
  `payment_term` int(4) DEFAULT NULL,
  `due_date` date DEFAULT NULL,
  `created_by` int(11) DEFAULT NULL,
  `updated_by` int(11) DEFAULT NULL,
  `updated_at` timestamp NULL DEFAULT NULL,
  `total_items` tinyint(4) DEFAULT NULL,
  `pos` tinyint(1) DEFAULT '0',
  `paid` decimal(25,4) DEFAULT '0.0000',
  `return_id` int(11) DEFAULT NULL,
  `surcharge` decimal(25,4) DEFAULT '0.0000',
  `attachment` varchar(55) DEFAULT NULL,
  `working` varchar(255) DEFAULT NULL,
  `delivery_mode` tinyint(4) DEFAULT '1',
  `created_at` date NOT NULL
) ENGINE=InnoDB DEFAULT CHARSET=utf8;

--
-- Đang đổ dữ liệu cho bảng `sma_productions`
--

INSERT INTO `sma_productions` (`id`, `date`, `reference_no`, `customer_id`, `customer`, `biller_id`, `biller`, `warehouse_id`, `note`, `staff_note`, `total`, `product_discount`, `order_discount_id`, `total_discount`, `order_discount`, `product_tax`, `order_tax_id`, `order_tax`, `total_tax`, `shipping`, `grand_total`, `sale_status`, `payment_status`, `payment_term`, `due_date`, `created_by`, `updated_by`, `updated_at`, `total_items`, `pos`, `paid`, `return_id`, `surcharge`, `attachment`, `working`, `delivery_mode`, `created_at`) VALUES
(57, '2017-09-21', 'PO/01', 1, 'Walk-in Customer', NULL, NULL, NULL, '', '', '0.0000', '0.0000', NULL, '0.0000', '0.0000', '0.0000', NULL, '0.0000', '0.0000', '0.0000', '0.0000', 'pending', 0, NULL, '2017-09-28', 1, NULL, NULL, 127, 0, '0.0000', NULL, '0.0000', NULL, '', 1, '2017-09-21'),
(59, '2017-09-21', '2123', 1, 'Walk-in Customer', NULL, NULL, NULL, '', '', '0.0000', '0.0000', NULL, '0.0000', '0.0000', '0.0000', NULL, '0.0000', '0.0000', '0.0000', '0.0000', 'cancel', 0, NULL, '2017-09-28', 1, NULL, NULL, 3, 0, '0.0000', NULL, '0.0000', NULL, '', 1, '2017-09-21'),
(60, '2017-09-21', 'tt', 1, 'Walk-in Customer', NULL, NULL, NULL, '', '', '0.0000', '0.0000', NULL, '0.0000', '0.0000', '0.0000', NULL, '0.0000', '0.0000', '0.0000', '0.0000', 'pending', 0, NULL, '2017-09-28', 1, NULL, NULL, 3, 0, '0.0000', NULL, '0.0000', NULL, '', 1, '2017-09-21'),
(61, '2017-09-21', 'BO1', 1, 'Walk-in Customer', NULL, NULL, NULL, '', '', '0.0000', '0.0000', NULL, '0.0000', '0.0000', '0.0000', NULL, '0.0000', '0.0000', '0.0000', '0.0000', 'completed', 0, NULL, '2017-09-28', 1, NULL, NULL, 127, 0, '0.0000', NULL, '0.0000', NULL, 'BO1', 1, '2017-09-21'),
(62, '2017-09-22', 'BO/02', 1, 'Walk-in Customer', NULL, NULL, NULL, '', '', '0.0000', '0.0000', NULL, '0.0000', '0.0000', '0.0000', NULL, '0.0000', '0.0000', '0.0000', '0.0000', 'pending', 0, NULL, '2017-09-29', 1, NULL, NULL, 127, 0, '0.0000', NULL, '0.0000', NULL, 'Xưởng cơ khí', 1, '2017-09-22'),
(87, '2017-09-23', 'POA', 1, 'Walk-in Customer', NULL, NULL, NULL, '', '', '0.0000', '0.0000', NULL, '0.0000', '0.0000', '0.0000', NULL, '0.0000', '0.0000', '0.0000', '0.0000', 'pending', 0, NULL, '2017-09-30', 1, 1, '2017-09-23 03:56:57', NULL, 0, '0.0000', NULL, '0.0000', NULL, 'Xưởng cơ khí', 1, '2017-09-23'),
(93, '2017-09-25', 'PO6', 1, 'Walk-in Customer', NULL, NULL, NULL, '', '', '0.0000', '0.0000', NULL, '0.0000', '0.0000', '0.0000', NULL, '0.0000', '0.0000', '0.0000', '0.0000', 'pending', 0, NULL, '2017-10-02', 1, NULL, NULL, 4, 0, '0.0000', NULL, '0.0000', NULL, 'Xưởng cơ khí', 1, '2017-09-25'),
(95, '2017-09-25', 'POAAAA', 1, 'Walk-in Customer', NULL, NULL, NULL, '', '', '0.0000', '0.0000', NULL, '0.0000', '0.0000', '0.0000', NULL, '0.0000', '0.0000', '0.0000', '850000.0000', 'pending', 0, NULL, '2017-10-02', 1, NULL, NULL, 4, 0, '0.0000', NULL, '0.0000', NULL, 'Xưởng cơ khí', 1, '2017-09-25'),
(96, '2017-09-26', 'PO7', 1, 'Walk-in Customer', NULL, NULL, NULL, '', '', '0.0000', '0.0000', NULL, '0.0000', '0.0000', '0.0000', NULL, '0.0000', '0.0000', '0.0000', '70370000.0000', 'pending', 1, NULL, '2017-10-03', 1, NULL, NULL, 9, 0, '0.0000', NULL, '0.0000', NULL, 'Xưởng cơ khí', 1, '2017-09-26'),
(100, '2017-09-27', 'PO9', 1, 'Walk-in Customer', NULL, NULL, NULL, '', '', '0.0000', '0.0000', NULL, '0.0000', '0.0000', '0.0000', NULL, '0.0000', '0.0000', '0.0000', '810000.0000', 'pending', 0, NULL, '2017-10-04', 1, NULL, NULL, 3, 0, '0.0000', NULL, '0.0000', NULL, 'Xưởng cơ khí', 1, '2017-09-27'),
(101, '2017-09-30', 'PO10', 1, 'Walk-in Customer', NULL, NULL, NULL, '', '', '0.0000', '0.0000', NULL, '0.0000', '0.0000', '0.0000', NULL, '0.0000', '0.0000', '0.0000', '2010000000.0000', 'not_start', 0, NULL, '2017-10-07', 1, NULL, NULL, 3, 0, '0.0000', NULL, '0.0000', NULL, 'Xưởng cơ khí', 1, '2017-09-30'),
(102, '2017-10-03', '45', 1, 'Walk-in Customer', NULL, NULL, NULL, '', '', '0.0000', '0.0000', NULL, '0.0000', '0.0000', '0.0000', NULL, '0.0000', '0.0000', '0.0000', '5000.0000', 'not_start', 0, NULL, '2017-10-10', 1, NULL, NULL, 1, 0, '0.0000', NULL, '0.0000', NULL, '45', 1, '2017-10-03');

-- --------------------------------------------------------

--
-- Cấu trúc bảng cho bảng `sma_production_deliveries`
--

CREATE TABLE `sma_production_deliveries` (
  `id` int(11) NOT NULL,
  `production_id` int(11) DEFAULT NULL,
  `delivery_date_start` date DEFAULT NULL,
  `delivery_date_end` date DEFAULT NULL,
  `delivery_percent` decimal(25,0) DEFAULT NULL,
  `note` varchar(255) DEFAULT NULL,
  `delivery_status` int(10) NOT NULL DEFAULT '0'
) ENGINE=InnoDB DEFAULT CHARSET=latin1;

--
-- Đang đổ dữ liệu cho bảng `sma_production_deliveries`
--

INSERT INTO `sma_production_deliveries` (`id`, `production_id`, `delivery_date_start`, `delivery_date_end`, `delivery_percent`, `note`, `delivery_status`) VALUES
(82, 39, '2017-09-14', '2017-09-21', '100', NULL, 0),
(83, 40, '2017-09-14', '2017-09-21', '100', NULL, 0),
(85, 41, '0000-00-00', '0000-00-00', '2', NULL, 0),
(86, 41, '0000-00-00', '0000-00-00', '2', NULL, 0),
(87, 42, '2017-09-14', '2017-09-21', '100', NULL, 0),
(88, 43, '2017-09-15', '2017-09-22', '100', NULL, 0),
(89, 44, '2017-09-15', '2017-09-22', '100', NULL, 0),
(90, 45, '2017-09-15', '2017-09-22', '100', NULL, 0),
(91, 46, '2017-09-15', '2017-09-22', '100', NULL, 0),
(92, 47, '2017-09-15', '2017-09-22', '100', NULL, 0),
(93, 48, '2017-09-16', '2017-09-23', '100', NULL, 0),
(94, 49, '2017-09-18', '2017-09-25', '20', NULL, 0),
(95, 49, '2017-09-20', '2017-09-24', '80', NULL, 0),
(96, 50, '2017-09-18', '2017-09-25', '100', NULL, 0),
(97, 51, '2017-09-18', '2017-09-25', '100', NULL, 0),
(98, 52, '2017-09-19', '2017-09-26', '100', NULL, 0),
(99, 53, '2017-09-20', '2017-09-27', '100', NULL, 0),
(103, 54, '0000-00-00', '0000-00-00', '2', NULL, 0),
(104, 1, '0000-00-00', '0000-00-00', '2', NULL, 0),
(105, 55, '2017-09-21', '2017-09-28', '100', NULL, 0),
(106, 56, '2017-09-21', '2017-09-28', '100', NULL, 0),
(107, 57, '2017-09-21', '2017-09-28', '100', NULL, 0),
(108, 58, '2017-09-21', '2017-09-28', '100', NULL, 0),
(109, 59, '2017-09-21', '2017-09-28', '100', NULL, 0),
(110, 60, '2017-09-21', '2017-09-28', '100', NULL, 0),
(111, 61, '2017-09-21', '2017-09-28', '100', NULL, 0),
(112, 62, '2017-09-22', '2017-09-29', '100', NULL, 0),
(113, 63, '2017-09-22', '2017-09-29', '100', NULL, 0),
(114, 64, '2017-09-22', '2017-09-29', '100', NULL, 0),
(115, 65, '2017-09-22', '2017-09-29', '100', NULL, 0),
(137, 87, '2017-09-23', '2017-09-30', '100', NULL, 0),
(143, 93, '2017-09-25', '2017-10-02', '100', NULL, 0),
(145, 95, '2017-09-25', '2017-10-02', '100', NULL, 0),
(146, 96, '2017-09-26', '2017-10-03', '100', NULL, 1),
(151, 100, '2017-09-27', '2017-10-04', '100', NULL, 0),
(152, 101, '2017-09-30', '2017-10-07', '100', NULL, 0),
(153, 102, '2017-10-03', '2017-10-10', '100', NULL, 0);

-- --------------------------------------------------------

--
-- Cấu trúc bảng cho bảng `sma_production_items`
--

CREATE TABLE `sma_production_items` (
  `id` int(11) NOT NULL,
  `sale_id` int(11) UNSIGNED DEFAULT NULL,
  `product_id` int(11) UNSIGNED DEFAULT NULL,
  `employees` varchar(255) DEFAULT NULL,
  `product_code` varchar(55) DEFAULT NULL,
  `product_name` varchar(255) DEFAULT NULL,
  `product_type` varchar(20) DEFAULT NULL,
  `option_id` int(11) DEFAULT NULL,
  `net_unit_price` decimal(25,4) DEFAULT NULL,
  `unit_price` decimal(25,4) DEFAULT NULL,
  `quantity` decimal(15,4) DEFAULT NULL,
  `balance_quantity` decimal(15,4) DEFAULT NULL,
  `status` varchar(50) DEFAULT 'pending',
  `warehouse_id` int(11) DEFAULT NULL,
  `item_tax` decimal(25,4) DEFAULT NULL,
  `tax_rate_id` int(11) DEFAULT NULL,
  `tax` varchar(55) DEFAULT NULL,
  `discount` varchar(55) DEFAULT NULL,
  `item_discount` decimal(25,4) DEFAULT NULL,
  `subtotal` decimal(25,4) DEFAULT NULL,
  `serial_no` varchar(255) DEFAULT NULL,
  `real_unit_price` decimal(25,4) DEFAULT NULL
) ENGINE=InnoDB DEFAULT CHARSET=utf8;

--
-- Đang đổ dữ liệu cho bảng `sma_production_items`
--

INSERT INTO `sma_production_items` (`id`, `sale_id`, `product_id`, `employees`, `product_code`, `product_name`, `product_type`, `option_id`, `net_unit_price`, `unit_price`, `quantity`, `balance_quantity`, `status`, `warehouse_id`, `item_tax`, `tax_rate_id`, `tax`, `discount`, `item_discount`, `subtotal`, `serial_no`, `real_unit_price`) VALUES
(132, 20, 29, '', 'N122-30 (ND)', 'Đế trụ', 'null', NULL, '1000.0000', '1000.0000', '100.0000', NULL, 'completed', 1, '0.0000', 0, '', NULL, '0.0000', '100000.0000', '', '1000.0000'),
(133, 20, 30, '', 'XACAP', 'Xà đỡ cáp ngầm', 'null', NULL, '500.0000', '500.0000', '100.0000', NULL, 'completed', 1, '0.0000', 0, '', NULL, '0.0000', '50000.0000', '', '500.0000'),
(134, 21, 31, '', 'PLASMA', 'Gia công bệ máy Plasma', 'null', NULL, '10000.0000', '10000.0000', '100.0000', NULL, 'pending', 1, '0.0000', 0, '', NULL, '0.0000', '1000000.0000', '', '10000.0000'),
(137, 23, 35, '', '321123', 'Ghế', 'null', 0, '1000.0000', '1000.0000', '1.0000', NULL, 'pending', 1, '0.0000', 0, '', NULL, '0.0000', '1000.0000', '', '1000.0000'),
(138, 24, 41, '', 'C3-01222', 'Bàn 2', 'null', NULL, '10000.0000', '10000.0000', '1.0000', NULL, 'pending', 1, '0.0000', 0, '', NULL, '0.0000', '10000.0000', '', '10000.0000'),
(139, 25, 42, '', 'C223231', 'Bàn Gỗ 3', 'null', NULL, '11000.0000', '11000.0000', '1.0000', NULL, 'pending', 1, '0.0000', 0, '', NULL, '0.0000', '11000.0000', '', '11000.0000'),
(140, 26, 30, '', 'XACAP', 'Xà đỡ cáp ngầm', 'null', NULL, '500.0000', '500.0000', '1.0000', NULL, 'pending', 1, '0.0000', 0, '', NULL, '0.0000', '500.0000', '', '500.0000'),
(142, 27, 37, '', '99999', 'Bàn Cao Cấp', 'null', 0, '10000.0000', '10000.0000', '1.0000', NULL, 'pending', NULL, '0.0000', 0, '', NULL, '0.0000', '10000.0000', '', '10000.0000'),
(145, 22, 34, '', '123', '123', 'null', 0, '12.0000', '12.0000', '10.0000', NULL, 'pending', NULL, '0.0000', 0, '', NULL, '0.0000', '120.0000', '', '12.0000'),
(156, 28, 30, '', 'XACAP', 'Xà đỡ cáp ngầm', 'null', 0, '500.0000', '500.0000', '1.0000', NULL, 'pending', NULL, '0.0000', 0, '', NULL, '0.0000', '500.0000', '', '500.0000'),
(157, 28, 32, '', 'I25*3*5', 'Lưới Grating I25*3*5', 'null', 0, '5000000.0000', '5000000.0000', '1.0000', NULL, 'pending', NULL, '0.0000', 0, '', NULL, '0.0000', '5000000.0000', '', '5000000.0000'),
(158, 28, 35, '', '321123', 'Ghế', 'null', 0, '1000.0000', '1000.0000', '1.0000', NULL, 'pending', NULL, '0.0000', 0, '', NULL, '0.0000', '1000.0000', '', '1000.0000'),
(159, 28, 36, '', '5231', 'Bàn', 'null', 0, '10000.0000', '10000.0000', '1.0000', NULL, 'pending', NULL, '0.0000', 0, '', NULL, '0.0000', '10000.0000', '', '10000.0000'),
(160, 28, 37, '', '99999', 'Bàn Cao Cấp', 'null', 0, '10000.0000', '10000.0000', '1.0000', NULL, 'pending', NULL, '0.0000', 0, '', NULL, '0.0000', '10000.0000', '', '10000.0000'),
(161, 28, 38, '', '11111', 'SP1', 'null', 0, '10000.0000', '10000.0000', '1.0000', NULL, 'pending', NULL, '0.0000', 0, '', NULL, '0.0000', '10000.0000', '', '10000.0000'),
(162, 28, 39, '', 'C222', 'SP2', 'null', 0, '10000.0000', '10000.0000', '1.0000', NULL, 'pending', NULL, '0.0000', 0, '', NULL, '0.0000', '10000.0000', '', '10000.0000'),
(163, 28, 40, '', 'C233', 'SP3', 'null', 0, '10000.0000', '10000.0000', '1.0000', NULL, 'pending', NULL, '0.0000', 0, '', NULL, '0.0000', '10000.0000', '', '10000.0000'),
(164, 28, 41, '', 'C3-01222', 'Bàn 2', 'null', 0, '10000.0000', '10000.0000', '1.0000', NULL, 'pending', NULL, '0.0000', 0, '', NULL, '0.0000', '10000.0000', '', '10000.0000'),
(165, 28, 42, '', 'C223231', 'Bàn Gỗ 3', 'null', 0, '11000.0000', '11000.0000', '1.0000', NULL, 'pending', NULL, '0.0000', 0, '', NULL, '0.0000', '11000.0000', '', '11000.0000'),
(166, 29, 30, '', 'XACAP', 'Xà đỡ cáp ngầm', 'null', NULL, '500.0000', '500.0000', '1.0000', NULL, 'pending', NULL, '0.0000', 0, '', NULL, '0.0000', '500.0000', '', '500.0000'),
(167, 29, 32, '', 'I25*3*5', 'Lưới Grating I25*3*5', 'null', NULL, '5000000.0000', '5000000.0000', '1.0000', NULL, 'pending', NULL, '0.0000', 0, '', NULL, '0.0000', '5000000.0000', '', '5000000.0000'),
(168, 29, 35, '', '321123', 'Ghế', 'null', NULL, '1000.0000', '1000.0000', '1.0000', NULL, 'pending', NULL, '0.0000', 0, '', NULL, '0.0000', '1000.0000', '', '1000.0000'),
(169, 29, 36, '', '5231', 'Bàn', 'null', NULL, '10000.0000', '10000.0000', '1.0000', NULL, 'pending', NULL, '0.0000', 0, '', NULL, '0.0000', '10000.0000', '', '10000.0000'),
(170, 29, 37, '', '99999', 'Bàn Cao Cấp', 'null', NULL, '10000.0000', '10000.0000', '1.0000', NULL, 'pending', NULL, '0.0000', 0, '', NULL, '0.0000', '10000.0000', '', '10000.0000'),
(171, 29, 38, '', '11111', 'SP1', 'null', NULL, '10000.0000', '10000.0000', '1.0000', NULL, 'pending', NULL, '0.0000', 0, '', NULL, '0.0000', '10000.0000', '', '10000.0000'),
(172, 29, 39, '', 'C222', 'SP2', 'null', NULL, '10000.0000', '10000.0000', '1.0000', NULL, 'pending', NULL, '0.0000', 0, '', NULL, '0.0000', '10000.0000', '', '10000.0000'),
(173, 29, 40, '', 'C233', 'SP3', 'null', NULL, '10000.0000', '10000.0000', '1.0000', NULL, 'pending', NULL, '0.0000', 0, '', NULL, '0.0000', '10000.0000', '', '10000.0000'),
(174, 29, 41, '', 'C3-01222', 'Bàn 2', 'null', NULL, '10000.0000', '10000.0000', '1.0000', NULL, 'pending', NULL, '0.0000', 0, '', NULL, '0.0000', '10000.0000', '', '10000.0000'),
(175, 29, 42, '', 'C223231', 'Bàn Gỗ 3', 'null', NULL, '11000.0000', '11000.0000', '1.0000', NULL, 'pending', NULL, '0.0000', 0, '', NULL, '0.0000', '11000.0000', '', '11000.0000'),
(176, 30, 42, '', 'C223231', 'Bàn Gỗ 3', 'null', NULL, '11000.0000', '11000.0000', '1.0000', NULL, 'pending', NULL, '0.0000', 0, '', NULL, '0.0000', '11000.0000', '', '11000.0000'),
(177, 31, 43, '', 'C3-021112', 'Bàn Gỗ 5', 'null', NULL, '10000.0000', '10000.0000', '1.0000', NULL, 'pending', NULL, '0.0000', 0, '', NULL, '0.0000', '10000.0000', '', '10000.0000'),
(178, 32, 42, '', 'C223231', 'Bàn Gỗ 3', 'null', NULL, '11000.0000', '11000.0000', '1.0000', NULL, 'pending', NULL, '0.0000', 0, '', NULL, '0.0000', '11000.0000', '', '11000.0000'),
(179, 33, 31, '', 'PLASMA', 'Gia công bệ máy Plasma', 'null', NULL, '10000.0000', '10000.0000', '1.0000', NULL, 'pending', NULL, '0.0000', 0, '', NULL, '0.0000', '10000.0000', '', '10000.0000'),
(180, 37, 43, '', 'C3-021112', 'Bàn Gỗ 5', 'null', NULL, '10000.0000', '10000.0000', '1.0000', NULL, 'pending', NULL, '0.0000', 0, '', NULL, '0.0000', '10000.0000', '', '10000.0000'),
(181, 38, 36, '', '5231', 'Bàn', 'null', NULL, '10000.0000', '10000.0000', '1.0000', NULL, 'pending', NULL, '0.0000', 0, '', NULL, '0.0000', '10000.0000', '', '10000.0000'),
(182, 39, 31, '', 'PLASMA', 'Gia công bệ máy Plasma', 'null', NULL, '10000.0000', '10000.0000', '1.0000', NULL, 'pending', NULL, '0.0000', 0, '', NULL, '0.0000', '10000.0000', '', '10000.0000'),
(183, 40, 41, '', 'C3-01222', 'Bàn 2', 'null', NULL, '10000.0000', '10000.0000', '1.0000', NULL, 'pending', NULL, '0.0000', 0, '', NULL, '0.0000', '10000.0000', '', '10000.0000'),
(186, 41, 43, '', 'C3-021112', 'Bàn Gỗ 5', 'null', 0, '10000.0000', '10000.0000', '1.0000', NULL, 'pending', NULL, '0.0000', 0, '', NULL, '0.0000', '10000.0000', '', '10000.0000'),
(187, 42, 31, '', 'PLASMA', 'Gia công bệ máy Plasma', 'null', NULL, '10000.0000', '10000.0000', '1.0000', NULL, 'pending', NULL, '0.0000', 0, '', NULL, '0.0000', '10000.0000', '', '10000.0000'),
(188, 42, 39, '', 'C222', 'SP2', 'null', NULL, '10000.0000', '10000.0000', '1.0000', NULL, 'pending', NULL, '0.0000', 0, '', NULL, '0.0000', '10000.0000', '', '10000.0000'),
(189, 43, 37, '', '99999', 'Bàn Cao Cấp', 'null', NULL, '10000.0000', '10000.0000', '1.0000', NULL, 'pending', NULL, '0.0000', 0, '', NULL, '0.0000', '10000.0000', '', '10000.0000'),
(190, 43, 43, '', 'C3-021112', 'Bàn Gỗ 5', 'null', NULL, '10000.0000', '10000.0000', '1.0000', NULL, 'pending', NULL, '0.0000', 0, '', NULL, '0.0000', '10000.0000', '', '10000.0000'),
(191, 44, 31, '5,8', 'PLASMA', 'Gia công bệ máy Plasma', 'null', NULL, '10000.0000', '10000.0000', '1.0000', NULL, 'pending', NULL, '0.0000', 0, '', NULL, '0.0000', '10000.0000', '', '10000.0000'),
(192, 44, 41, '3,5', 'C3-01222', 'Bàn 2', 'null', NULL, '10000.0000', '10000.0000', '1.0000', NULL, 'pending', NULL, '0.0000', 0, '', NULL, '0.0000', '10000.0000', '', '10000.0000'),
(193, 45, 37, '5,8', '99999', 'Bàn Cao Cấp', 'null', NULL, '10000.0000', '10000.0000', '1.0000', NULL, 'pending', NULL, '0.0000', 0, '', NULL, '0.0000', '10000.0000', '', '10000.0000'),
(194, 45, 41, '3,5', 'C3-01222', 'Bàn 2', 'null', NULL, '10000.0000', '10000.0000', '1.0000', NULL, 'pending', NULL, '0.0000', 0, '', NULL, '0.0000', '10000.0000', '', '10000.0000'),
(195, 46, 31, '5,8', 'PLASMA', 'Gia công bệ máy Plasma', 'null', NULL, '10000.0000', '10000.0000', '1.0000', NULL, 'pending', NULL, '0.0000', 0, '', NULL, '0.0000', '10000.0000', '', '10000.0000'),
(196, 46, 37, '3,7', '99999', 'Bàn Cao Cấp', 'null', NULL, '10000.0000', '10000.0000', '1.0000', NULL, 'pending', NULL, '0.0000', 0, '', NULL, '0.0000', '10000.0000', '', '10000.0000'),
(197, 47, 36, '7,9', '5231', 'Bàn', 'null', NULL, '10000.0000', '10000.0000', '1.0000', NULL, 'pending', NULL, '0.0000', 0, '', NULL, '0.0000', '10000.0000', '', '10000.0000'),
(198, 47, 41, '3,7', 'C3-01222', 'Bàn 2', 'null', NULL, '10000.0000', '10000.0000', '1.0000', NULL, 'pending', NULL, '0.0000', 0, '', NULL, '0.0000', '10000.0000', '', '10000.0000'),
(199, 48, 31, '5,7', 'PLASMA', 'Gia công bệ máy Plasma', 'null', NULL, '10000.0000', '10000.0000', '3.0000', NULL, 'pending', NULL, '0.0000', 0, '', NULL, '0.0000', '10000.0000', '', '10000.0000'),
(200, 48, 37, '3,8', '99999', 'Bàn Cao Cấp', 'null', NULL, '10000.0000', '10000.0000', '1.0000', NULL, 'pending', NULL, '0.0000', 0, '', NULL, '0.0000', '10000.0000', '', '10000.0000'),
(201, 49, 42, '5,7', 'C223231', 'Bàn Gỗ 3', 'null', NULL, '11000.0000', '11000.0000', '1.0000', NULL, 'pending', NULL, '0.0000', 0, '', NULL, '0.0000', '11000.0000', '', '11000.0000'),
(202, 49, 43, '3,8', 'C3-021112', 'Bàn Gỗ 5', 'null', NULL, '10000.0000', '10000.0000', '1.0000', NULL, 'pending', NULL, '0.0000', 0, '', NULL, '0.0000', '10000.0000', '', '10000.0000'),
(203, 52, 42, '7', 'C223231', 'Bàn Gỗ 3', 'null', NULL, '11000.0000', '11000.0000', '100.0000', NULL, 'completed', NULL, '0.0000', 0, '', NULL, '0.0000', '1100000.0000', '', '11000.0000'),
(204, 52, 41, '5', 'C3-01222', 'Bàn 2', 'null', NULL, '10000.0000', '10000.0000', '150.0000', NULL, 'completed', NULL, '0.0000', 0, '', NULL, '0.0000', '1000000.0000', '', '10000.0000'),
(205, 52, 43, '3', 'C3-021112', 'Bàn Gỗ 5', 'null', NULL, '10000.0000', '10000.0000', '100.0000', NULL, 'pending', NULL, '0.0000', 0, '', NULL, '0.0000', '1000000.0000', '', '10000.0000'),
(206, 53, 43, '5,7', 'C3-021112', 'Bàn Gỗ 5', 'null', NULL, '10000.0000', '10000.0000', '120.0000', NULL, 'pending', NULL, '0.0000', 0, '', NULL, '0.0000', '1200000.0000', '', '10000.0000'),
(207, 53, 42, '3,7', 'C223231', 'Bàn Gỗ 3', 'null', NULL, '11000.0000', '11000.0000', '150.0000', NULL, 'pending', NULL, '0.0000', 0, '', NULL, '0.0000', '1650000.0000', '', '11000.0000'),
(227, 54, 71, '', 'KTST8', 'KIM THU SÉT L=1,18M T8', 'null', 0, '0.0000', '0.0000', '100.0000', NULL, 'pending', NULL, '0.0000', 0, '', NULL, '0.0000', '0.0000', '', '0.0000'),
(228, 54, 72, '', 'KTSF25', 'KIM THU SÉT L=1,18M F25', 'null', 0, '0.0000', '0.0000', '100.0000', NULL, 'pending', NULL, '0.0000', 0, '', NULL, '0.0000', '0.0000', '', '0.0000'),
(229, 54, 77, '', 'V26-T3', 'ĐỐT CỘT 660x660x;L=5500 V26-T3', 'null', 0, '0.0000', '0.0000', '100.0000', NULL, 'pending', NULL, '0.0000', 0, '', NULL, '0.0000', '0.0000', '', '0.0000'),
(230, 54, 78, '', 'V26-B1', 'ĐỐT CỘT 660x660x;L=5500 V26-B1', 'null', 0, '0.0000', '0.0000', '100.0000', NULL, 'pending', NULL, '0.0000', 0, '', NULL, '0.0000', '0.0000', '', '0.0000'),
(231, 54, 73, '', 'MBBDCT5', 'MẶT BÍCH BÍT ĐẦU CỘT T5', 'null', 0, '0.0000', '0.0000', '100.0000', NULL, 'pending', NULL, '0.0000', 0, '', NULL, '0.0000', '0.0000', '', '0.0000'),
(232, 54, 74, '', 'V26-T1', 'ĐỐT CỘT 660x660x;L=5500 V26-T1', 'null', 0, '0.0000', '0.0000', '100.0000', NULL, 'pending', NULL, '0.0000', 0, '', NULL, '0.0000', '0.0000', '', '0.0000'),
(233, 54, 75, '', 'V26-T2', 'ĐỐT CỘT 660x660x;L=5500 V26-T2', 'null', 0, '0.0000', '0.0000', '100.0000', NULL, 'pending', NULL, '0.0000', 0, '', NULL, '0.0000', '0.0000', '', '0.0000'),
(234, 54, 76, '', 'V26-T2.1', 'ĐỐT CỘT 660x660x;L=5500 V26-T2', 'null', 0, '0.0000', '0.0000', '100.0000', NULL, 'pending', NULL, '0.0000', 0, '', NULL, '0.0000', '0.0000', '', '0.0000'),
(235, 54, 70, '', 'KTMT16', 'KIM THU SÉT L =1,8M T16', 'null', 0, '0.0000', '0.0000', '100.0000', NULL, 'pending', NULL, '0.0000', 0, '', NULL, '0.0000', '0.0000', '', '0.0000'),
(236, 54, 79, '', 'V26-B2', 'ĐỐT CỘT 660x660x;L=5500 V26-B2', 'null', 0, '0.0000', '0.0000', '100.0000', NULL, 'pending', NULL, '0.0000', 0, '', NULL, '0.0000', '0.0000', '', '0.0000'),
(256, 55, 79, '', 'V26-B2', 'ĐỐT CỘT 660x660x;L=5500 V26-B2', 'null', 0, '0.0000', '0.0000', '1.0000', NULL, 'pending', NULL, '0.0000', 0, '', NULL, '0.0000', '0.0000', '', '0.0000'),
(257, 55, 70, '', 'KTMT16', 'KIM THU SÉT L =1,8M T16', 'null', 0, '0.0000', '0.0000', '50.0000', NULL, 'pending', NULL, '0.0000', 0, '', NULL, '0.0000', '0.0000', '', '0.0000'),
(258, 55, 71, '', 'KTST8', 'KIM THU SÉT L=1,18M T8', 'null', 0, '0.0000', '0.0000', '45.0000', NULL, 'pending', NULL, '0.0000', 0, '', NULL, '0.0000', '0.0000', '', '0.0000'),
(259, 55, 72, '', 'KTSF25', 'KIM THU SÉT L=1,18M F25', 'null', 0, '0.0000', '0.0000', '60.0000', NULL, 'pending', NULL, '0.0000', 0, '', NULL, '0.0000', '0.0000', '', '0.0000'),
(260, 55, 73, '', 'MBBDCT5', 'MẶT BÍCH BÍT ĐẦU CỘT T5', 'null', 0, '0.0000', '0.0000', '70.0000', NULL, 'pending', NULL, '0.0000', 0, '', NULL, '0.0000', '0.0000', '', '0.0000'),
(261, 55, 74, '', 'V26-T1', 'ĐỐT CỘT 660x660x;L=5500 V26-T1', 'null', 0, '0.0000', '0.0000', '25.0000', NULL, 'pending', NULL, '0.0000', 0, '', NULL, '0.0000', '0.0000', '', '0.0000'),
(262, 55, 75, '', 'V26-T2', 'ĐỐT CỘT 660x660x;L=5500 V26-T2', 'null', 0, '0.0000', '0.0000', '30.0000', NULL, 'pending', NULL, '0.0000', 0, '', NULL, '0.0000', '0.0000', '', '0.0000'),
(263, 55, 76, '', 'V26-T2.1', 'ĐỐT CỘT 660x660x;L=5500 V26-T2', 'null', 0, '0.0000', '0.0000', '1.0000', NULL, 'pending', NULL, '0.0000', 0, '', NULL, '0.0000', '0.0000', '', '0.0000'),
(264, 55, 77, '', 'V26-T3', 'ĐỐT CỘT 660x660x;L=5500 V26-T3', 'null', 0, '0.0000', '0.0000', '1.0000', NULL, 'pending', NULL, '0.0000', 0, '', NULL, '0.0000', '0.0000', '', '0.0000'),
(265, 55, 78, '', 'V26-B1', 'ĐỐT CỘT 660x660x;L=5500 V26-B1', 'null', 0, '0.0000', '0.0000', '1.0000', NULL, 'pending', NULL, '0.0000', 0, '', NULL, '0.0000', '0.0000', '', '0.0000'),
(266, 55, 79, '', 'V26-B2', 'ĐỐT CỘT 660x660x;L=5500 V26-B2', 'null', 0, '0.0000', '0.0000', '1.0000', NULL, 'pending', NULL, '0.0000', 0, '', NULL, '0.0000', '0.0000', '', '0.0000'),
(267, 55, 79, '', 'V26-B2', 'ĐỐT CỘT 660x660x;L=5500 V26-B2', 'null', 0, '0.0000', '0.0000', '1.0000', NULL, 'pending', NULL, '0.0000', 0, '', NULL, '0.0000', '0.0000', '', '0.0000'),
(268, 55, 79, '', 'V26-B2', 'ĐỐT CỘT 660x660x;L=5500 V26-B2', 'null', 0, '0.0000', '0.0000', '1.0000', NULL, 'pending', NULL, '0.0000', 0, '', NULL, '0.0000', '0.0000', '', '0.0000'),
(269, 55, 70, '', 'KTMT16', 'KIM THU SÉT L =1,8M T16', 'null', 0, '0.0000', '0.0000', '50.0000', NULL, 'pending', NULL, '0.0000', 0, '', NULL, '0.0000', '0.0000', '', '0.0000'),
(270, 55, 71, '', 'KTST8', 'KIM THU SÉT L=1,18M T8', 'null', 0, '0.0000', '0.0000', '45.0000', NULL, 'pending', NULL, '0.0000', 0, '', NULL, '0.0000', '0.0000', '', '0.0000'),
(271, 55, 72, '', 'KTSF25', 'KIM THU SÉT L=1,18M F25', 'null', 0, '0.0000', '0.0000', '60.0000', NULL, 'pending', NULL, '0.0000', 0, '', NULL, '0.0000', '0.0000', '', '0.0000'),
(272, 55, 73, '', 'MBBDCT5', 'MẶT BÍCH BÍT ĐẦU CỘT T5', 'null', 0, '0.0000', '0.0000', '70.0000', NULL, 'pending', NULL, '0.0000', 0, '', NULL, '0.0000', '0.0000', '', '0.0000'),
(273, 55, 74, '', 'V26-T1', 'ĐỐT CỘT 660x660x;L=5500 V26-T1', 'null', 0, '0.0000', '0.0000', '25.0000', NULL, 'pending', NULL, '0.0000', 0, '', NULL, '0.0000', '0.0000', '', '0.0000'),
(274, 55, 75, '', 'V26-T2', 'ĐỐT CỘT 660x660x;L=5500 V26-T2', 'null', 0, '0.0000', '0.0000', '30.0000', NULL, 'pending', NULL, '0.0000', 0, '', NULL, '0.0000', '0.0000', '', '0.0000'),
(275, 55, 76, '', 'V26-T2.1', 'ĐỐT CỘT 660x660x;L=5500 V26-T2', 'null', 0, '0.0000', '0.0000', '1.0000', NULL, 'pending', NULL, '0.0000', 0, '', NULL, '0.0000', '0.0000', '', '0.0000'),
(276, 55, 77, '', 'V26-T3', 'ĐỐT CỘT 660x660x;L=5500 V26-T3', 'null', 0, '0.0000', '0.0000', '1.0000', NULL, 'pending', NULL, '0.0000', 0, '', NULL, '0.0000', '0.0000', '', '0.0000'),
(277, 55, 78, '', 'V26-B1', 'ĐỐT CỘT 660x660x;L=5500 V26-B1', 'null', 0, '0.0000', '0.0000', '1.0000', NULL, 'pending', NULL, '0.0000', 0, '', NULL, '0.0000', '0.0000', '', '0.0000'),
(278, 55, 79, '', 'V26-B2', 'ĐỐT CỘT 660x660x;L=5500 V26-B2', 'null', 0, '0.0000', '0.0000', '1.0000', NULL, 'pending', NULL, '0.0000', 0, '', NULL, '0.0000', '0.0000', '', '0.0000'),
(279, 55, 79, '', 'V26-B2', 'ĐỐT CỘT 660x660x;L=5500 V26-B2', 'null', 0, '0.0000', '0.0000', '1.0000', NULL, 'pending', NULL, '0.0000', 0, '', NULL, '0.0000', '0.0000', '', '0.0000'),
(280, 56, 70, '7', 'KTMT16', 'KIM THU SÉT L =1,8M T16', 'null', NULL, '0.0000', '0.0000', '30.0000', NULL, 'pending', NULL, '0.0000', 0, '', NULL, '0.0000', '0.0000', '', '0.0000'),
(281, 56, 71, '5', 'KTST8', 'KIM THU SÉT L=1,18M T8', 'null', NULL, '0.0000', '0.0000', '20.0000', NULL, 'pending', NULL, '0.0000', 0, '', NULL, '0.0000', '0.0000', '', '0.0000'),
(282, 56, 72, '3', 'KTSF25', 'KIM THU SÉT L=1,18M F25', 'null', NULL, '0.0000', '0.0000', '10.0000', NULL, 'pending', NULL, '0.0000', 0, '', NULL, '0.0000', '0.0000', '', '0.0000'),
(283, 59, 70, '7', 'KTMT16', 'KIM THU SÉT L =1,8M T16', 'null', NULL, '0.0000', '0.0000', '1.0000', NULL, 'pending', NULL, '0.0000', 0, '', NULL, '0.0000', '0.0000', '', '0.0000'),
(284, 59, 71, '7', 'KTST8', 'KIM THU SÉT L=1,18M T8', 'null', NULL, '0.0000', '0.0000', '1.0000', NULL, 'pending', NULL, '0.0000', 0, '', NULL, '0.0000', '0.0000', '', '0.0000'),
(285, 59, 72, '5', 'KTSF25', 'KIM THU SÉT L=1,18M F25', 'null', NULL, '0.0000', '0.0000', '1.0000', NULL, 'pending', NULL, '0.0000', 0, '', NULL, '0.0000', '0.0000', '', '0.0000'),
(286, 60, 72, '3', 'KTSF25', 'KIM THU SÉT L=1,18M F25', 'null', NULL, '0.0000', '0.0000', '1.0000', NULL, 'pending', NULL, '0.0000', 0, '', NULL, '0.0000', '0.0000', '', '0.0000'),
(287, 61, 70, '5', 'KTMT16', 'KIM THU SÉT L =1,8M T16', 'null', NULL, '0.0000', '0.0000', '100.0000', NULL, 'completed', NULL, '0.0000', 0, '', NULL, '0.0000', '0.0000', '', '0.0000'),
(288, 61, 71, '3,5', 'KTST8', 'KIM THU SÉT L=1,18M T8', 'null', NULL, '0.0000', '0.0000', '100.0000', NULL, 'completed', NULL, '0.0000', 0, '', NULL, '0.0000', '0.0000', '', '0.0000'),
(289, 61, 72, '3', 'KTSF25', 'KIM THU SÉT L=1,18M F25', 'null', NULL, '0.0000', '0.0000', '100.0000', NULL, 'completed', NULL, '0.0000', 0, '', NULL, '0.0000', '0.0000', '', '0.0000'),
(290, 62, 70, '5', 'KTMT16', 'KIM THU SÉT L =1,8M T16', 'null', NULL, '0.0000', '0.0000', '20.0000', NULL, 'pending', NULL, '0.0000', 0, '', NULL, '0.0000', '0.0000', '', '0.0000'),
(291, 62, 71, '5', 'KTST8', 'KIM THU SÉT L=1,18M T8', 'null', NULL, '0.0000', '0.0000', '30.0000', NULL, 'pending', NULL, '0.0000', 0, '', NULL, '0.0000', '0.0000', '', '0.0000'),
(292, 62, 72, '5', 'KTSF25', 'KIM THU SÉT L=1,18M F25', 'null', NULL, '0.0000', '0.0000', '60.0000', NULL, 'pending', NULL, '0.0000', 0, '', NULL, '0.0000', '0.0000', '', '0.0000'),
(293, 62, 74, '7', 'V26-T1', 'ĐỐT CỘT 660x660x;L=5500 V26-T1', 'null', NULL, '0.0000', '0.0000', '70.0000', NULL, 'pending', NULL, '0.0000', 0, '', NULL, '0.0000', '0.0000', '', '0.0000'),
(294, 62, 75, '7', 'V26-T2', 'ĐỐT CỘT 660x660x;L=5500 V26-T2', 'null', NULL, '0.0000', '0.0000', '220.0000', NULL, 'pending', NULL, '0.0000', 0, '', NULL, '0.0000', '0.0000', '', '0.0000'),
(295, 62, 76, '5', 'V26-T2.1', 'ĐỐT CỘT 660x660x;L=5500 V26-T2', 'null', NULL, '0.0000', '0.0000', '40.0000', NULL, 'pending', NULL, '0.0000', 0, '', NULL, '0.0000', '0.0000', '', '0.0000'),
(296, 62, 77, '3', 'V26-T3', 'ĐỐT CỘT 660x660x;L=5500 V26-T3', 'null', NULL, '0.0000', '0.0000', '50.0000', NULL, 'pending', NULL, '0.0000', 0, '', NULL, '0.0000', '0.0000', '', '0.0000'),
(297, 62, 78, '3', 'V26-B1', 'ĐỐT CỘT 660x660x;L=5500 V26-B1', 'null', NULL, '0.0000', '0.0000', '200.0000', NULL, 'pending', NULL, '0.0000', 0, '', NULL, '0.0000', '0.0000', '', '0.0000'),
(298, 62, 79, '3,7', 'V26-B2', 'ĐỐT CỘT 660x660x;L=5500 V26-B2', 'null', NULL, '0.0000', '0.0000', '100.0000', NULL, 'pending', NULL, '0.0000', 0, '', NULL, '0.0000', '0.0000', '', '0.0000'),
(299, 62, 73, '5,7', 'MBBDCT5', 'MẶT BÍCH BÍT ĐẦU CỘT T5', 'null', NULL, '0.0000', '0.0000', '30.0000', NULL, 'pending', NULL, '0.0000', 0, '', NULL, '0.0000', '0.0000', '', '0.0000'),
(338, 87, 73, NULL, 'MBBDCT5', 'MẶT BÍCH BÍT ĐẦU CỘT T5', 'null', 0, '0.0000', '0.0000', '1.0000', NULL, 'pending', NULL, '0.0000', 0, '', NULL, '0.0000', '0.0000', '', '0.0000'),
(339, 87, 78, NULL, 'V26-B1', 'ĐỐT CỘT 660x660x;L=5500 V26-B1', 'null', 0, '0.0000', '0.0000', '1.0000', NULL, 'pending', NULL, '0.0000', 0, '', NULL, '0.0000', '0.0000', '', '0.0000'),
(340, 87, 70, NULL, 'KTMT16', 'KIM THU SÉT L =1,8M T16', 'null', NULL, '0.0000', '0.0000', '1.0000', NULL, 'pending', NULL, '0.0000', 0, '', NULL, '0.0000', '0.0000', '', '0.0000'),
(367, 93, 70, '5', 'KTMT16', 'KIM THU SÉT L =1,8M T16', 'null', NULL, '0.0000', '0.0000', '40.0000', NULL, 'pending', NULL, '0.0000', 0, '', NULL, '0.0000', '0.0000', '', '0.0000'),
(368, 93, 71, '5,7', 'KTST8', 'KIM THU SÉT L=1,18M T8', 'null', NULL, '0.0000', '0.0000', '30.0000', NULL, 'pending', NULL, '0.0000', 0, '', NULL, '0.0000', '0.0000', '', '0.0000'),
(369, 93, 72, '3', 'KTSF25', 'KIM THU SÉT L=1,18M F25', 'null', NULL, '0.0000', '0.0000', '100.0000', NULL, 'pending', NULL, '0.0000', 0, '', NULL, '0.0000', '0.0000', '', '0.0000'),
(370, 93, 73, '3', 'MBBDCT5', 'MẶT BÍCH BÍT ĐẦU CỘT T5', 'null', NULL, '0.0000', '0.0000', '20.0000', NULL, 'pending', NULL, '0.0000', 0, '', NULL, '0.0000', '0.0000', '', '0.0000'),
(375, 95, 70, '8', 'KTMT16', 'KIM THU SÉT L =1,8M T16', 'null', NULL, '0.0000', '0.0000', '30.0000', NULL, 'pending', NULL, '0.0000', 0, '', NULL, '0.0000', '0.0000', '', NULL),
(376, 95, 71, '7', 'KTST8', 'KIM THU SÉT L=1,18M T8', 'null', NULL, '0.0000', '0.0000', '20.0000', NULL, 'pending', NULL, '0.0000', 0, '', NULL, '0.0000', '0.0000', '', NULL),
(377, 95, 72, '5', 'KTSF25', 'KIM THU SÉT L=1,18M F25', 'null', NULL, '0.0000', '0.0000', '10.0000', NULL, 'pending', NULL, '0.0000', 0, '', NULL, '0.0000', '0.0000', '', NULL),
(378, 95, 73, '3', 'MBBDCT5', 'MẶT BÍCH BÍT ĐẦU CỘT T5', 'null', NULL, '0.0000', '0.0000', '8.0000', NULL, 'pending', NULL, '0.0000', 0, '', NULL, '0.0000', '0.0000', '', NULL),
(379, 96, 70, '3', 'KTMT16', 'KIM THU SÉT L =1,8M T16', 'null', NULL, '0.0000', '0.0000', '1000.0000', NULL, 'pending', NULL, '0.0000', 0, '', NULL, '0.0000', '0.0000', '', NULL),
(380, 96, 71, '3', 'KTST8', 'KIM THU SÉT L=1,18M T8', 'null', NULL, '0.0000', '0.0000', '255.0000', NULL, 'pending', NULL, '0.0000', 0, '', NULL, '0.0000', '0.0000', '', NULL),
(381, 96, 72, '8', 'KTSF25', 'KIM THU SÉT L=1,18M F25', 'null', NULL, '0.0000', '0.0000', '195.0000', NULL, 'pending', NULL, '0.0000', 0, '', NULL, '0.0000', '0.0000', '', NULL),
(382, 96, 73, '8', 'MBBDCT5', 'MẶT BÍCH BÍT ĐẦU CỘT T5', 'null', NULL, '0.0000', '0.0000', '145.0000', NULL, 'pending', NULL, '0.0000', 0, '', NULL, '0.0000', '0.0000', '', NULL),
(383, 96, 74, '8', 'V26-T1', 'ĐỐT CỘT 660x660x;L=5500 V26-T1', 'null', NULL, '0.0000', '0.0000', '300.0000', NULL, 'pending', NULL, '0.0000', 0, '', NULL, '0.0000', '0.0000', '', NULL),
(384, 96, 75, '8', 'V26-T2', 'ĐỐT CỘT 660x660x;L=5500 V26-T2', 'null', NULL, '0.0000', '0.0000', '210.0000', NULL, 'pending', NULL, '0.0000', 0, '', NULL, '0.0000', '0.0000', '', NULL),
(385, 96, 76, '7', 'V26-T2.1', 'ĐỐT CỘT 660x660x;L=5500 V26-T2', 'null', NULL, '0.0000', '0.0000', '155.0000', NULL, 'pending', NULL, '0.0000', 0, '', NULL, '0.0000', '0.0000', '', NULL),
(386, 96, 77, '3', 'V26-T3', 'ĐỐT CỘT 660x660x;L=5500 V26-T3', 'null', NULL, '0.0000', '0.0000', '20.0000', NULL, 'pending', NULL, '0.0000', 0, '', NULL, '0.0000', '0.0000', '', NULL),
(387, 96, 78, '5', 'V26-B1', 'ĐỐT CỘT 660x660x;L=5500 V26-B1', 'null', NULL, '0.0000', '0.0000', '200.0000', NULL, 'pending', NULL, '0.0000', 0, '', NULL, '0.0000', '0.0000', '', NULL),
(398, 100, 70, '7', 'KTMT16', 'KIM THU SÉT L =1,8M T16', 'null', NULL, '0.0000', '0.0000', '30.0000', NULL, 'completed', NULL, '0.0000', 0, '', NULL, '0.0000', '0.0000', '', NULL),
(399, 100, 71, '5', 'KTST8', 'KIM THU SÉT L=1,18M T8', 'null', NULL, '0.0000', '0.0000', '20.0000', NULL, 'pending', NULL, '0.0000', 0, '', NULL, '0.0000', '0.0000', '', NULL),
(400, 100, 72, '3', 'KTSF25', 'KIM THU SÉT L=1,18M F25', 'null', NULL, '0.0000', '0.0000', '10.0000', NULL, 'pending', NULL, '0.0000', 0, '', NULL, '0.0000', '0.0000', '', NULL),
(401, 101, 70, '5', 'KTMT16', 'KIM THU SÉT L =1,8M T16', 'null', NULL, '0.0000', '0.0000', '60000.0000', NULL, 'pending', NULL, '0.0000', 0, '', NULL, '0.0000', '0.0000', '', NULL),
(402, 101, 71, '7', 'KTST8', 'KIM THU SÉT L=1,18M T8', 'null', NULL, '0.0000', '0.0000', '20000.0000', NULL, 'pending', NULL, '0.0000', 0, '', NULL, '0.0000', '0.0000', '', NULL),
(403, 101, 72, '5', 'KTSF25', 'KIM THU SÉT L=1,18M F25', 'null', NULL, '0.0000', '0.0000', '50000.0000', NULL, 'pending', NULL, '0.0000', 0, '', NULL, '0.0000', '0.0000', '', NULL),
(404, 102, 73, '7', 'MBBDCT5', 'MẶT BÍCH BÍT ĐẦU CỘT T5', 'null', NULL, '0.0000', '0.0000', '1.0000', NULL, 'pending', NULL, '0.0000', 0, '', NULL, '0.0000', '0.0000', '', NULL);

-- --------------------------------------------------------

--
-- Cấu trúc bảng cho bảng `sma_production_stages`
--

CREATE TABLE `sma_production_stages` (
  `id` int(10) NOT NULL,
  `product_id` int(11) DEFAULT NULL,
  `production_id` int(11) DEFAULT NULL,
  `stage_id` int(10) NOT NULL,
  `delivery_time` int(4) DEFAULT NULL,
  `stage` varchar(255) COLLATE utf8_unicode_ci DEFAULT NULL,
  `date_start` date DEFAULT NULL,
  `date_end` date DEFAULT NULL,
  `employee_id` int(10) DEFAULT NULL,
  `employee` varchar(255) COLLATE utf8_unicode_ci DEFAULT NULL,
  `stage_status` varchar(50) COLLATE utf8_unicode_ci DEFAULT 'not_start',
  `error_quantity` decimal(15,0) DEFAULT NULL,
  `quantity` decimal(15,0) DEFAULT NULL,
  `note` text COLLATE utf8_unicode_ci,
  `stage_percent` int(10) NOT NULL
) ENGINE=InnoDB DEFAULT CHARSET=utf8 COLLATE=utf8_unicode_ci;

--
-- Đang đổ dữ liệu cho bảng `sma_production_stages`
--

INSERT INTO `sma_production_stages` (`id`, `product_id`, `production_id`, `stage_id`, `delivery_time`, `stage`, `date_start`, `date_end`, `employee_id`, `employee`, `stage_status`, `error_quantity`, `quantity`, `note`, `stage_percent`) VALUES
(44, 30, 20, 2, 50, 'GD1', '2017-08-15', '2017-08-29', NULL, '7', 'not_start', NULL, NULL, NULL, 0),
(45, 30, 20, 1, 50, 'GD2', '2017-08-30', '2017-08-22', NULL, '7', 'not_start', NULL, NULL, NULL, 0),
(46, 29, 20, 0, 50, 'gd1', '2017-08-30', '2017-09-03', NULL, '3,9', 'not_start', NULL, NULL, NULL, 0),
(47, 29, 20, 0, 50, 'gd2', '2017-09-03', '2017-09-06', NULL, '8,9', 'not_start', NULL, NULL, NULL, 0),
(48, 31, 21, 0, 51, 'Ra phôi', '2017-08-31', '2017-09-01', NULL, '3', 'pending', '0', '5', NULL, 0),
(49, 31, 21, 0, 51, 'Cắt góc', '2017-09-01', '2017-09-02', NULL, '5', 'not_start', NULL, NULL, NULL, 0),
(50, 31, 21, 0, 51, 'Uốn nhấn', '2017-09-03', '2017-09-04', NULL, '7', 'not_start', NULL, NULL, NULL, 0),
(51, 31, 21, 0, 51, 'Tạo lỗ', '2017-09-04', '2017-09-05', NULL, '3', 'not_start', NULL, NULL, NULL, 0),
(52, 31, 21, 0, 51, 'Gá hàn', '2017-09-05', '2017-09-06', NULL, '5', 'not_start', NULL, NULL, NULL, 0),
(53, 31, 21, 0, 51, 'VS -giao mạ', '2017-09-06', '2017-09-07', NULL, '7', 'not_start', NULL, NULL, NULL, 0),
(54, 31, 21, 0, 51, 'Mạ kẽm', '2017-09-07', '2017-09-08', NULL, '3', 'not_start', NULL, NULL, NULL, 0),
(55, 31, 21, 0, 51, 'ĐK & Giao hàng', '2017-09-08', '2017-09-09', NULL, '5', 'not_start', NULL, NULL, NULL, 0),
(56, 31, 21, 0, 52, 'Ra phôi', '2017-09-07', '2017-09-08', NULL, '7', 'not_start', NULL, NULL, NULL, 0),
(57, 31, 21, 0, 52, 'Cắt góc', '2017-09-08', '2017-09-09', NULL, '3', 'not_start', NULL, NULL, NULL, 0),
(58, 31, 21, 0, 52, 'Uốn nhấn', '2017-09-09', '2017-09-10', NULL, '5', 'not_start', NULL, NULL, NULL, 0),
(59, 31, 21, 0, 52, 'Tạo lỗ', '2017-09-10', '2017-09-11', NULL, '7', 'not_start', NULL, NULL, NULL, 0),
(60, 31, 21, 0, 52, 'Gá hàn', '2017-09-11', '2017-09-12', NULL, '3', 'not_start', NULL, NULL, NULL, 0),
(61, 31, 21, 0, 52, 'VS -giao mạ', '2017-09-13', '2017-09-14', NULL, '5', 'not_start', NULL, NULL, NULL, 0),
(62, 31, 21, 0, 52, 'Mạ kẽm', '2017-09-14', '2017-09-15', NULL, '7', 'not_start', NULL, NULL, NULL, 0),
(63, 31, 21, 0, 52, 'ĐK & Giao hàng', '2017-09-15', '2017-09-16', NULL, '3', 'not_start', NULL, NULL, NULL, 0),
(64, 34, 22, 0, 53, 'Cắt', NULL, NULL, NULL, '', 'not_start', NULL, NULL, NULL, 0),
(65, 34, 22, 0, 53, 'May', NULL, NULL, NULL, '', 'not_start', NULL, NULL, NULL, 0),
(66, 41, 40, 0, 83, 'gd1', NULL, NULL, NULL, '', 'not_start', NULL, NULL, NULL, 0),
(67, 41, 40, 0, 83, 'g2', NULL, NULL, NULL, '', 'not_start', NULL, NULL, NULL, 0),
(68, 41, 40, 0, 83, 'GĐ3', NULL, NULL, NULL, '', 'not_start', NULL, NULL, NULL, 0),
(69, 41, 40, 0, 83, 'GĐ4', NULL, NULL, NULL, '', 'not_start', NULL, NULL, NULL, 0),
(70, 39, 42, 1, 87, 'gd1', NULL, NULL, NULL, '5', 'not_start', NULL, NULL, NULL, 25),
(71, 39, 42, 2, 87, 'g2', NULL, NULL, NULL, '5', 'not_start', NULL, NULL, NULL, 25),
(72, 39, 42, 3, 87, 'GĐ3', NULL, NULL, NULL, '5', 'not_start', NULL, NULL, NULL, 20),
(73, 39, 42, 4, 87, 'GĐ4', NULL, NULL, NULL, '5', 'not_start', NULL, NULL, NULL, 30),
(74, 31, 48, 1, 93, 'gd1', NULL, NULL, NULL, '5,7,3', 'not_start', NULL, NULL, NULL, 25),
(75, 31, 48, 2, 93, 'g2', NULL, NULL, NULL, '5,7', 'not_start', NULL, NULL, NULL, 25),
(76, 31, 48, 3, 93, 'GĐ3', NULL, NULL, NULL, '5,7', 'not_start', NULL, NULL, NULL, 20),
(77, 31, 48, 4, 93, 'GĐ4', NULL, NULL, NULL, '5,7', 'not_start', NULL, NULL, NULL, 30),
(78, 37, 48, 1, 93, 'gd1', NULL, NULL, NULL, '3,8', 'not_start', NULL, NULL, NULL, 25),
(79, 37, 48, 2, 93, 'g2', NULL, NULL, NULL, '3,8', 'not_start', NULL, NULL, NULL, 25),
(80, 37, 48, 3, 93, 'GĐ3', NULL, NULL, NULL, '3,8,7', 'not_start', NULL, NULL, NULL, 20),
(81, 37, 48, 4, 93, 'GĐ4', NULL, NULL, NULL, '3,8,7', 'not_start', NULL, NULL, NULL, 30),
(82, 42, 52, 1, 98, 'gd1', '2017-09-06', '2017-09-28', NULL, '7,3', 'completed', '0', '250', NULL, 25),
(83, 42, 52, 2, 98, 'g2', '2017-09-15', '2017-09-30', NULL, '7,8', 'completed', '0', '70', NULL, 25),
(84, 42, 52, 3, 98, 'GĐ3', '2017-09-15', '2017-09-21', NULL, '7,3,5,9', 'completed', '0', '90', NULL, 20),
(85, 42, 52, 4, 98, 'GĐ4', '2017-09-07', '2017-09-22', NULL, '8,7', 'completed', '0', '20', NULL, 30),
(86, 41, 52, 1, 98, 'gd1', '2017-09-28', '2017-09-22', NULL, '5', 'completed', '0', '50', NULL, 25),
(87, 41, 52, 2, 98, 'g2', '2017-09-06', '2017-09-21', NULL, '5', 'completed', '0', '40', NULL, 25),
(88, 41, 52, 3, 98, 'GĐ3', '2017-08-31', '2017-09-15', NULL, '5,7', 'completed', '0', '110', NULL, 20),
(89, 41, 52, 4, 98, 'GĐ4', '2017-08-31', '2017-09-28', NULL, '5,8', 'completed', '0', '30', NULL, 30),
(90, 43, 52, 1, 98, 'gd1', '2017-09-05', '2017-09-21', NULL, '3', 'pending', '0', '110', NULL, 25),
(91, 43, 52, 2, 98, 'g2', '2017-09-08', '2017-09-21', NULL, '3', 'not_start', NULL, '0', NULL, 25),
(92, 43, 52, 3, 98, 'GĐ3', '2017-09-08', '2017-09-20', NULL, '3', 'not_start', NULL, '0', NULL, 20),
(93, 43, 52, 4, 98, 'GĐ4', '2017-09-08', '2017-09-21', NULL, '3', 'not_start', NULL, '0', NULL, 30),
(94, 43, 53, 1, 99, 'gd1', '2017-09-19', '2017-09-22', NULL, '5,7,3', 'pending', '0', '0', NULL, 25),
(95, 43, 53, 2, 99, 'g2', '2017-09-19', '2017-09-22', NULL, '5,7', 'not_start', NULL, NULL, NULL, 25),
(96, 43, 53, 3, 99, 'GĐ3', '2017-09-19', '2017-09-28', NULL, '5,7', 'not_start', NULL, NULL, NULL, 20),
(97, 43, 53, 4, 99, 'GĐ4', '2017-09-26', '2017-09-29', NULL, '5,7', 'not_start', NULL, NULL, NULL, 30),
(98, 42, 53, 1, 99, 'gd1', '2017-09-19', '2017-09-21', NULL, '3,7', 'not_start', NULL, NULL, NULL, 25),
(99, 42, 53, 2, 99, 'g2', '2017-09-19', '2017-09-21', NULL, '3,7', 'not_start', NULL, NULL, NULL, 25),
(100, 42, 53, 3, 99, 'GĐ3', '2017-09-19', '2017-09-23', NULL, '3,7,8', 'not_start', NULL, NULL, NULL, 20),
(101, 42, 53, 4, 99, 'GĐ4', '2017-09-19', '2017-09-27', NULL, '3,7', 'not_start', NULL, NULL, NULL, 30),
(102, 70, 54, 1, 100, 'Ra phôi', '2017-09-20', '2017-09-30', NULL, '5', 'not_start', NULL, NULL, NULL, 10),
(103, 70, 54, 2, 100, 'Uốn nhấn', NULL, NULL, NULL, '5', 'not_start', NULL, NULL, NULL, 10),
(104, 70, 54, 3, 100, 'Tạo lỗ', '2017-09-21', '2017-09-30', NULL, '5', 'not_start', NULL, NULL, NULL, 15),
(105, 70, 54, 4, 100, 'Cắt góc', NULL, NULL, NULL, '5', 'not_start', NULL, NULL, NULL, 5),
(106, 70, 54, 5, 100, 'Gá hàn', '2017-09-22', '2017-10-01', NULL, '5', 'not_start', NULL, NULL, NULL, 30),
(107, 70, 54, 6, 100, 'VS-Giao mạ', '2017-10-01', '2017-10-14', NULL, '5', 'not_start', NULL, NULL, NULL, 5),
(108, 70, 54, 7, 100, 'Mạ kẽm', '2017-10-14', '2017-10-14', NULL, '5', 'not_start', NULL, NULL, NULL, 20),
(109, 70, 54, 8, 100, 'ĐK & Giao hàng', '2017-10-15', '2017-10-15', NULL, '5', 'not_start', NULL, NULL, NULL, 5),
(110, 72, 54, 1, 100, 'Ra phôi', '2017-09-20', '2017-09-30', NULL, '8', 'not_start', NULL, NULL, NULL, 10),
(111, 72, 54, 2, 100, 'Uốn nhấn', '2017-09-21', '2017-09-30', NULL, '8', 'not_start', NULL, NULL, NULL, 10),
(112, 72, 54, 3, 100, 'Tạo lỗ', NULL, NULL, NULL, '8', 'not_start', NULL, NULL, NULL, 15),
(113, 72, 54, 4, 100, 'Cắt góc', NULL, NULL, NULL, '8', 'not_start', NULL, NULL, NULL, 5),
(114, 72, 54, 5, 100, 'Gá hàn', '2017-09-21', '2017-09-30', NULL, '8', 'not_start', NULL, NULL, NULL, 30),
(115, 72, 54, 6, 100, 'VS-Giao mạ', '2017-10-01', '2017-10-14', NULL, '8', 'not_start', NULL, NULL, NULL, 5),
(116, 72, 54, 7, 100, 'Mạ kẽm', '2017-10-14', '2017-10-14', NULL, '8', 'not_start', NULL, NULL, NULL, 20),
(117, 72, 54, 8, 100, 'ĐK & Giao hàng', '2017-10-15', '2017-10-15', NULL, '8', 'not_start', NULL, NULL, NULL, 5),
(118, 77, 54, 1, 100, 'Ra phôi', '2017-09-20', '2017-09-30', NULL, '5', 'not_start', NULL, NULL, NULL, 10),
(119, 77, 54, 2, 100, 'Uốn nhấn', '2017-09-21', '2017-09-30', NULL, '5', 'not_start', NULL, NULL, NULL, 10),
(120, 77, 54, 3, 100, 'Tạo lỗ', NULL, NULL, NULL, '5', 'not_start', NULL, NULL, NULL, 15),
(121, 77, 54, 4, 100, 'Cắt góc', NULL, NULL, NULL, '5', 'not_start', NULL, NULL, NULL, 5),
(122, 77, 54, 5, 100, 'Gá hàn', '2017-10-01', '2017-10-14', NULL, '5', 'not_start', NULL, NULL, NULL, 30),
(123, 77, 54, 6, 100, 'VS-Giao mạ', '2017-10-14', '2017-10-14', NULL, '5', 'not_start', NULL, NULL, NULL, 5),
(124, 77, 54, 7, 100, 'Mạ kẽm', '2017-10-14', '2017-10-14', NULL, '5', 'not_start', NULL, NULL, NULL, 20),
(125, 77, 54, 8, 100, 'ĐK & Giao hàng', '2017-10-15', '2017-10-15', NULL, '5', 'not_start', NULL, NULL, NULL, 5),
(126, 74, 54, 1, 100, 'Ra phôi', '2017-09-20', '2017-09-30', NULL, '7', 'not_start', NULL, NULL, NULL, 10),
(127, 74, 54, 2, 100, 'Uốn nhấn', NULL, NULL, NULL, '7', 'not_start', NULL, NULL, NULL, 10),
(128, 74, 54, 3, 100, 'Tạo lỗ', NULL, NULL, NULL, '7', 'not_start', NULL, NULL, NULL, 15),
(129, 74, 54, 4, 100, 'Cắt góc', NULL, NULL, NULL, '7', 'not_start', NULL, NULL, NULL, 5),
(130, 74, 54, 5, 100, 'Gá hàn', '2017-09-21', '2017-10-12', NULL, '7', 'not_start', NULL, NULL, NULL, 30),
(131, 74, 54, 6, 100, 'VS-Giao mạ', '2017-09-25', '2017-10-13', NULL, '7', 'not_start', NULL, NULL, NULL, 5),
(132, 74, 54, 7, 100, 'Mạ kẽm', '2017-09-26', '2017-10-14', NULL, '7', 'not_start', NULL, NULL, NULL, 20),
(133, 74, 54, 8, 100, 'ĐK & Giao hàng', '2017-10-10', '2017-10-15', NULL, '7', 'not_start', NULL, NULL, NULL, 5),
(134, 75, 54, 1, 100, 'Ra phôi', '2017-09-20', '2017-09-30', NULL, '7', 'not_start', NULL, NULL, NULL, 10),
(135, 75, 54, 2, 100, 'Uốn nhấn', '2017-09-21', '2017-09-28', NULL, '7', 'not_start', NULL, NULL, NULL, 10),
(136, 75, 54, 3, 100, 'Tạo lỗ', NULL, NULL, NULL, '7', 'not_start', NULL, NULL, NULL, 15),
(137, 75, 54, 4, 100, 'Cắt góc', NULL, NULL, NULL, '7', 'not_start', NULL, NULL, NULL, 5),
(138, 75, 54, 5, 100, 'Gá hàn', '2017-09-21', '2017-10-12', NULL, '7', 'not_start', NULL, NULL, NULL, 30),
(139, 75, 54, 6, 100, 'VS-Giao mạ', '2017-09-25', '2017-10-13', NULL, '7', 'not_start', NULL, NULL, NULL, 5),
(140, 75, 54, 7, 100, 'Mạ kẽm', '2017-09-28', '2017-10-13', NULL, '7', 'not_start', NULL, NULL, NULL, 20),
(141, 75, 54, 8, 100, 'ĐK & Giao hàng', '2017-10-10', '2017-09-15', NULL, '7', 'not_start', NULL, NULL, NULL, 5),
(142, 76, 54, 1, 100, 'Ra phôi', '2017-09-20', '2017-09-30', NULL, '5,8', 'not_start', NULL, NULL, NULL, 10),
(143, 76, 54, 2, 100, 'Uốn nhấn', '2017-09-21', '2017-09-28', NULL, '5,8', 'not_start', NULL, NULL, NULL, 10),
(144, 76, 54, 3, 100, 'Tạo lỗ', NULL, NULL, NULL, '5,8', 'not_start', NULL, NULL, NULL, 15),
(145, 76, 54, 4, 100, 'Cắt góc', NULL, NULL, NULL, '5,8', 'not_start', NULL, NULL, NULL, 5),
(146, 76, 54, 5, 100, 'Gá hàn', '2017-09-21', '2017-10-13', NULL, '5,8', 'not_start', NULL, NULL, NULL, 30),
(147, 76, 54, 6, 100, 'VS-Giao mạ', '2017-09-22', '2017-10-13', NULL, '5,8', 'not_start', NULL, NULL, NULL, 5),
(148, 76, 54, 7, 100, 'Mạ kẽm', '2017-10-13', '2017-10-14', NULL, '5,8', 'not_start', NULL, NULL, NULL, 20),
(149, 76, 54, 8, 100, 'ĐK & Giao hàng', '2017-10-10', '2017-10-15', NULL, '5,8', 'not_start', NULL, NULL, NULL, 5),
(150, 78, 54, 1, 100, 'Ra phôi', '2017-09-20', '2017-09-30', NULL, '8', 'not_start', NULL, NULL, NULL, 10),
(151, 78, 54, 2, 100, 'Uốn nhấn', NULL, NULL, NULL, '8', 'not_start', NULL, NULL, NULL, 10),
(152, 78, 54, 3, 100, 'Tạo lỗ', NULL, NULL, NULL, '8', 'not_start', NULL, NULL, NULL, 15),
(153, 78, 54, 4, 100, 'Cắt góc', NULL, NULL, NULL, '8', 'not_start', NULL, NULL, NULL, 5),
(154, 78, 54, 5, 100, 'Gá hàn', '2017-09-21', '2017-10-13', NULL, '8', 'not_start', NULL, NULL, NULL, 30),
(155, 78, 54, 6, 100, 'VS-Giao mạ', '2017-09-22', '2017-10-13', NULL, '8', 'not_start', NULL, NULL, NULL, 5),
(156, 78, 54, 7, 100, 'Mạ kẽm', '2017-09-25', '2017-10-14', NULL, '8', 'not_start', NULL, NULL, NULL, 20),
(157, 78, 54, 8, 100, 'ĐK & Giao hàng', '2017-10-10', '2017-10-15', NULL, '8', 'not_start', NULL, NULL, NULL, 5),
(158, 79, 54, 1, 101, 'Ra phôi', '2017-09-20', '2017-09-30', NULL, '', 'not_start', NULL, NULL, NULL, 10),
(159, 79, 54, 2, 101, 'Uốn nhấn', '2017-09-21', '2017-09-30', NULL, '', 'not_start', NULL, NULL, NULL, 10),
(160, 79, 54, 3, 101, 'Tạo lỗ', NULL, NULL, NULL, '', 'not_start', NULL, NULL, NULL, 15),
(161, 79, 54, 4, 101, 'Cắt góc', NULL, NULL, NULL, '', 'not_start', NULL, NULL, NULL, 5),
(162, 79, 54, 5, 101, 'Gá hàn', '2017-09-21', '2017-09-28', NULL, '', 'not_start', NULL, NULL, NULL, 30),
(163, 79, 54, 6, 101, 'VS-Giao mạ', '2017-09-26', '2017-10-13', NULL, '', 'not_start', NULL, NULL, NULL, 5),
(164, 79, 54, 7, 101, 'Mạ kẽm', '2017-09-21', '2017-10-15', NULL, '', 'not_start', NULL, NULL, NULL, 20),
(165, 79, 54, 8, 101, 'ĐK & Giao hàng', '2017-10-10', '2017-10-15', NULL, '', 'not_start', NULL, NULL, NULL, 5),
(166, 70, 55, 1, 105, 'Ra phôi', '2017-09-22', '2017-09-29', NULL, '3,5,7', 'completed', '0', '50', NULL, 10),
(167, 70, 55, 2, 105, 'Uốn nhấn', NULL, NULL, NULL, '3,7', 'completed', '0', '20', NULL, 10),
(168, 70, 55, 3, 105, 'Tạo lỗ', '2017-09-25', '2017-09-28', NULL, '3,7', 'completed', '0', '30', NULL, 15),
(169, 70, 55, 4, 105, 'Cắt góc', '2017-09-20', '2017-09-28', NULL, '3', 'completed', '0', '50', NULL, 5),
(170, 70, 55, 5, 105, 'Gá hàn', '2017-09-22', '2017-09-27', NULL, '3', 'completed', '0', '0', NULL, 30),
(171, 70, 55, 6, 105, 'VS-Giao mạ', '2017-09-22', '2017-09-28', NULL, '3,9', 'completed', '0', '0', NULL, 5),
(172, 70, 55, 7, 105, 'Mạ kẽm', '2017-09-24', '2017-09-27', NULL, '3,8', 'completed', '0', '0', NULL, 20),
(173, 70, 55, 8, 105, 'ĐK & Giao hàng', '2017-09-24', '2017-09-28', NULL, '3,8', 'completed', '0', '0', NULL, 5),
(174, 71, 55, 1, 105, 'Ra phôi', '2017-09-22', '2017-09-27', NULL, '8', 'pending', '0', '25', NULL, 10),
(175, 71, 55, 2, 105, 'Uốn nhấn', '2017-09-27', '2017-09-29', NULL, '8', 'not_start', NULL, NULL, NULL, 10),
(176, 71, 55, 3, 105, 'Tạo lỗ', '2017-09-22', '2017-09-27', NULL, '8', 'not_start', NULL, NULL, NULL, 15),
(177, 71, 55, 4, 105, 'Cắt góc', '2017-09-22', '2017-09-27', NULL, '8', 'not_start', NULL, NULL, NULL, 5),
(178, 71, 55, 5, 105, 'Gá hàn', '2017-09-23', '2017-09-26', NULL, '8,3', 'not_start', NULL, NULL, NULL, 30),
(179, 71, 55, 6, 105, 'VS-Giao mạ', '2017-09-22', '2017-09-29', NULL, '8', 'not_start', NULL, NULL, NULL, 5),
(180, 71, 55, 7, 105, 'Mạ kẽm', '2017-09-25', '2017-09-28', NULL, '8', 'not_start', NULL, NULL, NULL, 20),
(181, 71, 55, 8, 105, 'ĐK & Giao hàng', '2017-09-22', '2017-09-27', NULL, '8', 'not_start', NULL, NULL, NULL, 5),
(182, 72, 60, 1, 110, 'Ra phôi', '2017-09-20', '2017-09-23', NULL, '3', 'not_start', NULL, NULL, NULL, 10),
(183, 72, 60, 2, 110, 'Uốn nhấn', NULL, NULL, NULL, '3', 'not_start', NULL, NULL, NULL, 10),
(184, 72, 60, 3, 110, 'Tạo lỗ', NULL, NULL, NULL, '3', 'not_start', NULL, NULL, NULL, 15),
(185, 72, 60, 4, 110, 'Cắt góc', NULL, NULL, NULL, '3', 'not_start', NULL, NULL, NULL, 5),
(186, 72, 60, 5, 110, 'Gá hàn', NULL, NULL, NULL, '3', 'not_start', NULL, NULL, NULL, 30),
(187, 72, 60, 6, 110, 'VS-Giao mạ', NULL, NULL, NULL, '3', 'not_start', NULL, NULL, NULL, 5),
(188, 72, 60, 7, 110, 'Mạ kẽm', NULL, NULL, NULL, '3', 'not_start', NULL, NULL, NULL, 20),
(189, 72, 60, 8, 110, 'ĐK & Giao hàng', NULL, NULL, NULL, '3', 'not_start', NULL, NULL, NULL, 5),
(190, 70, 61, 1, 111, 'Ra phôi', '2017-09-13', '2017-09-22', NULL, '5', 'completed', '0', '5', NULL, 10),
(191, 70, 61, 2, 111, 'Uốn nhấn', NULL, NULL, NULL, '5', 'not_start', NULL, NULL, NULL, 10),
(192, 70, 61, 3, 111, 'Tạo lỗ', NULL, NULL, NULL, '5', 'not_start', NULL, NULL, NULL, 15),
(193, 70, 61, 4, 111, 'Cắt góc', '2017-09-06', '2017-09-20', NULL, '5', 'completed', '0', '30', NULL, 5),
(194, 70, 61, 5, 111, 'Gá hàn', NULL, NULL, NULL, '5', 'not_start', NULL, NULL, NULL, 30),
(195, 70, 61, 6, 111, 'VS-Giao mạ', NULL, NULL, NULL, '5', 'not_start', NULL, NULL, NULL, 5),
(196, 70, 61, 7, 111, 'Mạ kẽm', NULL, NULL, NULL, '5', 'not_start', NULL, NULL, NULL, 20),
(197, 70, 61, 8, 111, 'ĐK & Giao hàng', NULL, NULL, NULL, '5', 'not_start', NULL, NULL, NULL, 5),
(198, 71, 61, 1, 111, 'Ra phôi', '2017-09-23', '2017-09-25', NULL, '3,5,9', 'completed', '0', '0', NULL, 10),
(199, 71, 61, 2, 111, 'Uốn nhấn', NULL, NULL, NULL, '3,5', 'not_start', NULL, NULL, NULL, 10),
(200, 71, 61, 3, 111, 'Tạo lỗ', NULL, NULL, NULL, '3,5,8', 'not_start', NULL, NULL, NULL, 15),
(201, 71, 61, 4, 111, 'Cắt góc', '2017-09-21', '2017-09-23', NULL, '3,5', 'completed', '0', '50', NULL, 5),
(202, 71, 61, 5, 111, 'Gá hàn', '2017-09-23', '2017-09-25', NULL, '3,5,7', 'completed', '0', '0', NULL, 30),
(203, 71, 61, 6, 111, 'VS-Giao mạ', '2017-09-23', '2017-09-26', NULL, '3,5,7', 'completed', '0', '0', NULL, 5),
(204, 71, 61, 7, 111, 'Mạ kẽm', '2017-09-19', '2017-09-23', NULL, '3,5', 'completed', '0', '0', NULL, 20),
(205, 71, 61, 8, 111, 'ĐK & Giao hàng', NULL, NULL, NULL, '3,5', 'not_start', NULL, NULL, NULL, 5),
(206, 72, 61, 1, 111, 'Ra phôi', '2017-09-23', '2017-09-25', NULL, '3', 'completed', '0', '100', NULL, 10),
(207, 72, 61, 2, 111, 'Uốn nhấn', '2017-09-22', '2017-09-23', NULL, '3', 'completed', '0', '90', NULL, 10),
(208, 72, 61, 3, 111, 'Tạo lỗ', NULL, NULL, NULL, '3', 'not_start', NULL, NULL, NULL, 15),
(209, 72, 61, 4, 111, 'Cắt góc', NULL, NULL, NULL, '3', 'not_start', NULL, NULL, NULL, 5),
(210, 72, 61, 5, 111, 'Gá hàn', '2017-09-23', '2017-09-25', NULL, '3', 'completed', '0', '0', NULL, 30),
(211, 72, 61, 6, 111, 'VS-Giao mạ', NULL, NULL, NULL, '3', 'not_start', NULL, NULL, NULL, 5),
(212, 72, 61, 7, 111, 'Mạ kẽm', '2017-09-23', '2017-09-27', NULL, '3', 'completed', '0', '0', NULL, 20),
(213, 72, 61, 8, 111, 'ĐK & Giao hàng', NULL, NULL, NULL, '3', 'not_start', NULL, NULL, NULL, 5),
(214, 70, 62, 1, 112, 'Ra phôi', '2017-09-22', '2017-09-27', NULL, '5,3', 'pending', '0', '10', NULL, 10),
(215, 70, 62, 2, 112, 'Uốn nhấn', NULL, NULL, NULL, '5', 'not_start', NULL, NULL, NULL, 10),
(216, 70, 62, 3, 112, 'Tạo lỗ', '2017-09-23', '2017-09-26', NULL, '5,7', 'pending', '0', '20', NULL, 15),
(217, 70, 62, 4, 112, 'Cắt góc', NULL, NULL, NULL, '5', 'not_start', NULL, NULL, NULL, 5),
(218, 70, 62, 5, 112, 'Gá hàn', '2017-09-23', '2017-09-27', NULL, '5,7', 'not_start', NULL, NULL, NULL, 30),
(219, 70, 62, 6, 112, 'VS-Giao mạ', '2017-09-23', '2017-09-27', NULL, '5', 'not_start', NULL, NULL, NULL, 5),
(220, 70, 62, 7, 112, 'Mạ kẽm', NULL, NULL, NULL, '5,8', 'not_start', NULL, NULL, NULL, 20),
(221, 70, 62, 8, 112, 'ĐK & Giao hàng', NULL, NULL, NULL, '5', 'not_start', NULL, NULL, NULL, 5),
(222, 72, 62, 1, 112, 'Ra phôi', '2017-09-23', '2017-09-26', NULL, '5', 'not_start', NULL, NULL, NULL, 10),
(223, 72, 62, 2, 112, 'Uốn nhấn', '2017-09-23', '2017-09-26', NULL, '5', 'not_start', NULL, NULL, NULL, 10),
(224, 72, 62, 3, 112, 'Tạo lỗ', NULL, NULL, NULL, '5', 'not_start', NULL, NULL, NULL, 15),
(225, 72, 62, 4, 112, 'Cắt góc', NULL, NULL, NULL, '5', 'not_start', NULL, NULL, NULL, 5),
(226, 72, 62, 5, 112, 'Gá hàn', NULL, NULL, NULL, '5', 'not_start', NULL, NULL, NULL, 30),
(227, 72, 62, 6, 112, 'VS-Giao mạ', NULL, NULL, NULL, '5', 'not_start', NULL, NULL, NULL, 5),
(228, 72, 62, 7, 112, 'Mạ kẽm', NULL, NULL, NULL, '5', 'not_start', NULL, NULL, NULL, 20),
(229, 72, 62, 8, 112, 'ĐK & Giao hàng', NULL, NULL, NULL, '5', 'not_start', NULL, NULL, NULL, 5),
(230, 74, 62, 1, 112, 'Ra phôi', NULL, NULL, NULL, '7', 'not_start', NULL, NULL, NULL, 10),
(231, 74, 62, 2, 112, 'Uốn nhấn', '2017-09-23', '2017-09-28', NULL, '7', 'not_start', NULL, NULL, NULL, 10),
(232, 74, 62, 3, 112, 'Tạo lỗ', NULL, NULL, NULL, '7', 'not_start', NULL, NULL, NULL, 15),
(233, 74, 62, 4, 112, 'Cắt góc', NULL, NULL, NULL, '7', 'not_start', NULL, NULL, NULL, 5),
(234, 74, 62, 5, 112, 'Gá hàn', NULL, NULL, NULL, '7', 'not_start', NULL, NULL, NULL, 30),
(235, 74, 62, 6, 112, 'VS-Giao mạ', NULL, NULL, NULL, '7', 'not_start', NULL, NULL, NULL, 5),
(236, 74, 62, 7, 112, 'Mạ kẽm', NULL, NULL, NULL, '7', 'not_start', NULL, NULL, NULL, 20),
(237, 74, 62, 8, 112, 'ĐK & Giao hàng', NULL, NULL, NULL, '7', 'not_start', NULL, NULL, NULL, 5),
(416, 73, 87, 1, 137, 'Ra phôi', '2017-09-28', '2017-09-30', NULL, '5,7', 'pending', '0', '21', NULL, 10),
(417, 73, 87, 2, 137, 'Uốn nhấn', NULL, NULL, NULL, '5,7', 'not_start', NULL, NULL, NULL, 10),
(418, 73, 87, 3, 137, 'Tạo lỗ', NULL, NULL, NULL, '5,7', 'not_start', NULL, NULL, NULL, 15),
(419, 73, 87, 4, 137, 'Cắt góc', '2017-09-27', '2017-09-29', NULL, '5,7', 'not_start', NULL, NULL, NULL, 5),
(420, 73, 87, 5, 137, 'Gá hàn', NULL, NULL, NULL, '5,7', 'not_start', NULL, NULL, NULL, 30),
(421, 73, 87, 6, 137, 'VS-Giao mạ', '2017-09-27', '2017-09-30', NULL, '5,7,3', 'not_start', NULL, NULL, NULL, 5),
(422, 73, 87, 7, 137, 'Mạ kẽm', '2017-09-29', '2017-10-04', NULL, '5,7', 'not_start', NULL, NULL, NULL, 20),
(423, 73, 87, 8, 137, 'ĐK & Giao hàng', '2017-09-27', '2017-10-07', NULL, '5,7', 'not_start', NULL, NULL, NULL, 5),
(424, 70, 96, 1, 146, 'Ra phôi', '2017-09-28', '2017-09-30', NULL, '3', 'pending', '0', '400', NULL, 10),
(425, 70, 96, 2, 146, 'Uốn nhấn', NULL, NULL, NULL, '3', 'not_start', NULL, NULL, NULL, 10),
(426, 70, 96, 3, 146, 'Tạo lỗ', '2017-09-26', '2017-09-28', NULL, '3,7', 'not_start', NULL, NULL, NULL, 15),
(427, 70, 96, 4, 146, 'Cắt góc', '2017-09-27', '2017-09-30', NULL, '3,8', 'not_start', NULL, NULL, NULL, 5),
(428, 70, 96, 5, 146, 'Gá hàn', NULL, NULL, NULL, '3', 'not_start', NULL, NULL, NULL, 30),
(429, 70, 96, 6, 146, 'VS-Giao mạ', '2017-09-27', '2017-10-06', NULL, '3', 'not_start', NULL, NULL, NULL, 5),
(430, 70, 96, 7, 146, 'Mạ kẽm', NULL, NULL, NULL, '3', 'not_start', NULL, NULL, NULL, 20),
(431, 70, 96, 8, 146, 'ĐK & Giao hàng', '2017-09-27', '2017-10-06', NULL, '3', 'not_start', NULL, NULL, NULL, 5),
(432, 74, 96, 1, 146, 'Ra phôi', NULL, NULL, NULL, '8', 'not_start', NULL, NULL, NULL, 10),
(433, 74, 96, 2, 146, 'Uốn nhấn', NULL, NULL, NULL, '8', 'not_start', NULL, NULL, NULL, 10),
(434, 74, 96, 3, 146, 'Tạo lỗ', NULL, NULL, NULL, '8', 'not_start', NULL, NULL, NULL, 15),
(435, 74, 96, 4, 146, 'Cắt góc', NULL, NULL, NULL, '8', 'not_start', NULL, NULL, NULL, 5),
(436, 74, 96, 5, 146, 'Gá hàn', NULL, NULL, NULL, '8', 'not_start', NULL, NULL, NULL, 30),
(437, 74, 96, 6, 146, 'VS-Giao mạ', NULL, NULL, NULL, '8', 'not_start', NULL, NULL, NULL, 5),
(438, 74, 96, 7, 146, 'Mạ kẽm', NULL, NULL, NULL, '8', 'not_start', NULL, NULL, NULL, 20),
(439, 74, 96, 8, 146, 'ĐK & Giao hàng', NULL, NULL, NULL, '8', 'not_start', NULL, NULL, NULL, 5),
(440, 73, 96, 1, 146, 'Ra phôi', NULL, NULL, NULL, '8', 'not_start', NULL, NULL, NULL, 10),
(441, 73, 96, 2, 146, 'Uốn nhấn', NULL, NULL, NULL, '8', 'not_start', NULL, NULL, NULL, 10),
(442, 73, 96, 3, 146, 'Tạo lỗ', NULL, NULL, NULL, '8', 'not_start', NULL, NULL, NULL, 15),
(443, 73, 96, 4, 146, 'Cắt góc', NULL, NULL, NULL, '8', 'not_start', NULL, NULL, NULL, 5),
(444, 73, 96, 5, 146, 'Gá hàn', NULL, NULL, NULL, '8', 'not_start', NULL, NULL, NULL, 30),
(445, 73, 96, 6, 146, 'VS-Giao mạ', NULL, NULL, NULL, '8', 'not_start', NULL, NULL, NULL, 5),
(446, 73, 96, 7, 146, 'Mạ kẽm', NULL, NULL, NULL, '8', 'not_start', NULL, NULL, NULL, 20),
(447, 73, 96, 8, 146, 'ĐK & Giao hàng', NULL, NULL, NULL, '8', 'not_start', NULL, NULL, NULL, 5),
(448, 72, 96, 1, 146, 'Ra phôi', NULL, NULL, NULL, '8', 'not_start', NULL, NULL, NULL, 10),
(449, 72, 96, 2, 146, 'Uốn nhấn', NULL, NULL, NULL, '8', 'not_start', NULL, NULL, NULL, 10),
(450, 72, 96, 3, 146, 'Tạo lỗ', NULL, NULL, NULL, '8', 'not_start', NULL, NULL, NULL, 15),
(451, 72, 96, 4, 146, 'Cắt góc', NULL, NULL, NULL, '8', 'not_start', NULL, NULL, NULL, 5),
(452, 72, 96, 5, 146, 'Gá hàn', NULL, NULL, NULL, '8', 'not_start', NULL, NULL, NULL, 30),
(453, 72, 96, 6, 146, 'VS-Giao mạ', NULL, NULL, NULL, '8', 'not_start', NULL, NULL, NULL, 5),
(454, 72, 96, 7, 146, 'Mạ kẽm', NULL, NULL, NULL, '8', 'not_start', NULL, NULL, NULL, 20),
(455, 72, 96, 8, 146, 'ĐK & Giao hàng', NULL, NULL, NULL, '8', 'not_start', NULL, NULL, NULL, 5),
(464, 70, 100, 1, 151, 'Ra phôi', '2017-09-29', '2017-09-29', NULL, '7', 'completed', '0', '20', NULL, 10),
(465, 70, 100, 2, 151, 'Uốn nhấn', NULL, NULL, NULL, '7', 'not_start', NULL, NULL, NULL, 10),
(466, 70, 100, 3, 151, 'Tạo lỗ', '2017-09-28', '2017-10-06', NULL, '7', 'completed', '0', '10', NULL, 15),
(467, 70, 100, 4, 151, 'Cắt góc', NULL, NULL, NULL, '7,5', 'not_start', NULL, NULL, NULL, 5),
(468, 70, 100, 5, 151, 'Gá hàn', '2017-09-28', '2017-09-30', NULL, '7', 'completed', '0', '20', NULL, 30),
(469, 70, 100, 6, 151, 'VS-Giao mạ', NULL, NULL, NULL, '7', 'not_start', NULL, NULL, NULL, 5),
(470, 70, 100, 7, 151, 'Mạ kẽm', '2017-09-28', '2017-09-30', NULL, '7,3', 'completed', '0', '30', NULL, 20),
(471, 70, 100, 8, 151, 'ĐK & Giao hàng', '2017-10-03', '2017-10-06', NULL, '7', 'completed', '0', '30', NULL, 5),
(472, 71, 100, 1, 151, 'Ra phôi', NULL, NULL, NULL, '5', 'not_start', NULL, NULL, NULL, 10),
(473, 71, 100, 2, 151, 'Uốn nhấn', '2017-09-29', '2017-09-30', NULL, '5', 'not_start', NULL, NULL, NULL, 10),
(474, 71, 100, 3, 151, 'Tạo lỗ', NULL, NULL, NULL, '5', 'not_start', NULL, NULL, NULL, 15),
(475, 71, 100, 4, 151, 'Cắt góc', '2017-09-28', '2017-09-29', NULL, '5', 'pending', '0', '20', NULL, 5),
(476, 71, 100, 5, 151, 'Gá hàn', NULL, NULL, NULL, '5', 'not_start', NULL, NULL, NULL, 30),
(477, 71, 100, 6, 151, 'VS-Giao mạ', '2017-09-30', '2017-10-04', NULL, '5', 'not_start', NULL, NULL, NULL, 5),
(478, 71, 100, 7, 151, 'Mạ kẽm', NULL, NULL, NULL, '5', 'not_start', NULL, NULL, NULL, 20),
(479, 71, 100, 8, 151, 'ĐK & Giao hàng', NULL, NULL, NULL, '5', 'not_start', NULL, NULL, NULL, 5);

-- --------------------------------------------------------

--
-- Cấu trúc bảng cho bảng `sma_production_stage_details`
--

CREATE TABLE `sma_production_stage_details` (
  `id` int(11) NOT NULL,
  `production_id` int(11) DEFAULT NULL,
  `product_id` int(11) DEFAULT NULL,
  `stage_id` int(11) DEFAULT NULL,
  `complete_quantity` decimal(25,0) DEFAULT NULL,
  `user_id` int(11) DEFAULT NULL,
  `note` text COLLATE utf8_unicode_ci,
  `date` datetime DEFAULT CURRENT_TIMESTAMP,
  `user_name` varchar(50) COLLATE utf8_unicode_ci DEFAULT NULL
) ENGINE=InnoDB DEFAULT CHARSET=utf8 COLLATE=utf8_unicode_ci;

--
-- Đang đổ dữ liệu cho bảng `sma_production_stage_details`
--

INSERT INTO `sma_production_stage_details` (`id`, `production_id`, `product_id`, `stage_id`, `complete_quantity`, `user_id`, `note`, `date`, `user_name`) VALUES
(86, 21, 31, 48, '5', 1, '&lt;p&gt;5&lt;&sol;p&gt;', '2017-08-31 17:08:00', 'Owner Owner'),
(87, 21, 31, 48, '3', 1, '&lt;p&gt;3&lt;&sol;p&gt;', '2017-08-31 17:09:00', 'Owner Owner'),
(88, 52, 43, 90, '10', 1, '&lt;p&gt;zzzzzzz&lt;&sol;p&gt;', '2017-09-19 11:26:00', 'Owner Owner'),
(89, 52, 43, 90, '20', 1, '&lt;p&gt;zzzzzzzz&lt;&sol;p&gt;', '2017-09-19 11:27:00', 'Owner Owner'),
(90, 52, 43, 90, '50', 1, '&lt;p&gt;zzzzzzzzzz&lt;&sol;p&gt;', '2017-09-19 11:28:00', 'Owner Owner'),
(91, 52, 42, 82, '20', 1, '&lt;p&gt;vvv&lt;&sol;p&gt;', '2017-09-19 11:35:00', 'Owner Owner'),
(92, 52, 42, 82, '50', 1, '&lt;p&gt;8g4f5gh&lt;&sol;p&gt;', '2017-09-19 11:36:00', 'Owner Owner'),
(93, 52, 42, 82, '0', 1, '&lt;p&gt;599&lt;&sol;p&gt;', '2017-09-20 11:35:00', 'Owner Owner'),
(94, 52, 42, 82, '20', 1, '&lt;p&gt;vvvvvv&lt;&sol;p&gt;', '2017-09-19 15:50:00', 'Owner Owner'),
(95, 52, 42, 82, '10', 1, '&lt;p&gt;xxxx&lt;&sol;p&gt;', '2017-09-19 15:52:00', 'Owner Owner'),
(96, 52, 42, 83, '48', 1, '&lt;p&gt;nnn&lt;&sol;p&gt;', '2017-09-19 15:53:00', 'Owner Owner'),
(97, 52, 42, 84, '47', 1, '&lt;p&gt;xxxx&lt;&sol;p&gt;', '2017-09-19 15:54:00', 'Owner Owner'),
(98, 52, 42, 84, '5', 1, '&lt;p&gt;ccaa&lt;&sol;p&gt;', '2017-09-19 15:56:00', 'Owner Owner'),
(99, 52, 42, 83, '2', 1, '&lt;p&gt;vvvvvvv&lt;&sol;p&gt;', '2017-09-19 15:57:00', 'Owner Owner'),
(100, 52, 42, 83, '8', 1, '&lt;p&gt;aaaaaaaaa&lt;&sol;p&gt;', '2017-09-19 15:57:00', 'Owner Owner'),
(101, 52, 42, 82, '50', 1, '&lt;p&gt;aaaaaaa&lt;&sol;p&gt;', '2017-09-19 15:58:00', 'Owner Owner'),
(102, 52, 42, 82, '10', 1, '&lt;p&gt;xxxxx&lt;&sol;p&gt;', '2017-09-19 16:56:00', 'Owner Owner'),
(103, 52, 42, 82, '40', 1, '&lt;p&gt;zzxc&lt;&sol;p&gt;', '2017-09-19 16:57:00', 'Owner Owner'),
(104, 52, 41, 87, '10', 1, '&lt;p&gt;zxc&lt;&sol;p&gt;', '2017-09-19 16:59:00', 'Owner Owner'),
(105, 52, 42, 83, '10', 1, '&lt;p&gt;cccccc&lt;&sol;p&gt;', '2017-09-19 17:05:00', 'Owner Owner'),
(106, 52, 42, 83, '2', 1, '&lt;p&gt;xxx&lt;&sol;p&gt;', '2017-09-19 17:06:00', 'Owner Owner'),
(107, 52, 42, 84, '20', 1, '&lt;p&gt;zxxxx&lt;&sol;p&gt;', '2017-09-19 17:08:00', 'Owner Owner'),
(108, 52, 42, 84, '8', 1, '&lt;p&gt;xxxx&lt;&sol;p&gt;', '2017-09-19 17:08:00', 'Owner Owner'),
(109, 52, 42, 85, '6', 1, '&lt;p&gt;xxx&lt;&sol;p&gt;', '2017-09-19 17:10:00', 'Owner Owner'),
(110, 52, 42, 85, '4', 1, '&lt;p&gt;zzzz&lt;&sol;p&gt;', '2017-09-19 17:11:00', 'Owner Owner'),
(111, 52, 42, 82, '50', 1, '&lt;p&gt;21&lt;&sol;p&gt;', '2017-09-19 17:16:00', 'Owner Owner'),
(112, 52, 42, 82, '0', 1, '&lt;p&gt;qswd&lt;&sol;p&gt;', '2017-09-20 08:04:00', 'Owner Owner'),
(113, 52, 42, 83, '0', 1, '&lt;p&gt;aaaaa&lt;&sol;p&gt;', '2017-09-20 08:04:00', 'Owner Owner'),
(114, 52, 42, 83, '0', 1, '&lt;p&gt;zxczxc&lt;&sol;p&gt;', '2017-09-20 00:00:00', 'Owner Owner'),
(115, 52, 42, 83, '0', 1, '&lt;p&gt;zxcxc&lt;&sol;p&gt;', '2017-09-20 00:00:00', 'Owner Owner'),
(116, 52, 42, 84, '10', 1, '&lt;p&gt;xxxxx&lt;&sol;p&gt;', '2017-09-20 00:00:00', 'Owner Owner'),
(117, 52, 42, 85, '10', 1, '&lt;p&gt;cccccc&lt;&sol;p&gt;', '2017-09-20 00:00:00', 'Owner Owner'),
(118, 52, 42, 84, '0', 1, '&lt;p&gt;12&lt;&sol;p&gt;', '2017-09-20 00:00:00', 'Owner Owner'),
(119, 52, 42, 85, '0', 1, '&lt;p&gt;11&lt;&sol;p&gt;', '2017-09-20 00:00:00', 'Owner Owner'),
(120, 52, 41, 86, '30', 1, '&lt;p&gt;zxczxc&lt;&sol;p&gt;', '2017-09-20 00:00:00', 'Owner Owner'),
(121, 52, 41, 87, '10', 1, '&lt;p&gt;xxxxxx&lt;&sol;p&gt;', '2017-09-20 00:00:00', 'Owner Owner'),
(122, 52, 41, 88, '30', 1, '&lt;p&gt;zxcxc&lt;&sol;p&gt;', '2017-09-20 00:00:00', 'Owner Owner'),
(123, 52, 41, 89, '30', 1, '&lt;p&gt;zxczxc&lt;&sol;p&gt;', '2017-09-20 00:00:00', 'Owner Owner'),
(124, 52, 41, 86, '10', 1, '&lt;p&gt;zxczxc&lt;&sol;p&gt;', '2017-09-20 00:00:00', 'Owner Owner'),
(125, 52, 41, 87, '20', 1, '&lt;p&gt;zczxc&lt;&sol;p&gt;', '2017-09-20 00:00:00', 'Owner Owner'),
(126, 52, 41, 89, '0', 1, '&lt;p&gt;aaaa&lt;&sol;p&gt;', '2017-09-20 00:00:00', 'Owner Owner'),
(127, 52, 41, 87, '0', 1, '&lt;p&gt;zxczxc&lt;&sol;p&gt;', '2017-09-20 00:00:00', 'Owner Owner'),
(128, 52, 41, 86, '10', 1, '&lt;p&gt;xxxxa&lt;&sol;p&gt;', '2017-09-20 00:00:00', 'Owner Owner'),
(129, 52, 41, 86, '0', 1, '&lt;p&gt;123321&lt;&sol;p&gt;', '2017-09-20 00:00:00', 'Owner Owner'),
(130, 52, 41, 88, '10', 1, '&lt;p&gt;czxczx&lt;&sol;p&gt;', '2017-09-20 00:00:00', 'Owner Owner'),
(131, 52, 41, 88, '10', 1, '&lt;p&gt;zxczxc&lt;&sol;p&gt;', '2017-09-20 00:00:00', 'Owner Owner'),
(132, 52, 41, 88, '10', 1, '&lt;p&gt;zxc&lt;&sol;p&gt;', '2017-09-20 00:00:00', 'Owner Owner'),
(133, 52, 41, 88, '10', 1, '&lt;p&gt;zxc&lt;&sol;p&gt;', '2017-09-20 00:00:00', 'Owner Owner'),
(134, 52, 41, 88, '10', 1, '&lt;p&gt;zxc&lt;&sol;p&gt;', '2017-09-20 00:00:00', 'Owner Owner'),
(135, 52, 41, 88, '10', 1, '&lt;p&gt;xxxx&lt;&sol;p&gt;', '2017-09-20 00:00:00', 'Owner Owner'),
(136, 52, 41, 88, '20', 1, '&lt;p&gt;zxczx&lt;&sol;p&gt;', '2017-09-20 00:00:00', 'Owner Owner'),
(137, 52, 41, 88, '0', 1, '&lt;p&gt;s1df&lt;&sol;p&gt;', '2017-09-20 00:00:00', 'Owner Owner'),
(138, 53, 43, 94, '30', 1, '&lt;p&gt;zzzzz&lt;&sol;p&gt;', '2017-09-20 00:00:00', 'Owner Owner'),
(139, 53, 43, 94, '10', 1, '&lt;p&gt;xxxxxx&lt;&sol;p&gt;', '2017-09-20 00:00:00', 'Owner Owner'),
(140, 52, 43, 90, '10', 1, '&lt;p&gt;cccc&lt;&sol;p&gt;', '2017-09-20 00:00:00', 'Owner Owner'),
(141, 52, 43, 90, '10', 1, '&lt;p&gt;cccccc&lt;&sol;p&gt;', '2017-09-20 00:00:00', 'Owner Owner'),
(142, 52, 43, 90, '10', 1, '&lt;p&gt;ffff&lt;&sol;p&gt;', '2017-09-20 00:00:00', 'Owner Owner'),
(143, 55, 70, 166, '20', 1, '&lt;p&gt;0&lt;&sol;p&gt;', '2017-09-21 00:00:00', 'Owner Owner'),
(144, 55, 71, 174, '10', 1, '&lt;p&gt;zzzz&lt;&sol;p&gt;', '2017-09-21 00:00:00', 'Owner Owner'),
(145, 55, 70, 166, '30', 1, '&lt;p&gt;xxx&lt;&sol;p&gt;', '2017-09-21 00:00:00', 'Owner Owner'),
(146, 55, 70, 167, '20', 1, '&lt;p&gt;xxxxxxx&lt;&sol;p&gt;', '2017-09-21 00:00:00', 'Owner Owner'),
(147, 55, 70, 167, '0', 1, '&lt;p&gt;Ho&agrave;n th&agrave;nh&lt;&sol;p&gt;', '2017-09-21 00:00:00', 'Owner Owner'),
(148, 55, 70, 166, '0', 1, '&lt;p&gt;xxxx&lt;&sol;p&gt;', '2017-09-21 00:00:00', 'Owner Owner'),
(149, 55, 70, 168, '30', 1, '&lt;p&gt;xxxx&lt;&sol;p&gt;', '2017-09-21 00:00:00', 'Owner Owner'),
(150, 55, 70, 168, '0', 1, '&lt;p&gt;qqq&lt;&sol;p&gt;', '2017-09-21 00:00:00', 'Owner Owner'),
(151, 55, 70, 169, '50', 1, '&lt;p&gt;ccc&lt;&sol;p&gt;', '2017-09-21 00:00:00', 'Owner Owner'),
(152, 55, 70, 169, '0', 1, '&lt;p&gt;ffff&lt;&sol;p&gt;', '2017-09-21 00:00:00', 'Owner Owner'),
(153, 55, 70, 170, '0', 1, '&lt;p&gt;vvvv&lt;&sol;p&gt;', '2017-09-21 00:00:00', 'Owner Owner'),
(154, 55, 70, 171, '0', 1, '&lt;p&gt;xxxx&lt;&sol;p&gt;', '2017-09-21 00:00:00', 'Owner Owner'),
(155, 55, 70, 172, '0', 1, '&lt;p&gt;xxxx&lt;&sol;p&gt;', '2017-09-21 00:00:00', 'Owner Owner'),
(156, 55, 70, 173, '0', 1, '&lt;p&gt;xxxxx&lt;&sol;p&gt;', '2017-09-21 00:00:00', 'Owner Owner'),
(157, 55, 71, 174, '15', 1, '&lt;p&gt;aaaaaa&lt;&sol;p&gt;', '2017-09-21 00:00:00', 'Owner Owner'),
(158, 61, 70, 190, '5', 1, '&lt;p&gt;FGF&lt;&sol;p&gt;', '2017-09-21 00:00:00', 'Owner Owner'),
(159, 61, 70, 193, '30', 1, '&lt;p&gt;xxxxx&lt;&sol;p&gt;', '2017-09-22 00:00:00', 'Owner Owner'),
(160, 61, 71, 201, '50', 1, '&lt;p&gt;xccc&lt;&sol;p&gt;', '2017-09-22 00:00:00', 'Owner Owner'),
(161, 61, 72, 207, '90', 1, '&lt;p&gt;xxxxx&lt;&sol;p&gt;', '2017-09-22 00:00:00', 'Owner Owner'),
(162, 61, 72, 206, '100', 1, '&lt;p&gt;llll&lt;&sol;p&gt;', '2017-09-22 00:00:00', 'Owner Owner'),
(163, 61, 70, 190, '0', 1, '&lt;p&gt;zxczxc&lt;&sol;p&gt;', '2017-09-22 00:00:00', 'Owner Owner'),
(164, 61, 70, 193, '0', 1, '&lt;p&gt;zxczx&lt;&sol;p&gt;', '2017-09-22 00:00:00', 'Owner Owner'),
(165, 61, 71, 198, '0', 1, '&lt;p&gt;zxczc&lt;&sol;p&gt;', '2017-09-22 00:00:00', 'Owner Owner'),
(166, 61, 71, 201, '0', 1, '&lt;p&gt;zxczxcz&lt;&sol;p&gt;', '2017-09-22 00:00:00', 'Owner Owner'),
(167, 61, 71, 202, '0', 1, '&lt;p&gt;zxcc&lt;&sol;p&gt;', '2017-09-22 00:00:00', 'Owner Owner'),
(168, 61, 71, 204, '0', 1, '&lt;p&gt;zxczxc&lt;&sol;p&gt;', '2017-09-22 00:00:00', 'Owner Owner'),
(169, 61, 71, 203, '0', 1, '&lt;p&gt;zxczxczx&lt;&sol;p&gt;', '2017-09-22 00:00:00', 'Owner Owner'),
(170, 61, 72, 206, '0', 1, '&lt;p&gt;1111&lt;&sol;p&gt;', '2017-09-22 00:00:00', 'Owner Owner'),
(171, 61, 72, 207, '0', 1, '&lt;p&gt;1111&lt;&sol;p&gt;', '2017-09-22 00:00:00', 'Owner Owner'),
(172, 61, 72, 210, '0', 1, '&lt;p&gt;1111&lt;&sol;p&gt;', '2017-09-22 00:00:00', 'Owner Owner'),
(173, 61, 72, 212, '0', 1, '&lt;p&gt;2222&lt;&sol;p&gt;', '2017-09-22 00:00:00', 'Owner Owner'),
(174, 62, 70, 214, '10', 1, '&lt;p&gt;xxxxxx&lt;&sol;p&gt;', '2017-09-22 00:00:00', 'Owner Owner'),
(175, 62, 70, 216, '20', 1, '&lt;p&gt;xxxxx&lt;&sol;p&gt;', '2017-09-22 00:00:00', 'Owner Owner'),
(176, 87, 73, 416, '1', 1, '&lt;p&gt;xxxx&lt;&sol;p&gt;', '2017-09-23 00:00:00', 'Owner Owner'),
(177, 87, 73, 416, '20', 1, '&lt;p&gt;test&lt;&sol;p&gt;', '2017-09-25 00:00:00', 'Owner Owner'),
(178, 96, 70, 424, '400', 1, '&lt;p&gt;aaaaaaaaaaa&lt;&sol;p&gt;', '2017-09-26 00:00:00', 'Owner Owner'),
(179, 101, 70, 480, '10', 1, '&lt;p&gt;zxczxc&lt;&sol;p&gt;', '2017-09-29 00:00:00', 'Owner Owner'),
(180, 100, 70, 464, '20', 1, '&lt;p&gt;Ok&lt;&sol;p&gt;', '2017-10-03 00:00:00', 'Owner Owner'),
(181, 100, 70, 466, '10', 1, '&lt;p&gt;AAA&lt;&sol;p&gt;', '2017-10-03 00:00:00', 'Owner Owner'),
(182, 100, 70, 468, '20', 1, '&lt;p&gt;ZZZ&lt;&sol;p&gt;', '2017-10-03 00:00:00', 'Owner Owner'),
(183, 100, 70, 470, '30', 1, '&lt;p&gt;QQA&lt;&sol;p&gt;', '2017-10-03 00:00:00', 'Owner Owner'),
(184, 100, 70, 471, '30', 1, '&lt;p&gt;TTT&lt;&sol;p&gt;', '2017-10-03 00:00:00', 'Owner Owner'),
(185, 100, 70, 464, '0', 1, '&lt;p&gt;OK&lt;&sol;p&gt;', '2017-10-03 00:00:00', 'Owner Owner'),
(186, 100, 70, 466, '0', 1, '&lt;p&gt;OK&lt;&sol;p&gt;', '2017-10-03 00:00:00', 'Owner Owner'),
(187, 100, 70, 468, '0', 1, '&lt;p&gt;OK&lt;&sol;p&gt;', '2017-10-03 00:00:00', 'Owner Owner'),
(188, 100, 70, 470, '0', 1, '&lt;p&gt;OK&lt;&sol;p&gt;', '2017-10-03 00:00:00', 'Owner Owner'),
(189, 100, 70, 471, '0', 1, '&lt;p&gt;OK&lt;&sol;p&gt;', '2017-10-03 00:00:00', 'Owner Owner'),
(190, 100, 71, 475, '20', 1, '&lt;p&gt;Ok&lt;&sol;p&gt;', '2017-10-03 00:00:00', 'Owner Owner');

-- --------------------------------------------------------

--
-- Cấu trúc bảng cho bảng `sma_products`
--

CREATE TABLE `sma_products` (
  `id` int(11) NOT NULL,
  `code` varchar(50) DEFAULT NULL,
  `name` char(255) DEFAULT NULL,
  `unit` varchar(50) DEFAULT NULL,
  `cost` decimal(25,4) DEFAULT NULL,
  `price` decimal(25,4) DEFAULT NULL,
  `alert_quantity` decimal(15,4) DEFAULT '20.0000',
  `image` varchar(255) DEFAULT 'no_image.png',
  `category_id` int(11) DEFAULT NULL,
  `subcategory_id` int(11) DEFAULT NULL,
  `cf1` varchar(255) DEFAULT NULL,
  `cf2` varchar(255) DEFAULT NULL,
  `cf3` varchar(255) DEFAULT NULL,
  `cf4` text,
  `cf5` text,
  `cf6` varchar(255) DEFAULT NULL,
  `cf7` text NOT NULL,
  `cf8` text NOT NULL,
  `quantity` decimal(15,4) DEFAULT '0.0000',
  `tax_rate` int(11) DEFAULT NULL,
  `track_quantity` tinyint(1) DEFAULT '1',
  `details` varchar(1000) DEFAULT NULL,
  `warehouse` int(11) DEFAULT '1',
  `barcode_symbology` varchar(55) DEFAULT 'code128',
  `file` varchar(100) DEFAULT NULL,
  `product_details` text,
  `tax_method` tinyint(1) DEFAULT '0',
  `type` varchar(55) DEFAULT 'standard',
  `supplier1` int(11) DEFAULT NULL,
  `supplier1price` decimal(25,4) DEFAULT NULL,
  `supplier2` int(11) DEFAULT NULL,
  `supplier2price` decimal(25,4) DEFAULT NULL,
  `supplier3` int(11) DEFAULT NULL,
  `supplier3price` decimal(25,4) DEFAULT NULL,
  `supplier4` int(11) DEFAULT NULL,
  `supplier4price` decimal(25,4) DEFAULT NULL,
  `supplier5` int(11) DEFAULT NULL,
  `supplier5price` decimal(25,4) DEFAULT NULL,
  `quantity_config` int(10) NOT NULL
) ENGINE=InnoDB DEFAULT CHARSET=utf8;

--
-- Đang đổ dữ liệu cho bảng `sma_products`
--

INSERT INTO `sma_products` (`id`, `code`, `name`, `unit`, `cost`, `price`, `alert_quantity`, `image`, `category_id`, `subcategory_id`, `cf1`, `cf2`, `cf3`, `cf4`, `cf5`, `cf6`, `cf7`, `cf8`, `quantity`, `tax_rate`, `track_quantity`, `details`, `warehouse`, `barcode_symbology`, `file`, `product_details`, `tax_method`, `type`, `supplier1`, `supplier1price`, `supplier2`, `supplier2price`, `supplier3`, `supplier3price`, `supplier4`, `supplier4price`, `supplier5`, `supplier5price`, `quantity_config`) VALUES
(70, 'KTMT16', 'KIM THU SÉT L =1,8M T16', 'Tấm', NULL, '20000.0000', NULL, 'no_image.png', 3, NULL, '200X200', '5.02', '2', NULL, '[{\"id\":\"4\",\"item\":\"Th\\u00e9p t\\u1ea5m\",\"quantity\":\"1\"}]', '2', '', '', '0.0000', NULL, 0, NULL, 1, NULL, NULL, '', NULL, NULL, NULL, NULL, NULL, NULL, NULL, NULL, NULL, NULL, NULL, NULL, 1),
(71, 'KTST8', 'KIM THU SÉT L=1,18M T8', 'Tấm', NULL, '3000.0000', NULL, 'no_image.png', 3, NULL, '120x75', '1.7', '2', NULL, '[{\"id\":\"2\",\"item\":\"Bao tr\\u1eafng\",\"quantity\":\"1\"},{\"id\":\"4\",\"item\":\"Th\\u00e9p t\\u1ea5m\",\"quantity\":\"1\"}]', '2', '', '', '0.0000', NULL, 0, NULL, 1, NULL, NULL, '', NULL, NULL, NULL, NULL, NULL, NULL, NULL, NULL, NULL, NULL, NULL, NULL, 3),
(72, 'KTSF25', 'KIM THU SÉT L=1,18M F25', '', NULL, '15000.0000', NULL, 'no_image.png', 3, NULL, '1800', '6.93', '1', NULL, '[{\"id\":\"5\",\"item\":\"Nguyen vat lieu 1\",\"quantity\":\"1\"}]', '1', '', '', '0.0000', NULL, 0, NULL, 1, NULL, NULL, '', NULL, NULL, NULL, NULL, NULL, NULL, NULL, NULL, NULL, NULL, NULL, NULL, 1),
(73, 'MBBDCT5', 'MẶT BÍCH BÍT ĐẦU CỘT T5', '', NULL, '5000.0000', NULL, 'no_image.png', 4, NULL, '200x200', '1.57', '2', NULL, '[{\"id\":\"3\",\"item\":\"S\\u01a1n xanh\",\"quantity\":\"10\"}]', '2', '', '', '0.0000', NULL, 0, NULL, 1, NULL, NULL, '', NULL, NULL, NULL, NULL, NULL, NULL, NULL, NULL, NULL, NULL, NULL, NULL, 1),
(74, 'V26-T1', 'ĐỐT CỘT 660x660x;L=5500 V26-T1', 'Thanh', NULL, '88000.0000', NULL, 'no_image.png', 5, NULL, '5484', '131.08', '10', NULL, '[{\"id\":\"5\",\"item\":\"Nguyen vat lieu 1\",\"quantity\":\"1\"}]', '5', '', '', '0.0000', NULL, 0, NULL, 1, NULL, NULL, '', NULL, NULL, NULL, NULL, NULL, NULL, NULL, NULL, NULL, NULL, NULL, NULL, 3),
(75, 'V26-T2', 'ĐỐT CỘT 660x660x;L=5500 V26-T2', 'Thanh', NULL, '7500.0000', NULL, 'no_image.png', 5, NULL, '6425', '47.61', '4', NULL, '[{\"id\":\"5\",\"item\":\"Nguyen vat lieu 1\",\"quantity\":\"1\"}]', '2', '', '', '0.0000', NULL, 0, NULL, 1, NULL, NULL, '', NULL, NULL, NULL, NULL, NULL, NULL, NULL, NULL, NULL, NULL, NULL, NULL, 3),
(76, 'V26-T2.1', 'ĐỐT CỘT 660x660x;L=5500 V26-T2', 'Thanh', NULL, '40000.0000', NULL, 'no_image.png', 5, NULL, '7200', '53.35', '4', NULL, '[{\"id\":\"5\",\"item\":\"Nguyen vat lieu 1\",\"quantity\":\"1\"}]', '2', '', '', '0.0000', NULL, 0, NULL, 1, NULL, NULL, '', NULL, NULL, NULL, NULL, NULL, NULL, NULL, NULL, NULL, NULL, NULL, NULL, 3),
(77, 'V26-T3', 'ĐỐT CỘT 660x660x;L=5500 V26-T3', 'Thanh', NULL, '500000.0000', NULL, 'no_image.png', 5, NULL, '365', '8.11', '4', NULL, '[{\"id\":\"5\",\"item\":\"Nguyen vat lieu 1\",\"quantity\":\"1\"}]', '4', '', '', '0.0000', NULL, 0, NULL, 1, NULL, NULL, '', NULL, NULL, NULL, NULL, NULL, NULL, NULL, NULL, NULL, NULL, NULL, NULL, 9),
(78, 'V26-B1', 'ĐỐT CỘT 660x660x;L=5500 V26-B1', 'Tấm', NULL, '8900.0000', NULL, 'no_image.png', 5, NULL, '200x200', '30.14', '2', NULL, '[{\"id\":\"5\",\"item\":\"Nguyen vat lieu 1\",\"quantity\":\"1\"}]', '2', '', '', '0.0000', NULL, 0, NULL, 1, NULL, NULL, '', NULL, NULL, NULL, NULL, NULL, NULL, NULL, NULL, NULL, NULL, NULL, NULL, 6);

-- --------------------------------------------------------

--
-- Cấu trúc bảng cho bảng `sma_product_photos`
--

CREATE TABLE `sma_product_photos` (
  `id` int(11) NOT NULL,
  `product_id` int(11) NOT NULL,
  `photo` varchar(100) NOT NULL
) ENGINE=InnoDB DEFAULT CHARSET=utf8;

-- --------------------------------------------------------

--
-- Cấu trúc bảng cho bảng `sma_product_variants`
--

CREATE TABLE `sma_product_variants` (
  `id` int(11) NOT NULL,
  `product_id` int(11) NOT NULL,
  `name` varchar(55) NOT NULL,
  `cost` decimal(25,4) DEFAULT NULL,
  `price` decimal(25,4) DEFAULT NULL,
  `quantity` decimal(15,4) DEFAULT NULL
) ENGINE=InnoDB DEFAULT CHARSET=utf8;

--
-- Đang đổ dữ liệu cho bảng `sma_product_variants`
--

INSERT INTO `sma_product_variants` (`id`, `product_id`, `name`, `cost`, `price`, `quantity`) VALUES
(1, 45, 'Red', NULL, NULL, NULL),
(2, 45, 'Blue', NULL, NULL, NULL),
(3, 45, 'Black', NULL, NULL, NULL),
(4, 45, 'White', NULL, NULL, NULL),
(5, 46, 'Red', NULL, NULL, NULL),
(6, 46, 'Blue', NULL, NULL, NULL),
(7, 46, 'Black', NULL, NULL, NULL),
(8, 46, 'White', NULL, NULL, NULL),
(9, 47, 'Red', NULL, NULL, NULL),
(10, 47, 'Blue', NULL, NULL, NULL),
(11, 47, 'Black', NULL, NULL, NULL),
(12, 47, 'White', NULL, NULL, NULL),
(13, 48, 'Red', NULL, NULL, NULL),
(14, 48, 'Blue', NULL, NULL, NULL),
(15, 48, 'Black', NULL, NULL, NULL),
(16, 48, 'White', NULL, NULL, NULL),
(17, 49, 'Red', NULL, NULL, NULL),
(18, 49, 'Blue', NULL, NULL, NULL),
(19, 49, 'Black', NULL, NULL, NULL),
(20, 49, 'White', NULL, NULL, NULL),
(21, 50, 'Red', NULL, NULL, NULL),
(22, 50, 'Blue', NULL, NULL, NULL),
(23, 50, 'Black', NULL, NULL, NULL),
(24, 50, 'White', NULL, NULL, NULL),
(25, 51, 'Red', NULL, NULL, NULL),
(26, 51, 'Blue', NULL, NULL, NULL),
(27, 51, 'Black', NULL, NULL, NULL),
(28, 51, 'White', NULL, NULL, NULL),
(29, 52, 'Red', NULL, NULL, NULL),
(30, 52, 'Blue', NULL, NULL, NULL),
(31, 52, 'Black', NULL, NULL, NULL),
(32, 52, 'White', NULL, NULL, NULL),
(33, 53, 'Red', NULL, NULL, NULL),
(34, 53, 'Blue', NULL, NULL, NULL),
(35, 53, 'Black', NULL, NULL, NULL),
(36, 53, 'White', NULL, NULL, NULL),
(37, 54, 'Red', NULL, NULL, NULL),
(38, 54, 'Blue', NULL, NULL, NULL),
(39, 54, 'Black', NULL, NULL, NULL),
(40, 54, 'White', NULL, NULL, NULL);

-- --------------------------------------------------------

--
-- Cấu trúc bảng cho bảng `sma_purchases`
--

CREATE TABLE `sma_purchases` (
  `id` int(11) NOT NULL,
  `production_id` int(11) NOT NULL,
  `parent_id` int(10) NOT NULL,
  `reference_no` varchar(55) NOT NULL,
  `date` date NOT NULL,
  `supplier_id` int(11) DEFAULT NULL,
  `supplier` varchar(55) DEFAULT NULL,
  `warehouse_id` int(11) NOT NULL,
  `note` varchar(1000) NOT NULL,
  `total` decimal(25,4) DEFAULT NULL,
  `product_discount` decimal(25,4) DEFAULT NULL,
  `order_discount_id` varchar(20) DEFAULT NULL,
  `order_discount` decimal(25,4) DEFAULT NULL,
  `total_discount` decimal(25,4) DEFAULT NULL,
  `product_tax` decimal(25,4) DEFAULT NULL,
  `order_tax_id` int(11) DEFAULT NULL,
  `order_tax` decimal(25,4) DEFAULT NULL,
  `total_tax` decimal(25,4) DEFAULT '0.0000',
  `shipping` decimal(25,4) DEFAULT '0.0000',
  `grand_total` decimal(25,4) NOT NULL,
  `paid` decimal(25,4) NOT NULL DEFAULT '0.0000',
  `status` varchar(55) DEFAULT '',
  `payment_status` varchar(20) DEFAULT 'pending',
  `created_by` int(11) DEFAULT NULL,
  `updated_by` int(11) DEFAULT NULL,
  `updated_at` timestamp NULL DEFAULT NULL,
  `attachment` varchar(55) DEFAULT NULL
) ENGINE=InnoDB DEFAULT CHARSET=utf8;

--
-- Đang đổ dữ liệu cho bảng `sma_purchases`
--

INSERT INTO `sma_purchases` (`id`, `production_id`, `parent_id`, `reference_no`, `date`, `supplier_id`, `supplier`, `warehouse_id`, `note`, `total`, `product_discount`, `order_discount_id`, `order_discount`, `total_discount`, `product_tax`, `order_tax_id`, `order_tax`, `total_tax`, `shipping`, `grand_total`, `paid`, `status`, `payment_status`, `created_by`, `updated_by`, `updated_at`, `attachment`) VALUES
(154, 0, 0, 'PO/2017/07/0100', '2017-07-20', 2, 'Yanstore', 1, '', '2000.0000', '0.0000', NULL, '0.0000', '0.0000', '0.0000', 0, '0.0000', '0.0000', '0.0000', '2000.0000', '0.0000', 'received', 'pending', 1, NULL, NULL, NULL),
(158, 0, 0, 'ENQUERY/2017/09/0055', '2017-09-11', NULL, NULL, 1, '&lt;p&gt;Y&ecirc;u cầu nhập h&agrave;ng &sol; 2017-09-11&lt;&sol;p&gt;', '0.0000', '0.0000', NULL, '0.0000', '0.0000', '0.0000', NULL, '0.0000', '0.0000', '0.0000', '0.0000', '0.0000', 'approval', 'paid', 1, 1, '2017-09-11 05:46:33', NULL),
(159, 0, 0, '12', '2017-09-11', 2, 'Yanstore', 1, '', '0.0000', '0.0000', NULL, '0.0000', '0.0000', '0.0000', 0, '0.0000', '0.0000', '0.0000', '0.0000', '0.0000', 'received', 'pending', 1, NULL, NULL, NULL),
(160, 0, 0, 'uuuu', '2017-09-11', 2, 'Yanstore', 1, '', '0.0000', '0.0000', NULL, '0.0000', '0.0000', '0.0000', 0, '0.0000', '0.0000', '0.0000', '0.0000', '0.0000', 'received', 'pending', 1, NULL, NULL, NULL),
(161, 0, 0, 'DMH', '2017-09-20', NULL, NULL, 1, '', '2000.0000', '0.0000', NULL, '0.0000', '0.0000', '0.0000', 0, '0.0000', '0.0000', '0.0000', '2000.0000', '0.0000', 'done', 'pending', 1, 1, '2017-09-20 10:30:30', NULL),
(162, 0, 0, 'NH001', '2017-09-20', 2, 'Yanstore', 1, '', '2000.0000', '0.0000', NULL, '0.0000', '0.0000', '0.0000', 0, '0.0000', '0.0000', '0.0000', '2000.0000', '0.0000', 'received', 'pending', 1, NULL, NULL, NULL),
(163, 0, 0, 'ted', '2017-09-27', NULL, NULL, 1, '', '159800000.0000', '0.0000', NULL, '0.0000', '0.0000', '0.0000', 0, '0.0000', '0.0000', '0.0000', '159800000.0000', '0.0000', 'done', 'pending', 1, 1, '2017-09-27 03:43:13', NULL),
(164, 0, 0, 'tt', '2017-09-27', 2, 'Yanstore', 1, '', '100000000.0000', '0.0000', NULL, '0.0000', '0.0000', '0.0000', 0, '0.0000', '0.0000', '0.0000', '100000000.0000', '0.0000', 'received', 'pending', 1, NULL, NULL, NULL),
(165, 0, 0, 'fff', '2017-09-27', 2, 'Yanstore', 1, '', '59800000.0000', '0.0000', NULL, '0.0000', '0.0000', '0.0000', 0, '0.0000', '0.0000', '0.0000', '59800000.0000', '0.0000', 'received', 'pending', 1, NULL, NULL, NULL),
(166, 0, 0, 'TTT', '2017-09-27', NULL, NULL, 1, '', '1200000000.0000', '0.0000', NULL, '0.0000', '0.0000', '0.0000', NULL, '0.0000', '0.0000', '0.0000', '1200000000.0000', '0.0000', 'done', 'pending', 1, 1, '2017-09-27 04:17:41', NULL),
(167, 0, 0, 'FFF', '2017-09-27', 2, 'Yanstore', 1, '', '800000000.0000', '0.0000', NULL, '0.0000', '0.0000', '0.0000', 0, '0.0000', '0.0000', '0.0000', '800000000.0000', '0.0000', 'received', 'pending', 1, NULL, NULL, NULL),
(168, 0, 0, 'FFF2', '2017-09-27', 2, 'Yanstore', 1, '', '400000000.0000', '0.0000', NULL, '0.0000', '0.0000', '0.0000', 0, '0.0000', '0.0000', '0.0000', '400000000.0000', '0.0000', 'received', 'pending', 1, NULL, NULL, NULL),
(169, 0, 0, 'ENQUERY/2017/09/0056', '2017-09-27', NULL, NULL, 1, '', '1200000000.0000', '0.0000', NULL, '0.0000', '0.0000', '0.0000', 0, '0.0000', '0.0000', '0.0000', '1200000000.0000', '0.0000', 'approval', 'pending', 1, 1, '2017-09-27 04:28:59', NULL),
(238, 100, 0, 'Z1', '2017-10-03', NULL, NULL, 1, '', '2401800.0000', '0.0000', NULL, '0.0000', '0.0000', '0.0000', NULL, '0.0000', '0.0000', '0.0000', '2401800.0000', '0.0000', 'approval', 'pending', 1, NULL, NULL, NULL),
(239, 0, 238, 'NH-Z1-01', '2017-10-03', 2, 'Yanstore', 1, '', '1200.0000', '0.0000', NULL, '0.0000', '0.0000', '0.0000', NULL, '0.0000', '0.0000', '0.0000', '1200.0000', '0.0000', 'received', 'pending', 1, 1, '2017-10-03 11:20:45', NULL),
(240, 0, 238, 'NH-Z1-02', '2017-10-03', 2, 'Yanstore', 1, '', '400600.0000', '0.0000', NULL, '0.0000', '0.0000', '0.0000', 0, '0.0000', '0.0000', '0.0000', '400600.0000', '0.0000', 'received', 'pending', 1, NULL, NULL, NULL);

-- --------------------------------------------------------

--
-- Cấu trúc bảng cho bảng `sma_purchase_items`
--

CREATE TABLE `sma_purchase_items` (
  `id` int(11) NOT NULL,
  `purchase_id` int(11) DEFAULT NULL,
  `transfer_id` int(11) DEFAULT NULL,
  `product_id` int(11) DEFAULT NULL,
  `item_id` int(10) DEFAULT NULL,
  `product_code` varchar(50) DEFAULT NULL,
  `product_name` varchar(255) DEFAULT NULL,
  `option_id` int(11) DEFAULT NULL,
  `net_unit_cost` decimal(25,4) DEFAULT NULL,
  `quantity` decimal(15,4) DEFAULT NULL,
  `warehouse_id` int(11) DEFAULT NULL,
  `item_tax` decimal(25,4) DEFAULT NULL,
  `tax_rate_id` int(11) DEFAULT NULL,
  `tax` varchar(20) DEFAULT NULL,
  `discount` varchar(20) DEFAULT NULL,
  `item_discount` decimal(25,4) DEFAULT NULL,
  `expiry` date DEFAULT NULL,
  `subtotal` decimal(25,4) DEFAULT NULL,
  `quantity_balance` decimal(15,4) DEFAULT '0.0000',
  `date` date DEFAULT NULL,
  `status` varchar(50) DEFAULT NULL,
  `unit_cost` decimal(25,4) DEFAULT NULL,
  `real_unit_cost` decimal(25,4) DEFAULT NULL
) ENGINE=InnoDB DEFAULT CHARSET=utf8;

--
-- Đang đổ dữ liệu cho bảng `sma_purchase_items`
--

INSERT INTO `sma_purchase_items` (`id`, `purchase_id`, `transfer_id`, `product_id`, `item_id`, `product_code`, `product_name`, `option_id`, `net_unit_cost`, `quantity`, `warehouse_id`, `item_tax`, `tax_rate_id`, `tax`, `discount`, `item_discount`, `expiry`, `subtotal`, `quantity_balance`, `date`, `status`, `unit_cost`, `real_unit_cost`) VALUES
(348, 154, NULL, NULL, 4, NULL, 'Thép tấm', NULL, '20.0000', '100.0000', 1, '0.0000', 0, '', '0', '0.0000', NULL, '2000.0000', '100.0000', '2017-07-20', 'received', '20.0000', '20.0000'),
(349, 154, NULL, NULL, 5, NULL, 'Nguyen vat lieu 1', NULL, '0.0000', '200.0000', 1, '0.0000', 0, '', '0', '0.0000', NULL, '0.0000', '200.0000', '2017-07-20', 'received', '0.0000', '0.0000'),
(357, NULL, NULL, NULL, 21, NULL, NULL, NULL, NULL, '-300.0000', NULL, NULL, NULL, NULL, NULL, NULL, NULL, NULL, '-300.0000', NULL, NULL, NULL, NULL),
(378, 158, NULL, NULL, 3, NULL, 'Sơn xanh', NULL, '0.0000', '10.0000', 1, '0.0000', 0, '', '0', '0.0000', NULL, '0.0000', '0.0000', '2017-09-11', 'approval', '0.0000', '0.0000'),
(379, 158, NULL, NULL, 5, NULL, 'Nguyen vat lieu 1', NULL, '0.0000', '820.0000', 1, '0.0000', 0, '', '0', '0.0000', NULL, '0.0000', '320.0000', '2017-09-11', 'approval', '0.0000', '0.0000'),
(380, 159, NULL, NULL, 3, NULL, 'Sơn xanh', NULL, '0.0000', '10.0000', 1, '0.0000', 0, '', '0', '0.0000', NULL, '0.0000', '10.0000', '2017-09-11', 'received', '0.0000', '0.0000'),
(381, 159, NULL, NULL, 5, NULL, 'Nguyen vat lieu 1', NULL, '0.0000', '500.0000', 1, '0.0000', 0, '', '0', '0.0000', NULL, '0.0000', '500.0000', '2017-09-11', 'received', '0.0000', '0.0000'),
(382, 160, NULL, NULL, 5, NULL, 'Nguyen vat lieu 1', NULL, '0.0000', '320.0000', 1, '0.0000', 0, '', '0', '0.0000', NULL, '0.0000', '320.0000', '2017-09-11', 'received', '0.0000', '0.0000'),
(392, NULL, NULL, NULL, 6, NULL, 'têst', NULL, NULL, '0.0000', NULL, NULL, NULL, NULL, NULL, NULL, NULL, NULL, '0.0000', NULL, NULL, NULL, NULL),
(394, 161, NULL, NULL, 4, NULL, 'Thép tấm', NULL, '20.0000', '100.0000', 1, '0.0000', 0, '', '0', '0.0000', NULL, '2000.0000', '0.0000', '2017-09-20', 'done', '20.0000', '20.0000'),
(395, 162, NULL, NULL, 4, NULL, 'Thép tấm', NULL, '20.0000', '100.0000', 1, '0.0000', 0, '', '0', '0.0000', NULL, '2000.0000', '100.0000', '2017-09-20', 'received', '20.0000', '20.0000'),
(419, NULL, NULL, NULL, 5, NULL, 'Nguyen vat lieu 1', NULL, NULL, '-1950.0000', 2, NULL, NULL, NULL, NULL, NULL, NULL, NULL, '-1950.0000', NULL, NULL, NULL, NULL),
(421, NULL, NULL, NULL, 3, NULL, 'Sơn xanh', NULL, NULL, '-4000000.0000', 2, NULL, NULL, NULL, NULL, NULL, NULL, NULL, '-4000000.0000', NULL, NULL, NULL, NULL),
(423, 163, NULL, NULL, 2, NULL, 'Bao trắng', NULL, '20000.0000', '7990.0000', 1, '0.0000', 0, '', '0', '0.0000', NULL, '159800000.0000', '0.0000', '2017-09-27', 'done', '20000.0000', '20000.0000'),
(424, 164, NULL, NULL, 2, NULL, 'Bao trắng', NULL, '20000.0000', '5000.0000', 1, '0.0000', 0, '', '0', '0.0000', NULL, '100000000.0000', '5000.0000', '2017-09-27', 'received', '20000.0000', '20000.0000'),
(425, 165, NULL, NULL, 2, NULL, 'Bao trắng', NULL, '20000.0000', '2990.0000', 1, '0.0000', 0, '', '0', '0.0000', NULL, '59800000.0000', '2990.0000', '2017-09-27', 'received', '20000.0000', '20000.0000'),
(428, 166, NULL, NULL, 2, NULL, 'Bao trắng', NULL, '20000.0000', '60000.0000', 1, '0.0000', 0, '', '0', '0.0000', NULL, '1200000000.0000', '0.0000', '2017-09-27', 'done', '20000.0000', '20000.0000'),
(429, 167, NULL, NULL, 2, NULL, 'Bao trắng', NULL, '20000.0000', '40000.0000', 1, '0.0000', 0, '', '0', '0.0000', NULL, '800000000.0000', '40000.0000', '2017-09-27', 'received', '20000.0000', '20000.0000'),
(430, 168, NULL, NULL, 2, NULL, 'Bao trắng', NULL, '20000.0000', '20000.0000', 1, '0.0000', 0, '', '0', '0.0000', NULL, '400000000.0000', '20000.0000', '2017-09-27', 'received', '20000.0000', '20000.0000'),
(432, 169, NULL, NULL, 2, NULL, 'Bao trắng', NULL, '20000.0000', '60000.0000', 1, '0.0000', 0, '', '0', '0.0000', NULL, '1200000000.0000', '60000.0000', '2017-09-27', 'approval', '20000.0000', '20000.0000'),
(667, 238, NULL, NULL, 2, NULL, 'Bao trắng', NULL, '20000.0000', '120.0000', 1, '0.0000', 0, '', '0', '0.0000', NULL, '2400000.0000', '100.0000', '2017-10-03', 'approval', '20000.0000', '20000.0000'),
(668, 238, NULL, NULL, 4, NULL, 'Thép tấm', NULL, '20.0000', '90.0000', 1, '0.0000', 0, '', '0', '0.0000', NULL, '1800.0000', '0.0000', '2017-10-03', 'done', '20.0000', '20.0000'),
(670, 239, NULL, NULL, 4, NULL, 'Thép tấm', 0, '20.0000', '60.0000', 1, '0.0000', 0, '', '0', '0.0000', NULL, '1200.0000', '60.0000', '2017-10-03', 'received', '20.0000', '20.0000'),
(671, 240, NULL, NULL, 2, NULL, 'Bao trắng', NULL, '20000.0000', '20.0000', 1, '0.0000', 0, '', '0', '0.0000', NULL, '400000.0000', '20.0000', '2017-10-03', 'received', '20000.0000', '20000.0000'),
(672, 240, NULL, NULL, 4, NULL, 'Thép tấm', NULL, '20.0000', '30.0000', 1, '0.0000', 0, '', '0', '0.0000', NULL, '600.0000', '30.0000', '2017-10-03', 'received', '20.0000', '20.0000');

-- --------------------------------------------------------

--
-- Cấu trúc bảng cho bảng `sma_quotes`
--

CREATE TABLE `sma_quotes` (
  `id` int(11) NOT NULL,
  `date` timestamp NOT NULL DEFAULT CURRENT_TIMESTAMP,
  `reference_no` varchar(55) NOT NULL,
  `customer_id` int(11) NOT NULL,
  `customer` varchar(55) NOT NULL,
  `warehouse_id` int(11) DEFAULT NULL,
  `biller_id` int(11) NOT NULL,
  `biller` varchar(55) NOT NULL,
  `note` varchar(1000) DEFAULT NULL,
  `internal_note` varchar(1000) DEFAULT NULL,
  `total` decimal(25,4) NOT NULL,
  `product_discount` decimal(25,4) DEFAULT '0.0000',
  `order_discount` decimal(25,4) DEFAULT NULL,
  `order_discount_id` varchar(20) DEFAULT NULL,
  `total_discount` decimal(25,4) DEFAULT '0.0000',
  `product_tax` decimal(25,4) DEFAULT '0.0000',
  `order_tax_id` int(11) DEFAULT NULL,
  `order_tax` decimal(25,4) DEFAULT NULL,
  `total_tax` decimal(25,4) DEFAULT NULL,
  `shipping` decimal(25,4) DEFAULT '0.0000',
  `grand_total` decimal(25,4) NOT NULL,
  `status` varchar(20) DEFAULT NULL,
  `created_by` int(11) DEFAULT NULL,
  `updated_by` int(11) DEFAULT NULL,
  `updated_at` timestamp NULL DEFAULT NULL,
  `attachment` varchar(55) DEFAULT NULL
) ENGINE=InnoDB DEFAULT CHARSET=utf8;

-- --------------------------------------------------------

--
-- Cấu trúc bảng cho bảng `sma_quote_items`
--

CREATE TABLE `sma_quote_items` (
  `id` int(11) NOT NULL,
  `quote_id` int(11) NOT NULL,
  `product_id` int(11) NOT NULL,
  `product_code` varchar(55) NOT NULL,
  `product_name` varchar(255) NOT NULL,
  `product_type` varchar(20) DEFAULT NULL,
  `option_id` int(11) DEFAULT NULL,
  `net_unit_price` decimal(25,4) NOT NULL,
  `unit_price` decimal(25,4) DEFAULT NULL,
  `quantity` decimal(15,4) NOT NULL,
  `warehouse_id` int(11) DEFAULT NULL,
  `item_tax` decimal(25,4) DEFAULT NULL,
  `tax_rate_id` int(11) DEFAULT NULL,
  `tax` varchar(55) DEFAULT NULL,
  `discount` varchar(55) DEFAULT NULL,
  `item_discount` decimal(25,4) DEFAULT NULL,
  `subtotal` decimal(25,4) NOT NULL,
  `serial_no` varchar(255) DEFAULT NULL,
  `real_unit_price` decimal(25,4) DEFAULT NULL
) ENGINE=InnoDB DEFAULT CHARSET=utf8;

-- --------------------------------------------------------

--
-- Cấu trúc bảng cho bảng `sma_return_items`
--

CREATE TABLE `sma_return_items` (
  `id` int(11) NOT NULL,
  `sale_id` int(11) UNSIGNED NOT NULL,
  `return_id` int(11) UNSIGNED NOT NULL,
  `sale_item_id` int(11) DEFAULT NULL,
  `product_id` int(11) UNSIGNED NOT NULL,
  `product_code` varchar(55) NOT NULL,
  `product_name` varchar(255) NOT NULL,
  `product_type` varchar(20) DEFAULT NULL,
  `option_id` int(11) DEFAULT NULL,
  `net_unit_price` decimal(25,4) NOT NULL,
  `quantity` decimal(15,4) DEFAULT '0.0000',
  `warehouse_id` int(11) DEFAULT NULL,
  `item_tax` decimal(25,4) DEFAULT NULL,
  `tax_rate_id` int(11) DEFAULT NULL,
  `tax` varchar(55) DEFAULT NULL,
  `discount` varchar(55) DEFAULT NULL,
  `item_discount` decimal(25,4) DEFAULT NULL,
  `subtotal` decimal(25,4) NOT NULL,
  `serial_no` varchar(255) DEFAULT NULL,
  `real_unit_price` decimal(25,4) DEFAULT NULL
) ENGINE=InnoDB DEFAULT CHARSET=utf8;

-- --------------------------------------------------------

--
-- Cấu trúc bảng cho bảng `sma_return_sales`
--

CREATE TABLE `sma_return_sales` (
  `id` int(11) NOT NULL,
  `sale_id` int(11) NOT NULL,
  `date` timestamp NOT NULL DEFAULT CURRENT_TIMESTAMP,
  `reference_no` varchar(55) NOT NULL,
  `customer_id` int(11) NOT NULL,
  `customer` varchar(55) NOT NULL,
  `biller_id` int(11) NOT NULL,
  `biller` varchar(55) NOT NULL,
  `warehouse_id` int(11) DEFAULT NULL,
  `note` varchar(1000) DEFAULT NULL,
  `total` decimal(25,4) NOT NULL,
  `product_discount` decimal(25,4) DEFAULT '0.0000',
  `order_discount_id` varchar(20) DEFAULT NULL,
  `total_discount` decimal(25,4) DEFAULT '0.0000',
  `order_discount` decimal(25,4) DEFAULT '0.0000',
  `product_tax` decimal(25,4) DEFAULT '0.0000',
  `order_tax_id` int(11) DEFAULT NULL,
  `order_tax` decimal(25,4) DEFAULT '0.0000',
  `total_tax` decimal(25,4) DEFAULT '0.0000',
  `surcharge` decimal(25,4) DEFAULT '0.0000',
  `grand_total` decimal(25,4) NOT NULL,
  `created_by` int(11) DEFAULT NULL,
  `updated_by` int(11) DEFAULT NULL,
  `updated_at` timestamp NULL DEFAULT NULL,
  `attachment` varchar(55) DEFAULT NULL
) ENGINE=InnoDB DEFAULT CHARSET=utf8;

-- --------------------------------------------------------

--
-- Cấu trúc bảng cho bảng `sma_sales`
--

CREATE TABLE `sma_sales` (
  `id` int(11) NOT NULL,
  `date` timestamp NULL DEFAULT CURRENT_TIMESTAMP,
  `reference_no` varchar(55) DEFAULT NULL,
  `customer_id` int(11) DEFAULT NULL,
  `customer` varchar(55) DEFAULT NULL,
  `implementation_unit` varchar(255) DEFAULT NULL,
  `biller_id` int(11) DEFAULT NULL,
  `biller` varchar(55) DEFAULT NULL,
  `warehouse_id` int(11) DEFAULT NULL,
  `note` varchar(1000) DEFAULT NULL,
  `staff_note` varchar(1000) DEFAULT NULL,
  `total` decimal(25,4) DEFAULT NULL,
  `product_discount` decimal(25,4) DEFAULT '0.0000',
  `order_discount_id` varchar(20) DEFAULT NULL,
  `total_discount` decimal(25,4) DEFAULT '0.0000',
  `order_discount` decimal(25,4) DEFAULT '0.0000',
  `product_tax` decimal(25,4) DEFAULT '0.0000',
  `order_tax_id` int(11) DEFAULT NULL,
  `order_tax` decimal(25,4) DEFAULT '0.0000',
  `total_tax` decimal(25,4) DEFAULT '0.0000',
  `shipping` decimal(25,4) DEFAULT '0.0000',
  `grand_total` decimal(25,4) DEFAULT NULL,
  `sale_status` varchar(20) DEFAULT NULL,
  `payment_status` varchar(20) DEFAULT NULL,
  `payment_term` tinyint(4) DEFAULT NULL,
  `due_date` date DEFAULT NULL,
  `created_by` int(11) DEFAULT NULL,
  `updated_by` int(11) DEFAULT NULL,
  `updated_at` timestamp NULL DEFAULT NULL,
  `total_items` tinyint(4) DEFAULT NULL,
  `pos` tinyint(1) DEFAULT '0',
  `paid` decimal(25,4) DEFAULT '0.0000',
  `return_id` int(11) DEFAULT NULL,
  `surcharge` decimal(25,4) DEFAULT '0.0000',
  `attachment` varchar(55) DEFAULT NULL
) ENGINE=InnoDB DEFAULT CHARSET=utf8;

--
-- Đang đổ dữ liệu cho bảng `sma_sales`
--

INSERT INTO `sma_sales` (`id`, `date`, `reference_no`, `customer_id`, `customer`, `implementation_unit`, `biller_id`, `biller`, `warehouse_id`, `note`, `staff_note`, `total`, `product_discount`, `order_discount_id`, `total_discount`, `order_discount`, `product_tax`, `order_tax_id`, `order_tax`, `total_tax`, `shipping`, `grand_total`, `sale_status`, `payment_status`, `payment_term`, `due_date`, `created_by`, `updated_by`, `updated_at`, `total_items`, `pos`, `paid`, `return_id`, `surcharge`, `attachment`) VALUES
(1, '2017-03-21 19:04:22', 'SALE/POS/2017/03/0001', 1, 'Walk-in Customer', NULL, 3, 'Test Biller', 1, '', '', '52000.0000', '0.0000', NULL, '0.0000', '0.0000', '0.0000', 1, '0.0000', '0.0000', '0.0000', '52000.0000', 'pending', 'paid', 0, NULL, 1, NULL, NULL, 3, 1, '52000.0000', NULL, '0.0000', NULL),
(2, '2017-03-23 21:23:28', 'SALE/POS/2017/03/0002', 1, 'Walk-in Customer', NULL, 3, 'Test Biller', 1, '', '', '109000.0000', '0.0000', NULL, '0.0000', '0.0000', '0.0000', 1, '0.0000', '0.0000', '0.0000', '109000.0000', 'completed', 'paid', 0, NULL, 1, NULL, NULL, 7, 1, '109000.0000', NULL, '0.0000', NULL),
(3, '2017-03-23 20:25:00', 'SALE/2017/03/0001', 1, 'Walk-in Customer', NULL, 3, 'Test Biller', 1, '', '', '445000.0000', '0.0000', NULL, '0.0000', '0.0000', '0.0000', 1, '0.0000', '0.0000', '0.0000', '445000.0000', 'completed', 'pending', 0, NULL, 1, NULL, NULL, 1, 0, '0.0000', NULL, '0.0000', NULL),
(4, '2017-03-23 20:38:00', 'SALE/2017/03/0002', 4, 'tư nhân', NULL, 3, 'Test Biller', 1, '', '', '515000.0000', '0.0000', NULL, '0.0000', '0.0000', '0.0000', 1, '0.0000', '0.0000', '0.0000', '515000.0000', 'completed', 'paid', 0, NULL, 1, NULL, NULL, 2, 0, '515000.0000', NULL, '0.0000', NULL),
(5, '2017-04-09 20:55:13', 'SALE/POS/2017/04/0003', 1, 'Walk-in Customer', NULL, 3, 'Test Biller', 1, '', '', '270000.0000', '0.0000', NULL, '0.0000', '0.0000', '0.0000', 1, '0.0000', '0.0000', '0.0000', '270000.0000', 'completed', 'paid', 0, NULL, 1, NULL, NULL, 9, 1, '270000.0000', NULL, '0.0000', NULL),
(6, '2017-04-09 21:01:18', 'SALE/POS/2017/04/0004', 1, 'Walk-in Customer', NULL, 3, 'Test Biller', 1, '', '', '300000.0000', '0.0000', '20%', '60000.0000', '60000.0000', '0.0000', 1, '0.0000', '0.0000', '0.0000', '240000.0000', 'completed', 'paid', 0, NULL, 1, NULL, NULL, 10, 1, '240000.0000', NULL, '0.0000', NULL),
(7, '2017-04-09 21:05:08', 'SALE/POS/2017/04/0005', 1, 'Walk-in Customer', NULL, 3, 'Test Biller', 1, '', '', '60000.0000', '0.0000', NULL, '0.0000', '0.0000', '0.0000', 1, '0.0000', '0.0000', '0.0000', '60000.0000', 'completed', 'due', 0, NULL, 1, NULL, NULL, 2, 1, '0.0000', NULL, '0.0000', NULL),
(8, '2017-04-09 21:06:39', 'SALE/POS/2017/04/0006', 1, 'Walk-in Customer', NULL, 3, 'Test Biller', 1, '', '', '60000.0000', '0.0000', NULL, '0.0000', '0.0000', '0.0000', 1, '0.0000', '0.0000', '0.0000', '60000.0000', 'completed', 'due', 0, NULL, 1, NULL, NULL, 2, 1, '0.0000', NULL, '0.0000', NULL),
(9, '2017-04-09 21:08:16', 'SALE/POS/2017/04/0007', 1, 'Walk-in Customer', NULL, 3, 'Test Biller', 1, '', '', '60000.0000', '0.0000', NULL, '0.0000', '0.0000', '0.0000', 1, '0.0000', '0.0000', '0.0000', '60000.0000', 'completed', 'paid', 0, NULL, 1, NULL, NULL, 2, 1, '60000.0000', NULL, '0.0000', NULL),
(10, '2017-04-09 21:10:32', 'SALE/POS/2017/04/0008', 1, 'Walk-in Customer', NULL, 3, 'Test Biller', 1, '', '', '30000.0000', '0.0000', NULL, '0.0000', '0.0000', '0.0000', 2, '3000.0000', '3000.0000', '0.0000', '33000.0000', 'completed', 'paid', 0, NULL, 1, NULL, NULL, 1, 1, '33000.0000', NULL, '0.0000', NULL);

-- --------------------------------------------------------

--
-- Cấu trúc bảng cho bảng `sma_sale_items`
--

CREATE TABLE `sma_sale_items` (
  `id` int(11) NOT NULL,
  `sale_id` int(11) UNSIGNED NOT NULL,
  `product_id` int(11) UNSIGNED NOT NULL,
  `product_code` varchar(55) NOT NULL,
  `product_name` varchar(255) NOT NULL,
  `product_type` varchar(20) DEFAULT NULL,
  `option_id` int(11) DEFAULT NULL,
  `net_unit_price` decimal(25,4) NOT NULL,
  `unit_price` decimal(25,4) DEFAULT NULL,
  `quantity` decimal(15,4) NOT NULL,
  `warehouse_id` int(11) DEFAULT NULL,
  `item_tax` decimal(25,4) DEFAULT NULL,
  `tax_rate_id` int(11) DEFAULT NULL,
  `tax` varchar(55) DEFAULT NULL,
  `discount` varchar(55) DEFAULT NULL,
  `item_discount` decimal(25,4) DEFAULT NULL,
  `subtotal` decimal(25,4) NOT NULL,
  `serial_no` varchar(255) DEFAULT NULL,
  `real_unit_price` decimal(25,4) DEFAULT NULL
) ENGINE=InnoDB DEFAULT CHARSET=utf8;

--
-- Đang đổ dữ liệu cho bảng `sma_sale_items`
--

INSERT INTO `sma_sale_items` (`id`, `sale_id`, `product_id`, `product_code`, `product_name`, `product_type`, `option_id`, `net_unit_price`, `unit_price`, `quantity`, `warehouse_id`, `item_tax`, `tax_rate_id`, `tax`, `discount`, `item_discount`, `subtotal`, `serial_no`, `real_unit_price`) VALUES
(1, 1, 3, 'BC', 'Bông Cải', 'standard', 0, '12000.0000', '12000.0000', '1.0000', 1, '0.0000', 1, '0.0000', '0', '0.0000', '12000.0000', '', '12000.0000'),
(2, 1, 2, 'CC', 'Cà chua', 'standard', 0, '20000.0000', '20000.0000', '1.0000', 1, '0.0000', 1, '0.0000', '0', '0.0000', '20000.0000', '', '20000.0000'),
(3, 1, 2, 'CC', 'Cà chua', 'standard', 0, '20000.0000', '20000.0000', '1.0000', 1, '0.0000', 1, '0.0000', '0', '0.0000', '20000.0000', '', '20000.0000'),
(4, 2, 2, 'CC', 'Cà chua', 'standard', 0, '20000.0000', '20000.0000', '1.0000', 1, '0.0000', 1, '0.0000', '0', '0.0000', '20000.0000', '', '20000.0000'),
(5, 2, 2, 'CC', 'Cà chua', 'standard', 0, '20000.0000', '20000.0000', '1.0000', 1, '0.0000', 1, '0.0000', '0', '0.0000', '20000.0000', '', '20000.0000'),
(6, 2, 4, 'KT', 'Khoai Tây', 'standard', 0, '15000.0000', '15000.0000', '1.0000', 1, '0.0000', 1, '0.0000', '0', '0.0000', '15000.0000', '', '15000.0000'),
(7, 2, 3, 'BC', 'Bông Cải', 'standard', 0, '12000.0000', '12000.0000', '1.0000', 1, '0.0000', 1, '0.0000', '0', '0.0000', '12000.0000', '', '12000.0000'),
(8, 2, 5, 'ODL', 'Ớt Đà Lạt', 'standard', 0, '25000.0000', '25000.0000', '1.0000', 1, '0.0000', 1, '0.0000', '0', '0.0000', '25000.0000', '', '25000.0000'),
(9, 2, 3, 'BC', 'Bông Cải', 'standard', 0, '12000.0000', '12000.0000', '1.0000', 1, '0.0000', 1, '0.0000', '0', '0.0000', '12000.0000', '', '12000.0000'),
(10, 2, 1, 'CT', 'Cải Thìa', 'standard', 0, '5000.0000', '5000.0000', '1.0000', 1, '0.0000', 1, '0.0000', '0', '0.0000', '5000.0000', '', '5000.0000'),
(11, 3, 4294967295, 'ts', 'tinh sen', 'manual', 0, '445000.0000', '445000.0000', '1.0000', 1, '0.0000', 0, '', '0', '0.0000', '445000.0000', '', '445000.0000'),
(12, 4, 7, 'Tinh s', 'tinh sen', 'standard', NULL, '445000.0000', '445000.0000', '1.0000', 1, '0.0000', 1, '0.0000', '0', '0.0000', '445000.0000', '', '445000.0000'),
(13, 4, 8, 'tra s', 'trà sen', 'standard', NULL, '70000.0000', '70000.0000', '1.0000', 1, '0.0000', 1, '0.0000', '0', '0.0000', '70000.0000', '', '70000.0000'),
(14, 5, 9, 'led', 'Den led', 'service', NULL, '30000.0000', '30000.0000', '9.0000', 1, '0.0000', 1, '0.0000', '0', '0.0000', '270000.0000', '', '30000.0000'),
(15, 6, 9, 'led', 'Den led', 'service', NULL, '30000.0000', '30000.0000', '10.0000', 1, '0.0000', 1, '0.0000', '0', '0.0000', '300000.0000', '', '30000.0000'),
(16, 7, 9, 'led', 'Den led', 'service', NULL, '30000.0000', '30000.0000', '1.0000', 1, '0.0000', 1, '0.0000', '0', '0.0000', '30000.0000', '', '30000.0000'),
(17, 7, 9, 'led', 'Den led', 'service', NULL, '30000.0000', '30000.0000', '1.0000', 1, '0.0000', 1, '0.0000', '0', '0.0000', '30000.0000', '', '30000.0000'),
(18, 8, 9, 'led', 'Den led', 'service', NULL, '30000.0000', '30000.0000', '1.0000', 1, '0.0000', 1, '0.0000', '0', '0.0000', '30000.0000', '', '30000.0000'),
(19, 8, 9, 'led', 'Den led', 'service', NULL, '30000.0000', '30000.0000', '1.0000', 1, '0.0000', 1, '0.0000', '0', '0.0000', '30000.0000', '', '30000.0000'),
(20, 9, 9, 'led', 'Den led', 'service', NULL, '30000.0000', '30000.0000', '1.0000', 1, '0.0000', 1, '0.0000', '0', '0.0000', '30000.0000', '', '30000.0000'),
(21, 9, 9, 'led', 'Den led', 'service', NULL, '30000.0000', '30000.0000', '1.0000', 1, '0.0000', 1, '0.0000', '0', '0.0000', '30000.0000', '', '30000.0000'),
(22, 10, 9, 'led', 'Den led', 'service', NULL, '30000.0000', '30000.0000', '1.0000', 1, '0.0000', 1, '0.0000', '0', '0.0000', '30000.0000', '', '30000.0000'),
(26, 14, 30, 'XACAP', 'Xà đỡ cáp ngầm', 'null', NULL, '500.0000', '500.0000', '5.0000', 1, '0.0000', 0, '', NULL, '0.0000', '2500.0000', '', '500.0000'),
(27, 14, 30, 'XACAP', 'Xà đỡ cáp ngầm', 'null', NULL, '500.0000', '500.0000', '10.0000', 1, '0.0000', 0, '', NULL, '0.0000', '5000.0000', '', '500.0000'),
(35, 40, 30, 'XACAP', 'Xà đỡ cáp ngầm', 'null', 0, '500.0000', '500.0000', '50.0000', 1, '0.0000', 0, '', NULL, '0.0000', '25000.0000', '', '500.0000'),
(36, 40, 29, 'N122-30 (ND)', 'Đế trụ', 'null', 0, '1000.0000', '1000.0000', '10.0000', 1, '0.0000', 0, '', NULL, '0.0000', '10000.0000', '', '1000.0000');

-- --------------------------------------------------------

--
-- Cấu trúc bảng cho bảng `sma_sessions`
--

CREATE TABLE `sma_sessions` (
  `id` varchar(40) NOT NULL,
  `ip_address` varchar(45) NOT NULL,
  `timestamp` int(10) UNSIGNED NOT NULL DEFAULT '0',
  `data` blob NOT NULL
) ENGINE=InnoDB DEFAULT CHARSET=utf8;

--
-- Đang đổ dữ liệu cho bảng `sma_sessions`
--

INSERT INTO `sma_sessions` (`id`, `ip_address`, `timestamp`, `data`) VALUES
('009e7c1f90d7bbe8db41117cd6cd17bfc2b5be28', '::1', 1507004650, 0x5f5f63695f6c6173745f726567656e65726174657c693a313530373030343231363b7265717565737465645f706167657c733a31313a2270726f64756374696f6e73223b6964656e746974797c733a31363a226f776e657240676f6f676c652e636f6d223b757365726e616d657c733a353a226f776e6572223b656d61696c7c733a31363a226f776e657240676f6f676c652e636f6d223b757365725f69647c733a313a2231223b6f6c645f6c6173745f6c6f67696e7c733a31303a2231353036393632393835223b6c6173745f69707c733a333a223a3a31223b6176617461727c4e3b67656e6465727c733a343a226d616c65223b67726f75705f69647c733a313a2231223b77617265686f7573655f69647c4e3b62696c6c65725f69647c4e3b636f6d70616e795f69647c4e3b73686f775f636f73747c733a313a2230223b73686f775f70726963657c733a313a2230223b757365725f637372667c733a32303a22486b53767a773579574652594469663955735664223b72656d6f76655f706f6c737c733a313a2231223b),
('03bdd836a292cbf966a9d75d0c87710afb8f69e2', '192.168.1.8', 1507007566, 0x5f5f63695f6c6173745f726567656e65726174657c693a313530373030373536363b7265717565737465645f706167657c733a303a22223b6964656e746974797c733a31363a226f776e657240676f6f676c652e636f6d223b757365726e616d657c733a353a226f776e6572223b656d61696c7c733a31363a226f776e657240676f6f676c652e636f6d223b757365725f69647c733a313a2231223b6f6c645f6c6173745f6c6f67696e7c733a31303a2231353036393933313934223b6c6173745f69707c733a333a223a3a31223b6176617461727c4e3b67656e6465727c733a343a226d616c65223b67726f75705f69647c733a313a2231223b77617265686f7573655f69647c4e3b62696c6c65725f69647c4e3b636f6d70616e795f69647c4e3b73686f775f636f73747c733a313a2230223b73686f775f70726963657c733a313a2230223b757365725f637372667c733a32303a22596a7764544c497931417857377030426c44686d223b72656d6f76655f706f6c737c733a313a2231223b),
('03dad98e4d837214bef2e61e00359fc16eff7cc8', '::1', 1506909110, 0x5f5f63695f6c6173745f726567656e65726174657c693a313530363930383832373b7265717565737465645f706167657c733a31313a2270726f64756374696f6e73223b6964656e746974797c733a31363a226f776e657240676f6f676c652e636f6d223b757365726e616d657c733a353a226f776e6572223b656d61696c7c733a31363a226f776e657240676f6f676c652e636f6d223b757365725f69647c733a313a2231223b6f6c645f6c6173745f6c6f67696e7c733a31303a2231353036373333373030223b6c6173745f69707c733a333a223a3a31223b6176617461727c4e3b67656e6465727c733a343a226d616c65223b67726f75705f69647c733a313a2231223b77617265686f7573655f69647c4e3b62696c6c65725f69647c4e3b636f6d70616e795f69647c4e3b73686f775f636f73747c733a313a2230223b73686f775f70726963657c733a313a2230223b757365725f637372667c733a32303a226c4d51356d4236464a79775844576a4843706b31223b),
('03dbd3d7546e37b3877f602fbbc653958521b642', '::1', 1507015406, 0x5f5f63695f6c6173745f726567656e65726174657c693a313530373031353039303b7265717565737465645f706167657c733a31313a2270726f64756374696f6e73223b6964656e746974797c733a31363a226f776e657240676f6f676c652e636f6d223b757365726e616d657c733a353a226f776e6572223b656d61696c7c733a31363a226f776e657240676f6f676c652e636f6d223b757365725f69647c733a313a2231223b6f6c645f6c6173745f6c6f67696e7c733a31303a2231353036393632393835223b6c6173745f69707c733a333a223a3a31223b6176617461727c4e3b67656e6465727c733a343a226d616c65223b67726f75705f69647c733a313a2231223b77617265686f7573655f69647c4e3b62696c6c65725f69647c4e3b636f6d70616e795f69647c4e3b73686f775f636f73747c733a313a2230223b73686f775f70726963657c733a313a2230223b757365725f637372667c733a32303a227532433373706a77385566586347784659676174223b72656d6f76655f706f6c737c733a313a2231223b),
('066194e55d1f058a01cf9e5fcd2d56d5a1dc8c91', '::1', 1507023427, 0x5f5f63695f6c6173745f726567656e65726174657c693a313530373032333032393b7265717565737465645f706167657c733a31313a2270726f64756374696f6e73223b6964656e746974797c733a31363a226f776e657240676f6f676c652e636f6d223b757365726e616d657c733a353a226f776e6572223b656d61696c7c733a31363a226f776e657240676f6f676c652e636f6d223b757365725f69647c733a313a2231223b6f6c645f6c6173745f6c6f67696e7c733a31303a2231353036393632393835223b6c6173745f69707c733a333a223a3a31223b6176617461727c4e3b67656e6465727c733a343a226d616c65223b67726f75705f69647c733a313a2231223b77617265686f7573655f69647c4e3b62696c6c65725f69647c4e3b636f6d70616e795f69647c4e3b73686f775f636f73747c733a313a2230223b73686f775f70726963657c733a313a2230223b757365725f637372667c733a32303a2233444b52506b326f575a43304f49624c74464741223b72656d6f76655f706f6c73737c693a313b72656d6f76655f706f6c737c733a313a2231223b),
('08a0a7de116d7c27002366e9693139b5215a590f', '::1', 1507013892, 0x5f5f63695f6c6173745f726567656e65726174657c693a313530373031333733303b7265717565737465645f706167657c733a31313a2270726f64756374696f6e73223b6964656e746974797c733a31363a226f776e657240676f6f676c652e636f6d223b757365726e616d657c733a353a226f776e6572223b656d61696c7c733a31363a226f776e657240676f6f676c652e636f6d223b757365725f69647c733a313a2231223b6f6c645f6c6173745f6c6f67696e7c733a31303a2231353036393632393835223b6c6173745f69707c733a333a223a3a31223b6176617461727c4e3b67656e6465727c733a343a226d616c65223b67726f75705f69647c733a313a2231223b77617265686f7573655f69647c4e3b62696c6c65725f69647c4e3b636f6d70616e795f69647c4e3b73686f775f636f73747c733a313a2230223b73686f775f70726963657c733a313a2230223b757365725f637372667c733a32303a224278525668447348435066634c4b4575726d324f223b),
('093984c0e36e1f09119aea3e006e566d09f0d793', '::1', 1506930438, 0x5f5f63695f6c6173745f726567656e65726174657c693a313530363933303339323b7265717565737465645f706167657c733a31313a2270726f64756374696f6e73223b6964656e746974797c733a31363a226f776e657240676f6f676c652e636f6d223b757365726e616d657c733a353a226f776e6572223b656d61696c7c733a31363a226f776e657240676f6f676c652e636f6d223b757365725f69647c733a313a2231223b6f6c645f6c6173745f6c6f67696e7c733a31303a2231353036373333373030223b6c6173745f69707c733a333a223a3a31223b6176617461727c4e3b67656e6465727c733a343a226d616c65223b67726f75705f69647c733a313a2231223b77617265686f7573655f69647c4e3b62696c6c65725f69647c4e3b636f6d70616e795f69647c4e3b73686f775f636f73747c733a313a2230223b73686f775f70726963657c733a313a2230223b757365725f637372667c733a32303a226570326276414c535477715150454f757a675957223b),
('0a15a9ab47bb3bcd27eb9cee86c57d86549f890d', '::1', 1506919590, 0x5f5f63695f6c6173745f726567656e65726174657c693a313530363931393237383b7265717565737465645f706167657c733a31313a2270726f64756374696f6e73223b6964656e746974797c733a31363a226f776e657240676f6f676c652e636f6d223b757365726e616d657c733a353a226f776e6572223b656d61696c7c733a31363a226f776e657240676f6f676c652e636f6d223b757365725f69647c733a313a2231223b6f6c645f6c6173745f6c6f67696e7c733a31303a2231353036373333373030223b6c6173745f69707c733a333a223a3a31223b6176617461727c4e3b67656e6465727c733a343a226d616c65223b67726f75705f69647c733a313a2231223b77617265686f7573655f69647c4e3b62696c6c65725f69647c4e3b636f6d70616e795f69647c4e3b73686f775f636f73747c733a313a2230223b73686f775f70726963657c733a313a2230223b757365725f637372667c733a32303a22424d6a36523551566f74477846767137634a3867223b),
('0a3c580e173f1ecc0ea40567bd7a4f5d954c3004', '::1', 1507003015, 0x5f5f63695f6c6173745f726567656e65726174657c693a313530373030323638313b7265717565737465645f706167657c733a31313a2270726f64756374696f6e73223b6964656e746974797c733a31363a226f776e657240676f6f676c652e636f6d223b757365726e616d657c733a353a226f776e6572223b656d61696c7c733a31363a226f776e657240676f6f676c652e636f6d223b757365725f69647c733a313a2231223b6f6c645f6c6173745f6c6f67696e7c733a31303a2231353036393632393835223b6c6173745f69707c733a333a223a3a31223b6176617461727c4e3b67656e6465727c733a343a226d616c65223b67726f75705f69647c733a313a2231223b77617265686f7573655f69647c4e3b62696c6c65725f69647c4e3b636f6d70616e795f69647c4e3b73686f775f636f73747c733a313a2230223b73686f775f70726963657c733a313a2230223b757365725f637372667c733a32303a225a4641684d30393279567476424c656c53775049223b72656d6f76655f706f6c737c733a313a2231223b),
('0f1ea7ab69d15e552b2dadae83f7a450a27d2b12', '::1', 1506915669, 0x5f5f63695f6c6173745f726567656e65726174657c693a313530363931353430323b7265717565737465645f706167657c733a31313a2270726f64756374696f6e73223b6964656e746974797c733a31363a226f776e657240676f6f676c652e636f6d223b757365726e616d657c733a353a226f776e6572223b656d61696c7c733a31363a226f776e657240676f6f676c652e636f6d223b757365725f69647c733a313a2231223b6f6c645f6c6173745f6c6f67696e7c733a31303a2231353036373333373030223b6c6173745f69707c733a333a223a3a31223b6176617461727c4e3b67656e6465727c733a343a226d616c65223b67726f75705f69647c733a313a2231223b77617265686f7573655f69647c4e3b62696c6c65725f69647c4e3b636f6d70616e795f69647c4e3b73686f775f636f73747c733a313a2230223b73686f775f70726963657c733a313a2230223b757365725f637372667c733a32303a2244553648455032464c4a315a6e796b6672534d64223b),
('117ff4d0d34425684731f4b86a4b3e9d83fd15a5', '::1', 1506927658, 0x5f5f63695f6c6173745f726567656e65726174657c693a313530363932373438383b7265717565737465645f706167657c733a31313a2270726f64756374696f6e73223b6964656e746974797c733a31363a226f776e657240676f6f676c652e636f6d223b757365726e616d657c733a353a226f776e6572223b656d61696c7c733a31363a226f776e657240676f6f676c652e636f6d223b757365725f69647c733a313a2231223b6f6c645f6c6173745f6c6f67696e7c733a31303a2231353036373333373030223b6c6173745f69707c733a333a223a3a31223b6176617461727c4e3b67656e6465727c733a343a226d616c65223b67726f75705f69647c733a313a2231223b77617265686f7573655f69647c4e3b62696c6c65725f69647c4e3b636f6d70616e795f69647c4e3b73686f775f636f73747c733a313a2230223b73686f775f70726963657c733a313a2230223b757365725f637372667c733a32303a224e4554556a7430344964797767356d6b764d6843223b72656d6f76655f706f6c737c693a313b),
('1276825f1ebe7933045fe90d7e2f12e7cd44ad95', '::1', 1506995266, 0x5f5f63695f6c6173745f726567656e65726174657c693a313530363939353038313b7265717565737465645f706167657c733a31313a2270726f64756374696f6e73223b6964656e746974797c733a31363a226f776e657240676f6f676c652e636f6d223b757365726e616d657c733a353a226f776e6572223b656d61696c7c733a31363a226f776e657240676f6f676c652e636f6d223b757365725f69647c733a313a2231223b6f6c645f6c6173745f6c6f67696e7c733a31303a2231353036393632393835223b6c6173745f69707c733a333a223a3a31223b6176617461727c4e3b67656e6465727c733a343a226d616c65223b67726f75705f69647c733a313a2231223b77617265686f7573655f69647c4e3b62696c6c65725f69647c4e3b636f6d70616e795f69647c4e3b73686f775f636f73747c733a313a2230223b73686f775f70726963657c733a313a2230223b),
('1783c670d00739cfe78e97a5789efa875e6b882e', '::1', 1506918303, 0x5f5f63695f6c6173745f726567656e65726174657c693a313530363931383038333b7265717565737465645f706167657c733a31313a2270726f64756374696f6e73223b6964656e746974797c733a31363a226f776e657240676f6f676c652e636f6d223b757365726e616d657c733a353a226f776e6572223b656d61696c7c733a31363a226f776e657240676f6f676c652e636f6d223b757365725f69647c733a313a2231223b6f6c645f6c6173745f6c6f67696e7c733a31303a2231353036373333373030223b6c6173745f69707c733a333a223a3a31223b6176617461727c4e3b67656e6465727c733a343a226d616c65223b67726f75705f69647c733a313a2231223b77617265686f7573655f69647c4e3b62696c6c65725f69647c4e3b636f6d70616e795f69647c4e3b73686f775f636f73747c733a313a2230223b73686f775f70726963657c733a313a2230223b757365725f637372667c733a32303a2275526d73357434445850324d6e545a49367a4e79223b),
('1add7cf67b5f923d107527f25e7321c079d857ce', '::1', 1506958043, 0x7265717565737465645f706167657c733a31313a2270726f64756374696f6e73223b5f5f63695f6c6173745f726567656e65726174657c693a313530363935383034333b6964656e746974797c733a31363a226f776e657240676f6f676c652e636f6d223b757365726e616d657c733a353a226f776e6572223b656d61696c7c733a31363a226f776e657240676f6f676c652e636f6d223b757365725f69647c733a313a2231223b6f6c645f6c6173745f6c6f67696e7c733a31303a2231353036393536393433223b6c6173745f69707c733a333a223a3a31223b6176617461727c4e3b67656e6465727c733a343a226d616c65223b67726f75705f69647c733a313a2231223b77617265686f7573655f69647c4e3b62696c6c65725f69647c4e3b636f6d70616e795f69647c4e3b73686f775f636f73747c733a313a2230223b73686f775f70726963657c733a313a2230223b),
('1c23aaf592705af1174b8269b8cb5091afbea087', '::1', 1506914920, 0x5f5f63695f6c6173745f726567656e65726174657c693a313530363931343734363b7265717565737465645f706167657c733a31313a2270726f64756374696f6e73223b6964656e746974797c733a31363a226f776e657240676f6f676c652e636f6d223b757365726e616d657c733a353a226f776e6572223b656d61696c7c733a31363a226f776e657240676f6f676c652e636f6d223b757365725f69647c733a313a2231223b6f6c645f6c6173745f6c6f67696e7c733a31303a2231353036373333373030223b6c6173745f69707c733a333a223a3a31223b6176617461727c4e3b67656e6465727c733a343a226d616c65223b67726f75705f69647c733a313a2231223b77617265686f7573655f69647c4e3b62696c6c65725f69647c4e3b636f6d70616e795f69647c4e3b73686f775f636f73747c733a313a2230223b73686f775f70726963657c733a313a2230223b757365725f637372667c733a32303a22695443424935596e386a653931674830776f7161223b),
('1cd01e8b7ac829bbb549fec280c17e3623f9976f', '::1', 1507014602, 0x5f5f63695f6c6173745f726567656e65726174657c693a313530373031343037383b7265717565737465645f706167657c733a31313a2270726f64756374696f6e73223b6964656e746974797c733a31363a226f776e657240676f6f676c652e636f6d223b757365726e616d657c733a353a226f776e6572223b656d61696c7c733a31363a226f776e657240676f6f676c652e636f6d223b757365725f69647c733a313a2231223b6f6c645f6c6173745f6c6f67696e7c733a31303a2231353036393632393835223b6c6173745f69707c733a333a223a3a31223b6176617461727c4e3b67656e6465727c733a343a226d616c65223b67726f75705f69647c733a313a2231223b77617265686f7573655f69647c4e3b62696c6c65725f69647c4e3b636f6d70616e795f69647c4e3b73686f775f636f73747c733a313a2230223b73686f775f70726963657c733a313a2230223b757365725f637372667c733a32303a224278525668447348435066634c4b4575726d324f223b),
('201a9b9b467d134a741796b183d53e3787a636de', '::1', 1506907098, 0x5f5f63695f6c6173745f726567656e65726174657c693a313530363930363839313b7265717565737465645f706167657c733a31313a2270726f64756374696f6e73223b6964656e746974797c733a31363a226f776e657240676f6f676c652e636f6d223b757365726e616d657c733a353a226f776e6572223b656d61696c7c733a31363a226f776e657240676f6f676c652e636f6d223b757365725f69647c733a313a2231223b6f6c645f6c6173745f6c6f67696e7c733a31303a2231353036373333373030223b6c6173745f69707c733a333a223a3a31223b6176617461727c4e3b67656e6465727c733a343a226d616c65223b67726f75705f69647c733a313a2231223b77617265686f7573655f69647c4e3b62696c6c65725f69647c4e3b636f6d70616e795f69647c4e3b73686f775f636f73747c733a313a2230223b73686f775f70726963657c733a313a2230223b),
('2245c43d4393b1bba4e29545320c5e7ce06f5739', '192.168.1.8', 1506996701, 0x5f5f63695f6c6173745f726567656e65726174657c693a313530363939353831393b7265717565737465645f706167657c733a303a22223b6964656e746974797c733a31363a226f776e657240676f6f676c652e636f6d223b757365726e616d657c733a353a226f776e6572223b656d61696c7c733a31363a226f776e657240676f6f676c652e636f6d223b757365725f69647c733a313a2231223b6f6c645f6c6173745f6c6f67696e7c733a31303a2231353036393933313934223b6c6173745f69707c733a333a223a3a31223b6176617461727c4e3b67656e6465727c733a343a226d616c65223b67726f75705f69647c733a313a2231223b77617265686f7573655f69647c4e3b62696c6c65725f69647c4e3b636f6d70616e795f69647c4e3b73686f775f636f73747c733a313a2230223b73686f775f70726963657c733a313a2230223b757365725f637372667c733a32303a22747a7930704d5562476a76615a41444e46594a39223b72656d6f76655f706f6c737c733a313a2231223b),
('2256879ebb792d3a5ae515979bfdc1918a78ca74', '192.168.1.8', 1507001881, 0x5f5f63695f6c6173745f726567656e65726174657c693a313530373030313830353b7265717565737465645f706167657c733a303a22223b6964656e746974797c733a31363a226f776e657240676f6f676c652e636f6d223b757365726e616d657c733a353a226f776e6572223b656d61696c7c733a31363a226f776e657240676f6f676c652e636f6d223b757365725f69647c733a313a2231223b6f6c645f6c6173745f6c6f67696e7c733a31303a2231353036393933313934223b6c6173745f69707c733a333a223a3a31223b6176617461727c4e3b67656e6465727c733a343a226d616c65223b67726f75705f69647c733a313a2231223b77617265686f7573655f69647c4e3b62696c6c65725f69647c4e3b636f6d70616e795f69647c4e3b73686f775f636f73747c733a313a2230223b73686f775f70726963657c733a313a2230223b757365725f637372667c733a32303a22316a483335553736795a7142654169463863394a223b72656d6f76655f706f6c737c733a313a2231223b),
('23bc6d0d82cca4431e877f3a40756064b6e64434', '192.168.1.8', 1507014799, 0x5f5f63695f6c6173745f726567656e65726174657c693a313530373031343634323b7265717565737465645f706167657c733a303a22223b6964656e746974797c733a31363a226f776e657240676f6f676c652e636f6d223b757365726e616d657c733a353a226f776e6572223b656d61696c7c733a31363a226f776e657240676f6f676c652e636f6d223b757365725f69647c733a313a2231223b6f6c645f6c6173745f6c6f67696e7c733a31303a2231353036393933313934223b6c6173745f69707c733a333a223a3a31223b6176617461727c4e3b67656e6465727c733a343a226d616c65223b67726f75705f69647c733a313a2231223b77617265686f7573655f69647c4e3b62696c6c65725f69647c4e3b636f6d70616e795f69647c4e3b73686f775f636f73747c733a313a2230223b73686f775f70726963657c733a313a2230223b757365725f637372667c733a32303a22596a7764544c497931417857377030426c44686d223b),
('24f60fcb5b23fd766eed13de140fc9ddc2ef4278', '::1', 1506939831, 0x5f5f63695f6c6173745f726567656e65726174657c693a313530363933393832303b7265717565737465645f706167657c733a31313a2270726f64756374696f6e73223b6964656e746974797c733a31363a226f776e657240676f6f676c652e636f6d223b757365726e616d657c733a353a226f776e6572223b656d61696c7c733a31363a226f776e657240676f6f676c652e636f6d223b757365725f69647c733a313a2231223b6f6c645f6c6173745f6c6f67696e7c733a31303a2231353036373333373030223b6c6173745f69707c733a333a223a3a31223b6176617461727c4e3b67656e6465727c733a343a226d616c65223b67726f75705f69647c733a313a2231223b77617265686f7573655f69647c4e3b62696c6c65725f69647c4e3b636f6d70616e795f69647c4e3b73686f775f636f73747c733a313a2230223b73686f775f70726963657c733a313a2230223b757365725f637372667c733a32303a22526f4f743845783070514a75634367614e6e6a46223b),
('279d87efa50b4ae9be2dfff528a431e083b3ec7e', '::1', 1507006883, 0x5f5f63695f6c6173745f726567656e65726174657c693a313530373030363438313b7265717565737465645f706167657c733a31313a2270726f64756374696f6e73223b6964656e746974797c733a31363a226f776e657240676f6f676c652e636f6d223b757365726e616d657c733a353a226f776e6572223b656d61696c7c733a31363a226f776e657240676f6f676c652e636f6d223b757365725f69647c733a313a2231223b6f6c645f6c6173745f6c6f67696e7c733a31303a2231353036393632393835223b6c6173745f69707c733a333a223a3a31223b6176617461727c4e3b67656e6465727c733a343a226d616c65223b67726f75705f69647c733a313a2231223b77617265686f7573655f69647c4e3b62696c6c65725f69647c4e3b636f6d70616e795f69647c4e3b73686f775f636f73747c733a313a2230223b73686f775f70726963657c733a313a2230223b757365725f637372667c733a32303a2266497059356d74755a316a766f50654554395748223b72656d6f76655f706f6c737c733a313a2231223b),
('2b3465de31bbac380aca1e6aec02add5111cc883', '::1', 1507018378, 0x5f5f63695f6c6173745f726567656e65726174657c693a313530373031383138373b7265717565737465645f706167657c733a31313a2270726f64756374696f6e73223b6964656e746974797c733a31363a226f776e657240676f6f676c652e636f6d223b757365726e616d657c733a353a226f776e6572223b656d61696c7c733a31363a226f776e657240676f6f676c652e636f6d223b757365725f69647c733a313a2231223b6f6c645f6c6173745f6c6f67696e7c733a31303a2231353036393632393835223b6c6173745f69707c733a333a223a3a31223b6176617461727c4e3b67656e6465727c733a343a226d616c65223b67726f75705f69647c733a313a2231223b77617265686f7573655f69647c4e3b62696c6c65725f69647c4e3b636f6d70616e795f69647c4e3b73686f775f636f73747c733a313a2230223b73686f775f70726963657c733a313a2230223b757365725f637372667c733a32303a226b473355446a6f494d6e743158635667714c7668223b72656d6f76655f706f6c737c693a313b),
('2d377dbfcfcfbc08eec9c8b13362c6878cf73b86', '::1', 1506937454, 0x5f5f63695f6c6173745f726567656e65726174657c693a313530363933363937333b7265717565737465645f706167657c733a31313a2270726f64756374696f6e73223b6964656e746974797c733a31363a226f776e657240676f6f676c652e636f6d223b757365726e616d657c733a353a226f776e6572223b656d61696c7c733a31363a226f776e657240676f6f676c652e636f6d223b757365725f69647c733a313a2231223b6f6c645f6c6173745f6c6f67696e7c733a31303a2231353036373333373030223b6c6173745f69707c733a333a223a3a31223b6176617461727c4e3b67656e6465727c733a343a226d616c65223b67726f75705f69647c733a313a2231223b77617265686f7573655f69647c4e3b62696c6c65725f69647c4e3b636f6d70616e795f69647c4e3b73686f775f636f73747c733a313a2230223b73686f775f70726963657c733a313a2230223b757365725f637372667c733a32303a2278544955745772393269716442704e506f34464f223b),
('2da848ac4ee484974cc8076e3eb5df6df1f41ced', '192.168.1.9', 1506938589, 0x5f5f63695f6c6173745f726567656e65726174657c693a313530363933383533303b7265717565737465645f706167657c733a303a22223b6964656e746974797c733a31363a226f776e657240676f6f676c652e636f6d223b757365726e616d657c733a353a226f776e6572223b656d61696c7c733a31363a226f776e657240676f6f676c652e636f6d223b757365725f69647c733a313a2231223b6f6c645f6c6173745f6c6f67696e7c733a31303a2231353036393133383439223b6c6173745f69707c733a31313a223139322e3136382e312e39223b6176617461727c4e3b67656e6465727c733a343a226d616c65223b67726f75705f69647c733a313a2231223b77617265686f7573655f69647c4e3b62696c6c65725f69647c4e3b636f6d70616e795f69647c4e3b73686f775f636f73747c733a313a2230223b73686f775f70726963657c733a313a2230223b),
('2f2297b0faf1c185f494444bfe1cf442fe586206', '::1', 1506933068, 0x5f5f63695f6c6173745f726567656e65726174657c693a313530363933323737353b7265717565737465645f706167657c733a31313a2270726f64756374696f6e73223b6964656e746974797c733a31363a226f776e657240676f6f676c652e636f6d223b757365726e616d657c733a353a226f776e6572223b656d61696c7c733a31363a226f776e657240676f6f676c652e636f6d223b757365725f69647c733a313a2231223b6f6c645f6c6173745f6c6f67696e7c733a31303a2231353036373333373030223b6c6173745f69707c733a333a223a3a31223b6176617461727c4e3b67656e6465727c733a343a226d616c65223b67726f75705f69647c733a313a2231223b77617265686f7573655f69647c4e3b62696c6c65725f69647c4e3b636f6d70616e795f69647c4e3b73686f775f636f73747c733a313a2230223b73686f775f70726963657c733a313a2230223b757365725f637372667c733a32303a226d7336454e55444933345470597a356f77425357223b),
('2f4a334356a89a12f067b12c1a393d7732a5090d', '::1', 1507001148, 0x5f5f63695f6c6173745f726567656e65726174657c693a313530373030303638353b7265717565737465645f706167657c733a31313a2270726f64756374696f6e73223b6964656e746974797c733a31363a226f776e657240676f6f676c652e636f6d223b757365726e616d657c733a353a226f776e6572223b656d61696c7c733a31363a226f776e657240676f6f676c652e636f6d223b757365725f69647c733a313a2231223b6f6c645f6c6173745f6c6f67696e7c733a31303a2231353036393632393835223b6c6173745f69707c733a333a223a3a31223b6176617461727c4e3b67656e6465727c733a343a226d616c65223b67726f75705f69647c733a313a2231223b77617265686f7573655f69647c4e3b62696c6c65725f69647c4e3b636f6d70616e795f69647c4e3b73686f775f636f73747c733a313a2230223b73686f775f70726963657c733a313a2230223b757365725f637372667c733a32303a223451497445324e3639654d506c796d5a71434f78223b72656d6f76655f706f6c737c733a313a2231223b),
('3020ee0243b73f086cbc3edb14a35eb784ffd3b6', '::1', 1506932770, 0x5f5f63695f6c6173745f726567656e65726174657c693a313530363933323437323b7265717565737465645f706167657c733a31313a2270726f64756374696f6e73223b6964656e746974797c733a31363a226f776e657240676f6f676c652e636f6d223b757365726e616d657c733a353a226f776e6572223b656d61696c7c733a31363a226f776e657240676f6f676c652e636f6d223b757365725f69647c733a313a2231223b6f6c645f6c6173745f6c6f67696e7c733a31303a2231353036373333373030223b6c6173745f69707c733a333a223a3a31223b6176617461727c4e3b67656e6465727c733a343a226d616c65223b67726f75705f69647c733a313a2231223b77617265686f7573655f69647c4e3b62696c6c65725f69647c4e3b636f6d70616e795f69647c4e3b73686f775f636f73747c733a313a2230223b73686f775f70726963657c733a313a2230223b757365725f637372667c733a32303a225058316269616d68463352767238673637784d4e223b),
('3196b08a7b72704ae3c1c652ec64f55a016c11f1', '::1', 1507002680, 0x5f5f63695f6c6173745f726567656e65726174657c693a313530373030323336333b7265717565737465645f706167657c733a31313a2270726f64756374696f6e73223b6964656e746974797c733a31363a226f776e657240676f6f676c652e636f6d223b757365726e616d657c733a353a226f776e6572223b656d61696c7c733a31363a226f776e657240676f6f676c652e636f6d223b757365725f69647c733a313a2231223b6f6c645f6c6173745f6c6f67696e7c733a31303a2231353036393632393835223b6c6173745f69707c733a333a223a3a31223b6176617461727c4e3b67656e6465727c733a343a226d616c65223b67726f75705f69647c733a313a2231223b77617265686f7573655f69647c4e3b62696c6c65725f69647c4e3b636f6d70616e795f69647c4e3b73686f775f636f73747c733a313a2230223b73686f775f70726963657c733a313a2230223b757365725f637372667c733a32303a2267726835613042366a5a4e433462634c7764597a223b72656d6f76655f706f6c737c733a313a2231223b),
('336bb4460ebb0377984136cb91feddee47a27f46', '::1', 1507003913, 0x5f5f63695f6c6173745f726567656e65726174657c693a313530373030333434373b7265717565737465645f706167657c733a31313a2270726f64756374696f6e73223b6964656e746974797c733a31363a226f776e657240676f6f676c652e636f6d223b757365726e616d657c733a353a226f776e6572223b656d61696c7c733a31363a226f776e657240676f6f676c652e636f6d223b757365725f69647c733a313a2231223b6f6c645f6c6173745f6c6f67696e7c733a31303a2231353036393632393835223b6c6173745f69707c733a333a223a3a31223b6176617461727c4e3b67656e6465727c733a343a226d616c65223b67726f75705f69647c733a313a2231223b77617265686f7573655f69647c4e3b62696c6c65725f69647c4e3b636f6d70616e795f69647c4e3b73686f775f636f73747c733a313a2230223b73686f775f70726963657c733a313a2230223b757365725f637372667c733a32303a226f726d3467317476497a63705875626e3364514d223b72656d6f76655f706f6c737c733a313a2231223b),
('34a2785224025d3cac5afc2e538855d1cae54147', '::1', 1507007615, 0x5f5f63695f6c6173745f726567656e65726174657c693a313530373030373530393b7265717565737465645f706167657c733a31313a2270726f64756374696f6e73223b6964656e746974797c733a31363a226f776e657240676f6f676c652e636f6d223b757365726e616d657c733a353a226f776e6572223b656d61696c7c733a31363a226f776e657240676f6f676c652e636f6d223b757365725f69647c733a313a2231223b6f6c645f6c6173745f6c6f67696e7c733a31303a2231353036393632393835223b6c6173745f69707c733a333a223a3a31223b6176617461727c4e3b67656e6465727c733a343a226d616c65223b67726f75705f69647c733a313a2231223b77617265686f7573655f69647c4e3b62696c6c65725f69647c4e3b636f6d70616e795f69647c4e3b73686f775f636f73747c733a313a2230223b73686f775f70726963657c733a313a2230223b757365725f637372667c733a32303a2268597939507761527a376575646b5863424c6230223b72656d6f76655f706f6c737c733a313a2231223b),
('361a315557fc3a39fe3da3ac03d344132f0f1d0a', '::1', 1507012744, 0x5f5f63695f6c6173745f726567656e65726174657c693a313530373031323434333b7265717565737465645f706167657c733a31313a2270726f64756374696f6e73223b6964656e746974797c733a31363a226f776e657240676f6f676c652e636f6d223b757365726e616d657c733a353a226f776e6572223b656d61696c7c733a31363a226f776e657240676f6f676c652e636f6d223b757365725f69647c733a313a2231223b6f6c645f6c6173745f6c6f67696e7c733a31303a2231353036393632393835223b6c6173745f69707c733a333a223a3a31223b6176617461727c4e3b67656e6465727c733a343a226d616c65223b67726f75705f69647c733a313a2231223b77617265686f7573655f69647c4e3b62696c6c65725f69647c4e3b636f6d70616e795f69647c4e3b73686f775f636f73747c733a313a2230223b73686f775f70726963657c733a313a2230223b757365725f637372667c733a32303a224278525668447348435066634c4b4575726d324f223b),
('362607c144801fad16485e32d376d650cdac9226', '::1', 1506960401, 0x5f5f63695f6c6173745f726567656e65726174657c693a313530363936303430313b7265717565737465645f706167657c733a31313a22656e71756972792f616464223b6964656e746974797c733a31363a226f776e657240676f6f676c652e636f6d223b757365726e616d657c733a353a226f776e6572223b656d61696c7c733a31363a226f776e657240676f6f676c652e636f6d223b757365725f69647c733a313a2231223b6f6c645f6c6173745f6c6f67696e7c733a31303a2231353036393630303838223b6c6173745f69707c733a333a223a3a31223b6176617461727c4e3b67656e6465727c733a343a226d616c65223b67726f75705f69647c733a313a2231223b77617265686f7573655f69647c4e3b62696c6c65725f69647c4e3b636f6d70616e795f69647c4e3b73686f775f636f73747c733a313a2230223b73686f775f70726963657c733a313a2230223b757365725f637372667c733a32303a22534b30337752664258656248314c35705164566a223b72656d6f76655f706f6c73737c693a313b),
('371c383cc2d1b636aed0c74807ff43a8eb21283f', '::1', 1507023745, 0x5f5f63695f6c6173745f726567656e65726174657c693a313530373032333432383b7265717565737465645f706167657c733a31313a2270726f64756374696f6e73223b6964656e746974797c733a31363a226f776e657240676f6f676c652e636f6d223b757365726e616d657c733a353a226f776e6572223b656d61696c7c733a31363a226f776e657240676f6f676c652e636f6d223b757365725f69647c733a313a2231223b6f6c645f6c6173745f6c6f67696e7c733a31303a2231353036393632393835223b6c6173745f69707c733a333a223a3a31223b6176617461727c4e3b67656e6465727c733a343a226d616c65223b67726f75705f69647c733a313a2231223b77617265686f7573655f69647c4e3b62696c6c65725f69647c4e3b636f6d70616e795f69647c4e3b73686f775f636f73747c733a313a2230223b73686f775f70726963657c733a313a2230223b757365725f637372667c733a32303a22335a516a4330794d39765777474a70496c523544223b72656d6f76655f706f6c73737c693a313b),
('38d0aa32fef5ac949e45a8ea16128f5c199523eb', '::1', 1506927131, 0x5f5f63695f6c6173745f726567656e65726174657c693a313530363932363836353b7265717565737465645f706167657c733a31313a2270726f64756374696f6e73223b6964656e746974797c733a31363a226f776e657240676f6f676c652e636f6d223b757365726e616d657c733a353a226f776e6572223b656d61696c7c733a31363a226f776e657240676f6f676c652e636f6d223b757365725f69647c733a313a2231223b6f6c645f6c6173745f6c6f67696e7c733a31303a2231353036373333373030223b6c6173745f69707c733a333a223a3a31223b6176617461727c4e3b67656e6465727c733a343a226d616c65223b67726f75705f69647c733a313a2231223b77617265686f7573655f69647c4e3b62696c6c65725f69647c4e3b636f6d70616e795f69647c4e3b73686f775f636f73747c733a313a2230223b73686f775f70726963657c733a313a2230223b757365725f637372667c733a32303a22564537737678504a4f746761366d524e39573343223b72656d6f76655f706f6c737c693a313b),
('38e5517d439b8c30fc103f4ad5cff09812b120cc', '::1', 1506960051, 0x5f5f63695f6c6173745f726567656e65726174657c693a313530363936303035313b7265717565737465645f706167657c733a32383a2270726f64756374696f6e732f766965775f70726f636573732f313030223b6964656e746974797c733a31363a226f776e657240676f6f676c652e636f6d223b757365726e616d657c733a353a226f776e6572223b656d61696c7c733a31363a226f776e657240676f6f676c652e636f6d223b757365725f69647c733a313a2231223b6f6c645f6c6173745f6c6f67696e7c733a31303a2231353036393538303537223b6c6173745f69707c733a333a223a3a31223b6176617461727c4e3b67656e6465727c733a343a226d616c65223b67726f75705f69647c733a313a2231223b77617265686f7573655f69647c4e3b62696c6c65725f69647c4e3b636f6d70616e795f69647c4e3b73686f775f636f73747c733a313a2230223b73686f775f70726963657c733a313a2230223b6d6573736167657c733a34353a223c703e42e1baa16e20c491c3a320c491c4836e67206e68e1baad70207468c3a06e682063c3b46e672e3c2f703e223b5f5f63695f766172737c613a313a7b733a373a226d657373616765223b733a333a226f6c64223b7d),
('3916e4c6e5067d3f41f81b4201c49053ac00ec16', '::1', 1507022366, 0x5f5f63695f6c6173745f726567656e65726174657c693a313530373032323036383b7265717565737465645f706167657c733a31313a2270726f64756374696f6e73223b6964656e746974797c733a31363a226f776e657240676f6f676c652e636f6d223b757365726e616d657c733a353a226f776e6572223b656d61696c7c733a31363a226f776e657240676f6f676c652e636f6d223b757365725f69647c733a313a2231223b6f6c645f6c6173745f6c6f67696e7c733a31303a2231353036393632393835223b6c6173745f69707c733a333a223a3a31223b6176617461727c4e3b67656e6465727c733a343a226d616c65223b67726f75705f69647c733a313a2231223b77617265686f7573655f69647c4e3b62696c6c65725f69647c4e3b636f6d70616e795f69647c4e3b73686f775f636f73747c733a313a2230223b73686f775f70726963657c733a313a2230223b757365725f637372667c733a32303a22697357384d4a494c413477794536313233397547223b),
('3b707cef3611b31d45229ab961f069d7c7fd4157', '::1', 1507017871, 0x5f5f63695f6c6173745f726567656e65726174657c693a313530373031373331333b7265717565737465645f706167657c733a31313a2270726f64756374696f6e73223b6964656e746974797c733a31363a226f776e657240676f6f676c652e636f6d223b757365726e616d657c733a353a226f776e6572223b656d61696c7c733a31363a226f776e657240676f6f676c652e636f6d223b757365725f69647c733a313a2231223b6f6c645f6c6173745f6c6f67696e7c733a31303a2231353036393632393835223b6c6173745f69707c733a333a223a3a31223b6176617461727c4e3b67656e6465727c733a343a226d616c65223b67726f75705f69647c733a313a2231223b77617265686f7573655f69647c4e3b62696c6c65725f69647c4e3b636f6d70616e795f69647c4e3b73686f775f636f73747c733a313a2230223b73686f775f70726963657c733a313a2230223b757365725f637372667c733a32303a223450634c6c6544384f586b6455726d4641364e4a223b72656d6f76655f706f6c737c733a313a2231223b),
('3c88c9d30cf6443c28fc4ef4c4e37a5d57112e53', '::1', 1507017304, 0x5f5f63695f6c6173745f726567656e65726174657c693a313530373031373030363b7265717565737465645f706167657c733a31313a2270726f64756374696f6e73223b6964656e746974797c733a31363a226f776e657240676f6f676c652e636f6d223b757365726e616d657c733a353a226f776e6572223b656d61696c7c733a31363a226f776e657240676f6f676c652e636f6d223b757365725f69647c733a313a2231223b6f6c645f6c6173745f6c6f67696e7c733a31303a2231353036393632393835223b6c6173745f69707c733a333a223a3a31223b6176617461727c4e3b67656e6465727c733a343a226d616c65223b67726f75705f69647c733a313a2231223b77617265686f7573655f69647c4e3b62696c6c65725f69647c4e3b636f6d70616e795f69647c4e3b73686f775f636f73747c733a313a2230223b73686f775f70726963657c733a313a2230223b757365725f637372667c733a32303a223752676534366669434c4570384175565942334e223b72656d6f76655f706f6c737c693a313b),
('3dd823d628928a33599b3fd60d3f0e754e4b3f1d', '::1', 1506910872, 0x5f5f63695f6c6173745f726567656e65726174657c693a313530363931303034383b7265717565737465645f706167657c733a31313a2270726f64756374696f6e73223b6964656e746974797c733a31363a226f776e657240676f6f676c652e636f6d223b757365726e616d657c733a353a226f776e6572223b656d61696c7c733a31363a226f776e657240676f6f676c652e636f6d223b757365725f69647c733a313a2231223b6f6c645f6c6173745f6c6f67696e7c733a31303a2231353036373333373030223b6c6173745f69707c733a333a223a3a31223b6176617461727c4e3b67656e6465727c733a343a226d616c65223b67726f75705f69647c733a313a2231223b77617265686f7573655f69647c4e3b62696c6c65725f69647c4e3b636f6d70616e795f69647c4e3b73686f775f636f73747c733a313a2230223b73686f775f70726963657c733a313a2230223b757365725f637372667c733a32303a2255684a47425277594d6f4b5a3738317366756948223b),
('3ea29eb57cf89f1fa038c35cc199618af666a072', '::1', 1506908474, 0x5f5f63695f6c6173745f726567656e65726174657c693a313530363930383436383b7265717565737465645f706167657c733a31313a2270726f64756374696f6e73223b6964656e746974797c733a31363a226f776e657240676f6f676c652e636f6d223b757365726e616d657c733a353a226f776e6572223b656d61696c7c733a31363a226f776e657240676f6f676c652e636f6d223b757365725f69647c733a313a2231223b6f6c645f6c6173745f6c6f67696e7c733a31303a2231353036373333373030223b6c6173745f69707c733a333a223a3a31223b6176617461727c4e3b67656e6465727c733a343a226d616c65223b67726f75705f69647c733a313a2231223b77617265686f7573655f69647c4e3b62696c6c65725f69647c4e3b636f6d70616e795f69647c4e3b73686f775f636f73747c733a313a2230223b73686f775f70726963657c733a313a2230223b757365725f637372667c733a32303a224a4c4736544b48594d6d6e725a30523569796f50223b),
('420f1a8ca2c9bf676f42927552ef5efa7117852d', '::1', 1507017904, 0x5f5f63695f6c6173745f726567656e65726174657c693a313530373031373837323b7265717565737465645f706167657c733a31313a2270726f64756374696f6e73223b6964656e746974797c733a31363a226f776e657240676f6f676c652e636f6d223b757365726e616d657c733a353a226f776e6572223b656d61696c7c733a31363a226f776e657240676f6f676c652e636f6d223b757365725f69647c733a313a2231223b6f6c645f6c6173745f6c6f67696e7c733a31303a2231353036393632393835223b6c6173745f69707c733a333a223a3a31223b6176617461727c4e3b67656e6465727c733a343a226d616c65223b67726f75705f69647c733a313a2231223b77617265686f7573655f69647c4e3b62696c6c65725f69647c4e3b636f6d70616e795f69647c4e3b73686f775f636f73747c733a313a2230223b73686f775f70726963657c733a313a2230223b757365725f637372667c733a32303a2263507545765a42696f6e59554c374d6239384f49223b72656d6f76655f706f6c737c693a313b),
('421defd002428d947eb0404e5128c4df5638b09c', '192.168.1.8', 1507009266, 0x5f5f63695f6c6173745f726567656e65726174657c693a313530373030393236363b7265717565737465645f706167657c733a303a22223b6964656e746974797c733a31363a226f776e657240676f6f676c652e636f6d223b757365726e616d657c733a353a226f776e6572223b656d61696c7c733a31363a226f776e657240676f6f676c652e636f6d223b757365725f69647c733a313a2231223b6f6c645f6c6173745f6c6f67696e7c733a31303a2231353036393933313934223b6c6173745f69707c733a333a223a3a31223b6176617461727c4e3b67656e6465727c733a343a226d616c65223b67726f75705f69647c733a313a2231223b77617265686f7573655f69647c4e3b62696c6c65725f69647c4e3b636f6d70616e795f69647c4e3b73686f775f636f73747c733a313a2230223b73686f775f70726963657c733a313a2230223b757365725f637372667c733a32303a22596a7764544c497931417857377030426c44686d223b),
('45e1c59f6780f4f86307b0524714896c991d7bfd', '::1', 1506935270, 0x5f5f63695f6c6173745f726567656e65726174657c693a313530363933353237303b7265717565737465645f706167657c733a31313a2270726f64756374696f6e73223b6964656e746974797c733a31363a226f776e657240676f6f676c652e636f6d223b757365726e616d657c733a353a226f776e6572223b656d61696c7c733a31363a226f776e657240676f6f676c652e636f6d223b757365725f69647c733a313a2231223b6f6c645f6c6173745f6c6f67696e7c733a31303a2231353036373333373030223b6c6173745f69707c733a333a223a3a31223b6176617461727c4e3b67656e6465727c733a343a226d616c65223b67726f75705f69647c733a313a2231223b77617265686f7573655f69647c4e3b62696c6c65725f69647c4e3b636f6d70616e795f69647c4e3b73686f775f636f73747c733a313a2230223b73686f775f70726963657c733a313a2230223b757365725f637372667c733a32303a22637a4e656a4d594c476d7668433562705a75784a223b),
('4a9ae444fb41c71d0930357023dfa0de81451660', '::1', 1506918049, 0x5f5f63695f6c6173745f726567656e65726174657c693a313530363931373735323b7265717565737465645f706167657c733a31313a2270726f64756374696f6e73223b6964656e746974797c733a31363a226f776e657240676f6f676c652e636f6d223b757365726e616d657c733a353a226f776e6572223b656d61696c7c733a31363a226f776e657240676f6f676c652e636f6d223b757365725f69647c733a313a2231223b6f6c645f6c6173745f6c6f67696e7c733a31303a2231353036373333373030223b6c6173745f69707c733a333a223a3a31223b6176617461727c4e3b67656e6465727c733a343a226d616c65223b67726f75705f69647c733a313a2231223b77617265686f7573655f69647c4e3b62696c6c65725f69647c4e3b636f6d70616e795f69647c4e3b73686f775f636f73747c733a313a2230223b73686f775f70726963657c733a313a2230223b757365725f637372667c733a32303a226d6a384554635944754167655147744b4c78487a223b),
('4ac36505011723ad46b2486c93324997272a81b8', '::1', 1506909418, 0x5f5f63695f6c6173745f726567656e65726174657c693a313530363930393230383b7265717565737465645f706167657c733a31313a2270726f64756374696f6e73223b6964656e746974797c733a31363a226f776e657240676f6f676c652e636f6d223b757365726e616d657c733a353a226f776e6572223b656d61696c7c733a31363a226f776e657240676f6f676c652e636f6d223b757365725f69647c733a313a2231223b6f6c645f6c6173745f6c6f67696e7c733a31303a2231353036373333373030223b6c6173745f69707c733a333a223a3a31223b6176617461727c4e3b67656e6465727c733a343a226d616c65223b67726f75705f69647c733a313a2231223b77617265686f7573655f69647c4e3b62696c6c65725f69647c4e3b636f6d70616e795f69647c4e3b73686f775f636f73747c733a313a2230223b73686f775f70726963657c733a313a2230223b757365725f637372667c733a32303a224571707a57556d3166524e476b6c533561495073223b),
('4cb0fa1ceaf62b4259b64e0feba14d3ee2c2efff', '::1', 1507024010, 0x5f5f63695f6c6173745f726567656e65726174657c693a313530373032333735303b7265717565737465645f706167657c733a31313a2270726f64756374696f6e73223b6964656e746974797c733a31363a226f776e657240676f6f676c652e636f6d223b757365726e616d657c733a353a226f776e6572223b656d61696c7c733a31363a226f776e657240676f6f676c652e636f6d223b757365725f69647c733a313a2231223b6f6c645f6c6173745f6c6f67696e7c733a31303a2231353036393632393835223b6c6173745f69707c733a333a223a3a31223b6176617461727c4e3b67656e6465727c733a343a226d616c65223b67726f75705f69647c733a313a2231223b77617265686f7573655f69647c4e3b62696c6c65725f69647c4e3b636f6d70616e795f69647c4e3b73686f775f636f73747c733a313a2230223b73686f775f70726963657c733a313a2230223b757365725f637372667c733a32303a22385254696234616a586e6b594b716f7570634a53223b72656d6f76655f706f6c73737c693a313b72656d6f76655f706f6c737c693a313b),
('4d5d196a0832f5412fba1995cdae9fa7935a9b91', '::1', 1506999970, 0x5f5f63695f6c6173745f726567656e65726174657c693a313530363939393635393b7265717565737465645f706167657c733a31313a2270726f64756374696f6e73223b6964656e746974797c733a31363a226f776e657240676f6f676c652e636f6d223b757365726e616d657c733a353a226f776e6572223b656d61696c7c733a31363a226f776e657240676f6f676c652e636f6d223b757365725f69647c733a313a2231223b6f6c645f6c6173745f6c6f67696e7c733a31303a2231353036393632393835223b6c6173745f69707c733a333a223a3a31223b6176617461727c4e3b67656e6465727c733a343a226d616c65223b67726f75705f69647c733a313a2231223b77617265686f7573655f69647c4e3b62696c6c65725f69647c4e3b636f6d70616e795f69647c4e3b73686f775f636f73747c733a313a2230223b73686f775f70726963657c733a313a2230223b757365725f637372667c733a32303a224d764639444b6c516f3056336a63387748537279223b72656d6f76655f706f6c737c733a313a2231223b),
('4dab833948baeca3f885b1388c36f55b7aed065f', '::1', 1506927168, 0x5f5f63695f6c6173745f726567656e65726174657c693a313530363932373136383b7265717565737465645f706167657c733a31313a2270726f64756374696f6e73223b6964656e746974797c733a31363a226f776e657240676f6f676c652e636f6d223b757365726e616d657c733a353a226f776e6572223b656d61696c7c733a31363a226f776e657240676f6f676c652e636f6d223b757365725f69647c733a313a2231223b6f6c645f6c6173745f6c6f67696e7c733a31303a2231353036373333373030223b6c6173745f69707c733a333a223a3a31223b6176617461727c4e3b67656e6465727c733a343a226d616c65223b67726f75705f69647c733a313a2231223b77617265686f7573655f69647c4e3b62696c6c65725f69647c4e3b636f6d70616e795f69647c4e3b73686f775f636f73747c733a313a2230223b73686f775f70726963657c733a313a2230223b757365725f637372667c733a32303a22564537737678504a4f746761366d524e39573343223b72656d6f76655f706f6c737c693a313b),
('4e7951f8d5cbee4412b2a57868857721db5ac492', '::1', 1506926656, 0x5f5f63695f6c6173745f726567656e65726174657c693a313530363932363531333b7265717565737465645f706167657c733a31313a2270726f64756374696f6e73223b6964656e746974797c733a31363a226f776e657240676f6f676c652e636f6d223b757365726e616d657c733a353a226f776e6572223b656d61696c7c733a31363a226f776e657240676f6f676c652e636f6d223b757365725f69647c733a313a2231223b6f6c645f6c6173745f6c6f67696e7c733a31303a2231353036373333373030223b6c6173745f69707c733a333a223a3a31223b6176617461727c4e3b67656e6465727c733a343a226d616c65223b67726f75705f69647c733a313a2231223b77617265686f7573655f69647c4e3b62696c6c65725f69647c4e3b636f6d70616e795f69647c4e3b73686f775f636f73747c733a313a2230223b73686f775f70726963657c733a313a2230223b757365725f637372667c733a32303a227a775462615958334843316f6a6e4b5a49714f65223b72656d6f76655f706f6c737c693a313b),
('4ec982cffc2f63c4afd42e8962c039a7b855fcbe', '::1', 1506916936, 0x5f5f63695f6c6173745f726567656e65726174657c693a313530363931363539303b7265717565737465645f706167657c733a31313a2270726f64756374696f6e73223b6964656e746974797c733a31363a226f776e657240676f6f676c652e636f6d223b757365726e616d657c733a353a226f776e6572223b656d61696c7c733a31363a226f776e657240676f6f676c652e636f6d223b757365725f69647c733a313a2231223b6f6c645f6c6173745f6c6f67696e7c733a31303a2231353036373333373030223b6c6173745f69707c733a333a223a3a31223b6176617461727c4e3b67656e6465727c733a343a226d616c65223b67726f75705f69647c733a313a2231223b77617265686f7573655f69647c4e3b62696c6c65725f69647c4e3b636f6d70616e795f69647c4e3b73686f775f636f73747c733a313a2230223b73686f775f70726963657c733a313a2230223b757365725f637372667c733a32303a2239435865595a4e6e5778384d4872333061684179223b),
('559149cb5aa2ac92aad937788e4da7012403a9fa', '::1', 1507022668, 0x5f5f63695f6c6173745f726567656e65726174657c693a313530373032323337303b7265717565737465645f706167657c733a31313a2270726f64756374696f6e73223b6964656e746974797c733a31363a226f776e657240676f6f676c652e636f6d223b757365726e616d657c733a353a226f776e6572223b656d61696c7c733a31363a226f776e657240676f6f676c652e636f6d223b757365725f69647c733a313a2231223b6f6c645f6c6173745f6c6f67696e7c733a31303a2231353036393632393835223b6c6173745f69707c733a333a223a3a31223b6176617461727c4e3b67656e6465727c733a343a226d616c65223b67726f75705f69647c733a313a2231223b77617265686f7573655f69647c4e3b62696c6c65725f69647c4e3b636f6d70616e795f69647c4e3b73686f775f636f73747c733a313a2230223b73686f775f70726963657c733a313a2230223b757365725f637372667c733a32303a226b4c4f79536a6f326c3171426e41467573624b61223b72656d6f76655f706f6c73737c693a313b),
('55fde9ccd690d1a634c22b4914611cee3524e4bf', '::1', 1507025464, 0x5f5f63695f6c6173745f726567656e65726174657c693a313530373032353131303b7265717565737465645f706167657c733a31313a2270726f64756374696f6e73223b6964656e746974797c733a31363a226f776e657240676f6f676c652e636f6d223b757365726e616d657c733a353a226f776e6572223b656d61696c7c733a31363a226f776e657240676f6f676c652e636f6d223b757365725f69647c733a313a2231223b6f6c645f6c6173745f6c6f67696e7c733a31303a2231353036393632393835223b6c6173745f69707c733a333a223a3a31223b6176617461727c4e3b67656e6465727c733a343a226d616c65223b67726f75705f69647c733a313a2231223b77617265686f7573655f69647c4e3b62696c6c65725f69647c4e3b636f6d70616e795f69647c4e3b73686f775f636f73747c733a313a2230223b73686f775f70726963657c733a313a2230223b757365725f637372667c733a32303a22364a7068655564476c49434f634c7872664e6e6a223b72656d6f76655f706f6c73737c693a313b72656d6f76655f706f6c737c733a313a2231223b),
('566ec39277e047896e78f6f3f1df4afc69ec4d29', '::1', 1506996294, 0x5f5f63695f6c6173745f726567656e65726174657c693a313530363939363035353b7265717565737465645f706167657c733a31313a2270726f64756374696f6e73223b6964656e746974797c733a31363a226f776e657240676f6f676c652e636f6d223b757365726e616d657c733a353a226f776e6572223b656d61696c7c733a31363a226f776e657240676f6f676c652e636f6d223b757365725f69647c733a313a2231223b6f6c645f6c6173745f6c6f67696e7c733a31303a2231353036393632393835223b6c6173745f69707c733a333a223a3a31223b6176617461727c4e3b67656e6465727c733a343a226d616c65223b67726f75705f69647c733a313a2231223b77617265686f7573655f69647c4e3b62696c6c65725f69647c4e3b636f6d70616e795f69647c4e3b73686f775f636f73747c733a313a2230223b73686f775f70726963657c733a313a2230223b757365725f637372667c733a32303a22664d5055644933795a537035757a32596b724776223b),
('581fe183a1358b4bb32c7fb187ed3da47bed9c33', '::1', 1506994751, 0x5f5f63695f6c6173745f726567656e65726174657c693a313530363939343735313b7265717565737465645f706167657c733a31313a2270726f64756374696f6e73223b6964656e746974797c733a31363a226f776e657240676f6f676c652e636f6d223b757365726e616d657c733a353a226f776e6572223b656d61696c7c733a31363a226f776e657240676f6f676c652e636f6d223b757365725f69647c733a313a2231223b6f6c645f6c6173745f6c6f67696e7c733a31303a2231353036393632393835223b6c6173745f69707c733a333a223a3a31223b6176617461727c4e3b67656e6465727c733a343a226d616c65223b67726f75705f69647c733a313a2231223b77617265686f7573655f69647c4e3b62696c6c65725f69647c4e3b636f6d70616e795f69647c4e3b73686f775f636f73747c733a313a2230223b73686f775f70726963657c733a313a2230223b),
('5a4973177dfa161c50a0c20fd244bcbbba9a4f2b', '::1', 1506928335, 0x5f5f63695f6c6173745f726567656e65726174657c693a313530363932383238373b7265717565737465645f706167657c733a31313a2270726f64756374696f6e73223b6964656e746974797c733a31363a226f776e657240676f6f676c652e636f6d223b757365726e616d657c733a353a226f776e6572223b656d61696c7c733a31363a226f776e657240676f6f676c652e636f6d223b757365725f69647c733a313a2231223b6f6c645f6c6173745f6c6f67696e7c733a31303a2231353036373333373030223b6c6173745f69707c733a333a223a3a31223b6176617461727c4e3b67656e6465727c733a343a226d616c65223b67726f75705f69647c733a313a2231223b77617265686f7573655f69647c4e3b62696c6c65725f69647c4e3b636f6d70616e795f69647c4e3b73686f775f636f73747c733a313a2230223b73686f775f70726963657c733a313a2230223b757365725f637372667c733a32303a22416f436e66543959534234687a4f78484c504d65223b72656d6f76655f706f6c737c693a313b),
('5c54dba1a46ffb379d886639aeb73e8bdc33a743', '::1', 1507019165, 0x5f5f63695f6c6173745f726567656e65726174657c693a313530373031383837313b7265717565737465645f706167657c733a31313a2270726f64756374696f6e73223b6964656e746974797c733a31363a226f776e657240676f6f676c652e636f6d223b757365726e616d657c733a353a226f776e6572223b656d61696c7c733a31363a226f776e657240676f6f676c652e636f6d223b757365725f69647c733a313a2231223b6f6c645f6c6173745f6c6f67696e7c733a31303a2231353036393632393835223b6c6173745f69707c733a333a223a3a31223b6176617461727c4e3b67656e6465727c733a343a226d616c65223b67726f75705f69647c733a313a2231223b77617265686f7573655f69647c4e3b62696c6c65725f69647c4e3b636f6d70616e795f69647c4e3b73686f775f636f73747c733a313a2230223b73686f775f70726963657c733a313a2230223b757365725f637372667c733a32303a22757454386f36483159466376326c5a39476a5577223b72656d6f76655f706f6c737c693a313b),
('5cb8544ae1e98ad7826e92bfb459db5aac251751', '::1', 1506911311, 0x5f5f63695f6c6173745f726567656e65726174657c693a313530363931313238373b7265717565737465645f706167657c733a31313a2270726f64756374696f6e73223b6964656e746974797c733a31363a226f776e657240676f6f676c652e636f6d223b757365726e616d657c733a353a226f776e6572223b656d61696c7c733a31363a226f776e657240676f6f676c652e636f6d223b757365725f69647c733a313a2231223b6f6c645f6c6173745f6c6f67696e7c733a31303a2231353036373333373030223b6c6173745f69707c733a333a223a3a31223b6176617461727c4e3b67656e6465727c733a343a226d616c65223b67726f75705f69647c733a313a2231223b77617265686f7573655f69647c4e3b62696c6c65725f69647c4e3b636f6d70616e795f69647c4e3b73686f775f636f73747c733a313a2230223b73686f775f70726963657c733a313a2230223b757365725f637372667c733a32303a2250777261456c795763444352557a704e31545a4c223b),
('5df881d3d732ba11627f4f8c85a0dce98b56eab7', '::1', 1507022918, 0x5f5f63695f6c6173745f726567656e65726174657c693a313530373032323732343b7265717565737465645f706167657c733a31313a2270726f64756374696f6e73223b6964656e746974797c733a31363a226f776e657240676f6f676c652e636f6d223b757365726e616d657c733a353a226f776e6572223b656d61696c7c733a31363a226f776e657240676f6f676c652e636f6d223b757365725f69647c733a313a2231223b6f6c645f6c6173745f6c6f67696e7c733a31303a2231353036393632393835223b6c6173745f69707c733a333a223a3a31223b6176617461727c4e3b67656e6465727c733a343a226d616c65223b67726f75705f69647c733a313a2231223b77617265686f7573655f69647c4e3b62696c6c65725f69647c4e3b636f6d70616e795f69647c4e3b73686f775f636f73747c733a313a2230223b73686f775f70726963657c733a313a2230223b757365725f637372667c733a32303a226b554e57417a674a43476c323465446958377646223b72656d6f76655f706f6c73737c693a313b72656d6f76655f706f6c737c693a313b);
INSERT INTO `sma_sessions` (`id`, `ip_address`, `timestamp`, `data`) VALUES
('5faed9d38245d8e4b763995282259ddfaa15c8b3', '::1', 1506913485, 0x5f5f63695f6c6173745f726567656e65726174657c693a313530363931333332323b7265717565737465645f706167657c733a31313a2270726f64756374696f6e73223b6964656e746974797c733a31363a226f776e657240676f6f676c652e636f6d223b757365726e616d657c733a353a226f776e6572223b656d61696c7c733a31363a226f776e657240676f6f676c652e636f6d223b757365725f69647c733a313a2231223b6f6c645f6c6173745f6c6f67696e7c733a31303a2231353036373333373030223b6c6173745f69707c733a333a223a3a31223b6176617461727c4e3b67656e6465727c733a343a226d616c65223b67726f75705f69647c733a313a2231223b77617265686f7573655f69647c4e3b62696c6c65725f69647c4e3b636f6d70616e795f69647c4e3b73686f775f636f73747c733a313a2230223b73686f775f70726963657c733a313a2230223b757365725f637372667c733a32303a2276567a436c69486d354e745231665345624b3933223b),
('60968b0e262d1ec0e70ead8dc86b67f480d93842', '::1', 1506997715, 0x5f5f63695f6c6173745f726567656e65726174657c693a313530363939373538313b7265717565737465645f706167657c733a31313a2270726f64756374696f6e73223b6964656e746974797c733a31363a226f776e657240676f6f676c652e636f6d223b757365726e616d657c733a353a226f776e6572223b656d61696c7c733a31363a226f776e657240676f6f676c652e636f6d223b757365725f69647c733a313a2231223b6f6c645f6c6173745f6c6f67696e7c733a31303a2231353036393632393835223b6c6173745f69707c733a333a223a3a31223b6176617461727c4e3b67656e6465727c733a343a226d616c65223b67726f75705f69647c733a313a2231223b77617265686f7573655f69647c4e3b62696c6c65725f69647c4e3b636f6d70616e795f69647c4e3b73686f775f636f73747c733a313a2230223b73686f775f70726963657c733a313a2230223b757365725f637372667c733a32303a224f736a6537424939366251384652776455537433223b72656d6f76655f706f6c737c693a313b),
('611b64ece51fee409359719930a1df01f344c380', '::1', 1507013135, 0x5f5f63695f6c6173745f726567656e65726174657c693a313530373031333039303b7265717565737465645f706167657c733a31313a2270726f64756374696f6e73223b6964656e746974797c733a31363a226f776e657240676f6f676c652e636f6d223b757365726e616d657c733a353a226f776e6572223b656d61696c7c733a31363a226f776e657240676f6f676c652e636f6d223b757365725f69647c733a313a2231223b6f6c645f6c6173745f6c6f67696e7c733a31303a2231353036393632393835223b6c6173745f69707c733a333a223a3a31223b6176617461727c4e3b67656e6465727c733a343a226d616c65223b67726f75705f69647c733a313a2231223b77617265686f7573655f69647c4e3b62696c6c65725f69647c4e3b636f6d70616e795f69647c4e3b73686f775f636f73747c733a313a2230223b73686f775f70726963657c733a313a2230223b757365725f637372667c733a32303a224278525668447348435066634c4b4575726d324f223b),
('645607c8cf3b1fcd6f01ebc2edef778af5b7068e', '::1', 1506993987, 0x5f5f63695f6c6173745f726567656e65726174657c693a313530363939333930343b7265717565737465645f706167657c733a31313a2270726f64756374696f6e73223b6964656e746974797c733a31363a226f776e657240676f6f676c652e636f6d223b757365726e616d657c733a353a226f776e6572223b656d61696c7c733a31363a226f776e657240676f6f676c652e636f6d223b757365725f69647c733a313a2231223b6f6c645f6c6173745f6c6f67696e7c733a31303a2231353036393632393835223b6c6173745f69707c733a333a223a3a31223b6176617461727c4e3b67656e6465727c733a343a226d616c65223b67726f75705f69647c733a313a2231223b77617265686f7573655f69647c4e3b62696c6c65725f69647c4e3b636f6d70616e795f69647c4e3b73686f775f636f73747c733a313a2230223b73686f775f70726963657c733a313a2230223b),
('65d6641ac5a24a7737058b91ca5289602583a112', '::1', 1507026104, 0x5f5f63695f6c6173745f726567656e65726174657c693a313530373032353831343b7265717565737465645f706167657c733a31313a2270726f64756374696f6e73223b6964656e746974797c733a31363a226f776e657240676f6f676c652e636f6d223b757365726e616d657c733a353a226f776e6572223b656d61696c7c733a31363a226f776e657240676f6f676c652e636f6d223b757365725f69647c733a313a2231223b6f6c645f6c6173745f6c6f67696e7c733a31303a2231353036393632393835223b6c6173745f69707c733a333a223a3a31223b6176617461727c4e3b67656e6465727c733a343a226d616c65223b67726f75705f69647c733a313a2231223b77617265686f7573655f69647c4e3b62696c6c65725f69647c4e3b636f6d70616e795f69647c4e3b73686f775f636f73747c733a313a2230223b73686f775f70726963657c733a313a2230223b757365725f637372667c733a32303a224f756553706b7262776f4457465678474b686e35223b72656d6f76655f706f6c73737c693a313b),
('68b25d860a5abe068c04f54462b64142d8fa3a54', '::1', 1506933385, 0x5f5f63695f6c6173745f726567656e65726174657c693a313530363933333130343b7265717565737465645f706167657c733a31313a2270726f64756374696f6e73223b6964656e746974797c733a31363a226f776e657240676f6f676c652e636f6d223b757365726e616d657c733a353a226f776e6572223b656d61696c7c733a31363a226f776e657240676f6f676c652e636f6d223b757365725f69647c733a313a2231223b6f6c645f6c6173745f6c6f67696e7c733a31303a2231353036373333373030223b6c6173745f69707c733a333a223a3a31223b6176617461727c4e3b67656e6465727c733a343a226d616c65223b67726f75705f69647c733a313a2231223b77617265686f7573655f69647c4e3b62696c6c65725f69647c4e3b636f6d70616e795f69647c4e3b73686f775f636f73747c733a313a2230223b73686f775f70726963657c733a313a2230223b757365725f637372667c733a32303a224f506649756731704253583364656c623435775a223b),
('68d8220f90b8cb2f1f33380cf88d26279258a1fd', '::1', 1507015760, 0x5f5f63695f6c6173745f726567656e65726174657c693a313530373031353430373b7265717565737465645f706167657c733a31313a2270726f64756374696f6e73223b6964656e746974797c733a31363a226f776e657240676f6f676c652e636f6d223b757365726e616d657c733a353a226f776e6572223b656d61696c7c733a31363a226f776e657240676f6f676c652e636f6d223b757365725f69647c733a313a2231223b6f6c645f6c6173745f6c6f67696e7c733a31303a2231353036393632393835223b6c6173745f69707c733a333a223a3a31223b6176617461727c4e3b67656e6465727c733a343a226d616c65223b67726f75705f69647c733a313a2231223b77617265686f7573655f69647c4e3b62696c6c65725f69647c4e3b636f6d70616e795f69647c4e3b73686f775f636f73747c733a313a2230223b73686f775f70726963657c733a313a2230223b757365725f637372667c733a32303a22354230585157594c6e746379684836756d396c6f223b72656d6f76655f706f6c737c733a313a2231223b),
('68d8907a8fad344dced0b48ca6630a4c94512dba', '::1', 1506929607, 0x5f5f63695f6c6173745f726567656e65726174657c693a313530363932393630313b7265717565737465645f706167657c733a31313a2270726f64756374696f6e73223b6964656e746974797c733a31363a226f776e657240676f6f676c652e636f6d223b757365726e616d657c733a353a226f776e6572223b656d61696c7c733a31363a226f776e657240676f6f676c652e636f6d223b757365725f69647c733a313a2231223b6f6c645f6c6173745f6c6f67696e7c733a31303a2231353036373333373030223b6c6173745f69707c733a333a223a3a31223b6176617461727c4e3b67656e6465727c733a343a226d616c65223b67726f75705f69647c733a313a2231223b77617265686f7573655f69647c4e3b62696c6c65725f69647c4e3b636f6d70616e795f69647c4e3b73686f775f636f73747c733a313a2230223b73686f775f70726963657c733a313a2230223b757365725f637372667c733a32303a22416f436e66543959534234687a4f78484c504d65223b72656d6f76655f706f6c737c693a313b),
('6c0e687b30b7d3b60de649ce99cd717bc0b062ea', '::1', 1506925845, 0x5f5f63695f6c6173745f726567656e65726174657c693a313530363932353834333b7265717565737465645f706167657c733a31313a2270726f64756374696f6e73223b6964656e746974797c733a31363a226f776e657240676f6f676c652e636f6d223b757365726e616d657c733a353a226f776e6572223b656d61696c7c733a31363a226f776e657240676f6f676c652e636f6d223b757365725f69647c733a313a2231223b6f6c645f6c6173745f6c6f67696e7c733a31303a2231353036373333373030223b6c6173745f69707c733a333a223a3a31223b6176617461727c4e3b67656e6465727c733a343a226d616c65223b67726f75705f69647c733a313a2231223b77617265686f7573655f69647c4e3b62696c6c65725f69647c4e3b636f6d70616e795f69647c4e3b73686f775f636f73747c733a313a2230223b73686f775f70726963657c733a313a2230223b757365725f637372667c733a32303a22384b3048795068746752784463366c3276706b45223b),
('6ea2e0c79c647acc8ef6ecf8103963954e18b2d5', '::1', 1506917213, 0x5f5f63695f6c6173745f726567656e65726174657c693a313530363931363936363b7265717565737465645f706167657c733a31313a2270726f64756374696f6e73223b6964656e746974797c733a31363a226f776e657240676f6f676c652e636f6d223b757365726e616d657c733a353a226f776e6572223b656d61696c7c733a31363a226f776e657240676f6f676c652e636f6d223b757365725f69647c733a313a2231223b6f6c645f6c6173745f6c6f67696e7c733a31303a2231353036373333373030223b6c6173745f69707c733a333a223a3a31223b6176617461727c4e3b67656e6465727c733a343a226d616c65223b67726f75705f69647c733a313a2231223b77617265686f7573655f69647c4e3b62696c6c65725f69647c4e3b636f6d70616e795f69647c4e3b73686f775f636f73747c733a313a2230223b73686f775f70726963657c733a313a2230223b757365725f637372667c733a32303a2239435865595a4e6e5778384d4872333061684179223b),
('6eb23d2f08199e8d227f343d273723bd71cfa8e2', '::1', 1506938156, 0x5f5f63695f6c6173745f726567656e65726174657c693a313530363933373835393b7265717565737465645f706167657c733a31313a2270726f64756374696f6e73223b6964656e746974797c733a31363a226f776e657240676f6f676c652e636f6d223b757365726e616d657c733a353a226f776e6572223b656d61696c7c733a31363a226f776e657240676f6f676c652e636f6d223b757365725f69647c733a313a2231223b6f6c645f6c6173745f6c6f67696e7c733a31303a2231353036373333373030223b6c6173745f69707c733a333a223a3a31223b6176617461727c4e3b67656e6465727c733a343a226d616c65223b67726f75705f69647c733a313a2231223b77617265686f7573655f69647c4e3b62696c6c65725f69647c4e3b636f6d70616e795f69647c4e3b73686f775f636f73747c733a313a2230223b73686f775f70726963657c733a313a2230223b757365725f637372667c733a32303a224e75656f6976456d4d71394651734a776b557241223b),
('6ff650bf530c6b53b9d18941d9e2884b0c3734bc', '192.168.1.9', 1506913955, 0x5f5f63695f6c6173745f726567656e65726174657c693a313530363931333834343b7265717565737465645f706167657c733a303a22223b6964656e746974797c733a31363a226f776e657240676f6f676c652e636f6d223b757365726e616d657c733a353a226f776e6572223b656d61696c7c733a31363a226f776e657240676f6f676c652e636f6d223b757365725f69647c733a313a2231223b6f6c645f6c6173745f6c6f67696e7c733a31303a2231353036393036383933223b6c6173745f69707c733a333a223a3a31223b6176617461727c4e3b67656e6465727c733a343a226d616c65223b67726f75705f69647c733a313a2231223b77617265686f7573655f69647c4e3b62696c6c65725f69647c4e3b636f6d70616e795f69647c4e3b73686f775f636f73747c733a313a2230223b73686f775f70726963657c733a313a2230223b757365725f637372667c733a32303a2254557050624f576b324449514c7730735a68466a223b),
('72f6bf502cd17657e6abf7e639c58dd1fa8459fe', '::1', 1506919693, 0x5f5f63695f6c6173745f726567656e65726174657c693a313530363931393631333b7265717565737465645f706167657c733a31313a2270726f64756374696f6e73223b6964656e746974797c733a31363a226f776e657240676f6f676c652e636f6d223b757365726e616d657c733a353a226f776e6572223b656d61696c7c733a31363a226f776e657240676f6f676c652e636f6d223b757365725f69647c733a313a2231223b6f6c645f6c6173745f6c6f67696e7c733a31303a2231353036373333373030223b6c6173745f69707c733a333a223a3a31223b6176617461727c4e3b67656e6465727c733a343a226d616c65223b67726f75705f69647c733a313a2231223b77617265686f7573655f69647c4e3b62696c6c65725f69647c4e3b636f6d70616e795f69647c4e3b73686f775f636f73747c733a313a2230223b73686f775f70726963657c733a313a2230223b757365725f637372667c733a32303a22324d336d42454c766b4f73584a6c3957497a6150223b72656d6f76655f706f6c737c693a313b),
('783bffff28743916e9300b8195180b6cf1b9909a', '::1', 1506994233, 0x5f5f63695f6c6173745f726567656e65726174657c693a313530363939343231353b7265717565737465645f706167657c733a31313a2270726f64756374696f6e73223b6964656e746974797c733a31363a226f776e657240676f6f676c652e636f6d223b757365726e616d657c733a353a226f776e6572223b656d61696c7c733a31363a226f776e657240676f6f676c652e636f6d223b757365725f69647c733a313a2231223b6f6c645f6c6173745f6c6f67696e7c733a31303a2231353036393632393835223b6c6173745f69707c733a333a223a3a31223b6176617461727c4e3b67656e6465727c733a343a226d616c65223b67726f75705f69647c733a313a2231223b77617265686f7573655f69647c4e3b62696c6c65725f69647c4e3b636f6d70616e795f69647c4e3b73686f775f636f73747c733a313a2230223b73686f775f70726963657c733a313a2230223b),
('7c86ad95d63b3280916d373e4ae89095e06af50b', '::1', 1506916491, 0x5f5f63695f6c6173745f726567656e65726174657c693a313530363931363232383b7265717565737465645f706167657c733a31313a2270726f64756374696f6e73223b6964656e746974797c733a31363a226f776e657240676f6f676c652e636f6d223b757365726e616d657c733a353a226f776e6572223b656d61696c7c733a31363a226f776e657240676f6f676c652e636f6d223b757365725f69647c733a313a2231223b6f6c645f6c6173745f6c6f67696e7c733a31303a2231353036373333373030223b6c6173745f69707c733a333a223a3a31223b6176617461727c4e3b67656e6465727c733a343a226d616c65223b67726f75705f69647c733a313a2231223b77617265686f7573655f69647c4e3b62696c6c65725f69647c4e3b636f6d70616e795f69647c4e3b73686f775f636f73747c733a313a2230223b73686f775f70726963657c733a313a2230223b757365725f637372667c733a32303a225930455339515a35656a7061747a4e4b72386f56223b),
('7c91b953b500a75c3387004d29654aaf68e21bcc', '::1', 1506915329, 0x5f5f63695f6c6173745f726567656e65726174657c693a313530363931353035303b7265717565737465645f706167657c733a31313a2270726f64756374696f6e73223b6964656e746974797c733a31363a226f776e657240676f6f676c652e636f6d223b757365726e616d657c733a353a226f776e6572223b656d61696c7c733a31363a226f776e657240676f6f676c652e636f6d223b757365725f69647c733a313a2231223b6f6c645f6c6173745f6c6f67696e7c733a31303a2231353036373333373030223b6c6173745f69707c733a333a223a3a31223b6176617461727c4e3b67656e6465727c733a343a226d616c65223b67726f75705f69647c733a313a2231223b77617265686f7573655f69647c4e3b62696c6c65725f69647c4e3b636f6d70616e795f69647c4e3b73686f775f636f73747c733a313a2230223b73686f775f70726963657c733a313a2230223b757365725f637372667c733a32303a2244553648455032464c4a315a6e796b6672534d64223b),
('8273f3d4eb0d61d8bcc5dc12c086e59343713804', '::1', 1506928145, 0x5f5f63695f6c6173745f726567656e65726174657c693a313530363932373931303b7265717565737465645f706167657c733a31313a2270726f64756374696f6e73223b6964656e746974797c733a31363a226f776e657240676f6f676c652e636f6d223b757365726e616d657c733a353a226f776e6572223b656d61696c7c733a31363a226f776e657240676f6f676c652e636f6d223b757365725f69647c733a313a2231223b6f6c645f6c6173745f6c6f67696e7c733a31303a2231353036373333373030223b6c6173745f69707c733a333a223a3a31223b6176617461727c4e3b67656e6465727c733a343a226d616c65223b67726f75705f69647c733a313a2231223b77617265686f7573655f69647c4e3b62696c6c65725f69647c4e3b636f6d70616e795f69647c4e3b73686f775f636f73747c733a313a2230223b73686f775f70726963657c733a313a2230223b757365725f637372667c733a32303a224f625146774a354d7938325653445a6b41666754223b72656d6f76655f706f6c737c693a313b),
('82e98fb7c37aa1cc262b27698b060fe8e93de84c', '192.168.1.8', 1507005577, 0x5f5f63695f6c6173745f726567656e65726174657c693a313530373030353533353b7265717565737465645f706167657c733a303a22223b6964656e746974797c733a31363a226f776e657240676f6f676c652e636f6d223b757365726e616d657c733a353a226f776e6572223b656d61696c7c733a31363a226f776e657240676f6f676c652e636f6d223b757365725f69647c733a313a2231223b6f6c645f6c6173745f6c6f67696e7c733a31303a2231353036393933313934223b6c6173745f69707c733a333a223a3a31223b6176617461727c4e3b67656e6465727c733a343a226d616c65223b67726f75705f69647c733a313a2231223b77617265686f7573655f69647c4e3b62696c6c65725f69647c4e3b636f6d70616e795f69647c4e3b73686f775f636f73747c733a313a2230223b73686f775f70726963657c733a313a2230223b757365725f637372667c733a32303a226a6e7a334c7441454332343578316c7169496d46223b),
('82eb05085a940dd2f30d2cc51b65c4200ced5752', '::1', 1506928628, 0x5f5f63695f6c6173745f726567656e65726174657c693a313530363932383632383b7265717565737465645f706167657c733a31313a2270726f64756374696f6e73223b6964656e746974797c733a31363a226f776e657240676f6f676c652e636f6d223b757365726e616d657c733a353a226f776e6572223b656d61696c7c733a31363a226f776e657240676f6f676c652e636f6d223b757365725f69647c733a313a2231223b6f6c645f6c6173745f6c6f67696e7c733a31303a2231353036373333373030223b6c6173745f69707c733a333a223a3a31223b6176617461727c4e3b67656e6465727c733a343a226d616c65223b67726f75705f69647c733a313a2231223b77617265686f7573655f69647c4e3b62696c6c65725f69647c4e3b636f6d70616e795f69647c4e3b73686f775f636f73747c733a313a2230223b73686f775f70726963657c733a313a2230223b757365725f637372667c733a32303a22416f436e66543959534234687a4f78484c504d65223b72656d6f76655f706f6c737c693a313b),
('878806585cecd360e05acd4420ad93c6c605bce8', '::1', 1507000153, 0x5f5f63695f6c6173745f726567656e65726174657c693a313530363939393937313b7265717565737465645f706167657c733a31313a2270726f64756374696f6e73223b6964656e746974797c733a31363a226f776e657240676f6f676c652e636f6d223b757365726e616d657c733a353a226f776e6572223b656d61696c7c733a31363a226f776e657240676f6f676c652e636f6d223b757365725f69647c733a313a2231223b6f6c645f6c6173745f6c6f67696e7c733a31303a2231353036393632393835223b6c6173745f69707c733a333a223a3a31223b6176617461727c4e3b67656e6465727c733a343a226d616c65223b67726f75705f69647c733a313a2231223b77617265686f7573655f69647c4e3b62696c6c65725f69647c4e3b636f6d70616e795f69647c4e3b73686f775f636f73747c733a313a2230223b73686f775f70726963657c733a313a2230223b757365725f637372667c733a32303a22387a6552486d58725142624766697071634c4d41223b72656d6f76655f706f6c737c693a313b),
('89f22ff7a0e09bdfe9683d93741abb171aac2a40', '192.168.1.8', 1507002146, 0x5f5f63695f6c6173745f726567656e65726174657c693a313530373030323134363b7265717565737465645f706167657c733a303a22223b6964656e746974797c733a31363a226f776e657240676f6f676c652e636f6d223b757365726e616d657c733a353a226f776e6572223b656d61696c7c733a31363a226f776e657240676f6f676c652e636f6d223b757365725f69647c733a313a2231223b6f6c645f6c6173745f6c6f67696e7c733a31303a2231353036393933313934223b6c6173745f69707c733a333a223a3a31223b6176617461727c4e3b67656e6465727c733a343a226d616c65223b67726f75705f69647c733a313a2231223b77617265686f7573655f69647c4e3b62696c6c65725f69647c4e3b636f6d70616e795f69647c4e3b73686f775f636f73747c733a313a2230223b73686f775f70726963657c733a313a2230223b757365725f637372667c733a32303a22316a483335553736795a7142654169463863394a223b72656d6f76655f706f6c737c733a313a2231223b),
('8d425e50583883df35435e3929dfc2ca6dc4b4bf', '::1', 1506995663, 0x5f5f63695f6c6173745f726567656e65726174657c693a313530363939353534373b7265717565737465645f706167657c733a31313a2270726f64756374696f6e73223b6964656e746974797c733a31363a226f776e657240676f6f676c652e636f6d223b757365726e616d657c733a353a226f776e6572223b656d61696c7c733a31363a226f776e657240676f6f676c652e636f6d223b757365725f69647c733a313a2231223b6f6c645f6c6173745f6c6f67696e7c733a31303a2231353036393632393835223b6c6173745f69707c733a333a223a3a31223b6176617461727c4e3b67656e6465727c733a343a226d616c65223b67726f75705f69647c733a313a2231223b77617265686f7573655f69647c4e3b62696c6c65725f69647c4e3b636f6d70616e795f69647c4e3b73686f775f636f73747c733a313a2230223b73686f775f70726963657c733a313a2230223b757365725f637372667c733a32303a226c45416f43465254676a4771784d31577a637638223b72656d6f76655f706f6c737c693a313b),
('8ea284550f4fcd5cbd3725f52c39f78b1f9f6b10', '::1', 1506993206, 0x5f5f63695f6c6173745f726567656e65726174657c693a313530363939333139323b7265717565737465645f706167657c733a31313a2270726f64756374696f6e73223b6964656e746974797c733a31363a226f776e657240676f6f676c652e636f6d223b757365726e616d657c733a353a226f776e6572223b656d61696c7c733a31363a226f776e657240676f6f676c652e636f6d223b757365725f69647c733a313a2231223b6f6c645f6c6173745f6c6f67696e7c733a31303a2231353036393632393835223b6c6173745f69707c733a333a223a3a31223b6176617461727c4e3b67656e6465727c733a343a226d616c65223b67726f75705f69647c733a313a2231223b77617265686f7573655f69647c4e3b62696c6c65725f69647c4e3b636f6d70616e795f69647c4e3b73686f775f636f73747c733a313a2230223b73686f775f70726963657c733a313a2230223b),
('8efbb0d02d1fe28b8b1d0f769c6c87dac273b322', '::1', 1507015088, 0x5f5f63695f6c6173745f726567656e65726174657c693a313530373031343631393b7265717565737465645f706167657c733a31313a2270726f64756374696f6e73223b6964656e746974797c733a31363a226f776e657240676f6f676c652e636f6d223b757365726e616d657c733a353a226f776e6572223b656d61696c7c733a31363a226f776e657240676f6f676c652e636f6d223b757365725f69647c733a313a2231223b6f6c645f6c6173745f6c6f67696e7c733a31303a2231353036393632393835223b6c6173745f69707c733a333a223a3a31223b6176617461727c4e3b67656e6465727c733a343a226d616c65223b67726f75705f69647c733a313a2231223b77617265686f7573655f69647c4e3b62696c6c65725f69647c4e3b636f6d70616e795f69647c4e3b73686f775f636f73747c733a313a2230223b73686f775f70726963657c733a313a2230223b757365725f637372667c733a32303a224278525668447348435066634c4b4575726d324f223b72656d6f76655f706f6c737c733a313a2231223b),
('93ddba92d799779b7d00dfab9fb03a6647a6f961', '::1', 1506937734, 0x5f5f63695f6c6173745f726567656e65726174657c693a313530363933373436353b7265717565737465645f706167657c733a31313a2270726f64756374696f6e73223b6964656e746974797c733a31363a226f776e657240676f6f676c652e636f6d223b757365726e616d657c733a353a226f776e6572223b656d61696c7c733a31363a226f776e657240676f6f676c652e636f6d223b757365725f69647c733a313a2231223b6f6c645f6c6173745f6c6f67696e7c733a31303a2231353036373333373030223b6c6173745f69707c733a333a223a3a31223b6176617461727c4e3b67656e6465727c733a343a226d616c65223b67726f75705f69647c733a313a2231223b77617265686f7573655f69647c4e3b62696c6c65725f69647c4e3b636f6d70616e795f69647c4e3b73686f775f636f73747c733a313a2230223b73686f775f70726963657c733a313a2230223b757365725f637372667c733a32303a22424d6b6e5861326569717a6a3847455173505337223b),
('9408cedae3135e4e568cf62fa51c5d2cd7eeb59a', '::1', 1507005498, 0x5f5f63695f6c6173745f726567656e65726174657c693a313530373030343635313b7265717565737465645f706167657c733a31313a2270726f64756374696f6e73223b6964656e746974797c733a31363a226f776e657240676f6f676c652e636f6d223b757365726e616d657c733a353a226f776e6572223b656d61696c7c733a31363a226f776e657240676f6f676c652e636f6d223b757365725f69647c733a313a2231223b6f6c645f6c6173745f6c6f67696e7c733a31303a2231353036393632393835223b6c6173745f69707c733a333a223a3a31223b6176617461727c4e3b67656e6465727c733a343a226d616c65223b67726f75705f69647c733a313a2231223b77617265686f7573655f69647c4e3b62696c6c65725f69647c4e3b636f6d70616e795f69647c4e3b73686f775f636f73747c733a313a2230223b73686f775f70726963657c733a313a2230223b757365725f637372667c733a32303a226b387237677352615746796f55666c7853714a47223b72656d6f76655f706f6c737c733a313a2231223b),
('96233a4707605ac6b88ac7119925d84806d2852b', '::1', 1506918552, 0x5f5f63695f6c6173745f726567656e65726174657c693a313530363931383437353b7265717565737465645f706167657c733a31313a2270726f64756374696f6e73223b6964656e746974797c733a31363a226f776e657240676f6f676c652e636f6d223b757365726e616d657c733a353a226f776e6572223b656d61696c7c733a31363a226f776e657240676f6f676c652e636f6d223b757365725f69647c733a313a2231223b6f6c645f6c6173745f6c6f67696e7c733a31303a2231353036373333373030223b6c6173745f69707c733a333a223a3a31223b6176617461727c4e3b67656e6465727c733a343a226d616c65223b67726f75705f69647c733a313a2231223b77617265686f7573655f69647c4e3b62696c6c65725f69647c4e3b636f6d70616e795f69647c4e3b73686f775f636f73747c733a313a2230223b73686f775f70726963657c733a313a2230223b757365725f637372667c733a32303a2275526d73357434445850324d6e545a49367a4e79223b),
('9b8cdd044088988aea6c5747f13ac75b76b9d199', '::1', 1507006162, 0x5f5f63695f6c6173745f726567656e65726174657c693a313530373030353739393b7265717565737465645f706167657c733a31313a2270726f64756374696f6e73223b6964656e746974797c733a31363a226f776e657240676f6f676c652e636f6d223b757365726e616d657c733a353a226f776e6572223b656d61696c7c733a31363a226f776e657240676f6f676c652e636f6d223b757365725f69647c733a313a2231223b6f6c645f6c6173745f6c6f67696e7c733a31303a2231353036393632393835223b6c6173745f69707c733a333a223a3a31223b6176617461727c4e3b67656e6465727c733a343a226d616c65223b67726f75705f69647c733a313a2231223b77617265686f7573655f69647c4e3b62696c6c65725f69647c4e3b636f6d70616e795f69647c4e3b73686f775f636f73747c733a313a2230223b73686f775f70726963657c733a313a2230223b757365725f637372667c733a32303a2258576d343356506f31734f634c454d4132754a47223b72656d6f76655f706f6c737c733a313a2231223b),
('9d59835a87b315bad3e36cc42bef1bfea70001e9', '::1', 1507020007, 0x5f5f63695f6c6173745f726567656e65726174657c693a313530373032303030373b7265717565737465645f706167657c733a31313a2270726f64756374696f6e73223b6964656e746974797c733a31363a226f776e657240676f6f676c652e636f6d223b757365726e616d657c733a353a226f776e6572223b656d61696c7c733a31363a226f776e657240676f6f676c652e636f6d223b757365725f69647c733a313a2231223b6f6c645f6c6173745f6c6f67696e7c733a31303a2231353036393632393835223b6c6173745f69707c733a333a223a3a31223b6176617461727c4e3b67656e6465727c733a343a226d616c65223b67726f75705f69647c733a313a2231223b77617265686f7573655f69647c4e3b62696c6c65725f69647c4e3b636f6d70616e795f69647c4e3b73686f775f636f73747c733a313a2230223b73686f775f70726963657c733a313a2230223b757365725f637372667c733a32303a22336c45646341594d37786b4e4434657958495447223b72656d6f76655f706f6c737c693a313b),
('9e68f7815ae06ad5b4bda78cb2b775451fe0b59b', '::1', 1507003446, 0x5f5f63695f6c6173745f726567656e65726174657c693a313530373030333031353b7265717565737465645f706167657c733a31313a2270726f64756374696f6e73223b6964656e746974797c733a31363a226f776e657240676f6f676c652e636f6d223b757365726e616d657c733a353a226f776e6572223b656d61696c7c733a31363a226f776e657240676f6f676c652e636f6d223b757365725f69647c733a313a2231223b6f6c645f6c6173745f6c6f67696e7c733a31303a2231353036393632393835223b6c6173745f69707c733a333a223a3a31223b6176617461727c4e3b67656e6465727c733a343a226d616c65223b67726f75705f69647c733a313a2231223b77617265686f7573655f69647c4e3b62696c6c65725f69647c4e3b636f6d70616e795f69647c4e3b73686f775f636f73747c733a313a2230223b73686f775f70726963657c733a313a2230223b757365725f637372667c733a32303a225179306d3142626c5668435a614e6b6373417147223b72656d6f76655f706f6c737c733a313a2231223b),
('9eb8f47eeb23ee86c18252272d4c23e49e384f3b', '::1', 1506936679, 0x5f5f63695f6c6173745f726567656e65726174657c693a313530363933363434343b7265717565737465645f706167657c733a31313a2270726f64756374696f6e73223b6964656e746974797c733a31363a226f776e657240676f6f676c652e636f6d223b757365726e616d657c733a353a226f776e6572223b656d61696c7c733a31363a226f776e657240676f6f676c652e636f6d223b757365725f69647c733a313a2231223b6f6c645f6c6173745f6c6f67696e7c733a31303a2231353036373333373030223b6c6173745f69707c733a333a223a3a31223b6176617461727c4e3b67656e6465727c733a343a226d616c65223b67726f75705f69647c733a313a2231223b77617265686f7573655f69647c4e3b62696c6c65725f69647c4e3b636f6d70616e795f69647c4e3b73686f775f636f73747c733a313a2230223b73686f775f70726963657c733a313a2230223b757365725f637372667c733a32303a225a45516971536f764e397a50365844316141706c223b),
('a52ad525df0dd0c88d057ef8d1f73d1b52c4f595', '::1', 1507013081, 0x5f5f63695f6c6173745f726567656e65726174657c693a313530373031323736383b7265717565737465645f706167657c733a31313a2270726f64756374696f6e73223b6964656e746974797c733a31363a226f776e657240676f6f676c652e636f6d223b757365726e616d657c733a353a226f776e6572223b656d61696c7c733a31363a226f776e657240676f6f676c652e636f6d223b757365725f69647c733a313a2231223b6f6c645f6c6173745f6c6f67696e7c733a31303a2231353036393632393835223b6c6173745f69707c733a333a223a3a31223b6176617461727c4e3b67656e6465727c733a343a226d616c65223b67726f75705f69647c733a313a2231223b77617265686f7573655f69647c4e3b62696c6c65725f69647c4e3b636f6d70616e795f69647c4e3b73686f775f636f73747c733a313a2230223b73686f775f70726963657c733a313a2230223b757365725f637372667c733a32303a224278525668447348435066634c4b4575726d324f223b),
('a87979f6934ca5d781ccda2231bfe5e600e8aac1', '192.168.1.8', 1507023064, 0x5f5f63695f6c6173745f726567656e65726174657c693a313530373032323933363b7265717565737465645f706167657c733a303a22223b6964656e746974797c733a31363a226f776e657240676f6f676c652e636f6d223b757365726e616d657c733a353a226f776e6572223b656d61696c7c733a31363a226f776e657240676f6f676c652e636f6d223b757365725f69647c733a313a2231223b6f6c645f6c6173745f6c6f67696e7c733a31303a2231353036393935383234223b6c6173745f69707c733a31313a223139322e3136382e312e38223b6176617461727c4e3b67656e6465727c733a343a226d616c65223b67726f75705f69647c733a313a2231223b77617265686f7573655f69647c4e3b62696c6c65725f69647c4e3b636f6d70616e795f69647c4e3b73686f775f636f73747c733a313a2230223b73686f775f70726963657c733a313a2230223b757365725f637372667c733a32303a226e39724b516c766757417a637543614d3249794a223b),
('a9aa72fd5eeadf95e8ed6cd6269d43df63765827', '192.168.1.8', 1507007245, 0x5f5f63695f6c6173745f726567656e65726174657c693a313530373030373039363b7265717565737465645f706167657c733a303a22223b6964656e746974797c733a31363a226f776e657240676f6f676c652e636f6d223b757365726e616d657c733a353a226f776e6572223b656d61696c7c733a31363a226f776e657240676f6f676c652e636f6d223b757365725f69647c733a313a2231223b6f6c645f6c6173745f6c6f67696e7c733a31303a2231353036393933313934223b6c6173745f69707c733a333a223a3a31223b6176617461727c4e3b67656e6465727c733a343a226d616c65223b67726f75705f69647c733a313a2231223b77617265686f7573655f69647c4e3b62696c6c65725f69647c4e3b636f6d70616e795f69647c4e3b73686f775f636f73747c733a313a2230223b73686f775f70726963657c733a313a2230223b757365725f637372667c733a32303a22596a7764544c497931417857377030426c44686d223b72656d6f76655f706f6c737c733a313a2231223b),
('a9b75a402c3492de6339b3290a907c110c5f4743', '::1', 1507005798, 0x5f5f63695f6c6173745f726567656e65726174657c693a313530373030353439383b7265717565737465645f706167657c733a31313a2270726f64756374696f6e73223b6964656e746974797c733a31363a226f776e657240676f6f676c652e636f6d223b757365726e616d657c733a353a226f776e6572223b656d61696c7c733a31363a226f776e657240676f6f676c652e636f6d223b757365725f69647c733a313a2231223b6f6c645f6c6173745f6c6f67696e7c733a31303a2231353036393632393835223b6c6173745f69707c733a333a223a3a31223b6176617461727c4e3b67656e6465727c733a343a226d616c65223b67726f75705f69647c733a313a2231223b77617265686f7573655f69647c4e3b62696c6c65725f69647c4e3b636f6d70616e795f69647c4e3b73686f775f636f73747c733a313a2230223b73686f775f70726963657c733a313a2230223b757365725f637372667c733a32303a226838305850527a717734626a66396d74734e7976223b72656d6f76655f706f6c737c733a313a2231223b),
('aba68fd88ad0260eb76d6530a10bb90eb7b22dcb', '::1', 1506999217, 0x5f5f63695f6c6173745f726567656e65726174657c693a313530363939383939383b7265717565737465645f706167657c733a31313a2270726f64756374696f6e73223b6964656e746974797c733a31363a226f776e657240676f6f676c652e636f6d223b757365726e616d657c733a353a226f776e6572223b656d61696c7c733a31363a226f776e657240676f6f676c652e636f6d223b757365725f69647c733a313a2231223b6f6c645f6c6173745f6c6f67696e7c733a31303a2231353036393632393835223b6c6173745f69707c733a333a223a3a31223b6176617461727c4e3b67656e6465727c733a343a226d616c65223b67726f75705f69647c733a313a2231223b77617265686f7573655f69647c4e3b62696c6c65725f69647c4e3b636f6d70616e795f69647c4e3b73686f775f636f73747c733a313a2230223b73686f775f70726963657c733a313a2230223b757365725f637372667c733a32303a226e6b54633568306531505678526a5a3655497a74223b72656d6f76655f706f6c737c733a313a2231223b),
('adc2efbfbac0928f100f8930a1d2552f1604239d', '::1', 1506913215, 0x5f5f63695f6c6173745f726567656e65726174657c693a313530363931333030303b7265717565737465645f706167657c733a31313a2270726f64756374696f6e73223b6964656e746974797c733a31363a226f776e657240676f6f676c652e636f6d223b757365726e616d657c733a353a226f776e6572223b656d61696c7c733a31363a226f776e657240676f6f676c652e636f6d223b757365725f69647c733a313a2231223b6f6c645f6c6173745f6c6f67696e7c733a31303a2231353036373333373030223b6c6173745f69707c733a333a223a3a31223b6176617461727c4e3b67656e6465727c733a343a226d616c65223b67726f75705f69647c733a313a2231223b77617265686f7573655f69647c4e3b62696c6c65725f69647c4e3b636f6d70616e795f69647c4e3b73686f775f636f73747c733a313a2230223b73686f775f70726963657c733a313a2230223b757365725f637372667c733a32303a2232447751506b3558366734737452764e484f4169223b),
('ae4d63e6fbaf9f827f00e1f1cd71dda30c55df7d', '::1', 1506911784, 0x5f5f63695f6c6173745f726567656e65726174657c693a313530363931313737323b7265717565737465645f706167657c733a31313a2270726f64756374696f6e73223b6964656e746974797c733a31363a226f776e657240676f6f676c652e636f6d223b757365726e616d657c733a353a226f776e6572223b656d61696c7c733a31363a226f776e657240676f6f676c652e636f6d223b757365725f69647c733a313a2231223b6f6c645f6c6173745f6c6f67696e7c733a31303a2231353036373333373030223b6c6173745f69707c733a333a223a3a31223b6176617461727c4e3b67656e6465727c733a343a226d616c65223b67726f75705f69647c733a313a2231223b77617265686f7573655f69647c4e3b62696c6c65725f69647c4e3b636f6d70616e795f69647c4e3b73686f775f636f73747c733a313a2230223b73686f775f70726963657c733a313a2230223b757365725f637372667c733a32303a2246775664556b366854594376586a67614a424c47223b),
('b133ff2f3300a59ecc32cce856f5f12c28aaed32', '::1', 1507004215, 0x5f5f63695f6c6173745f726567656e65726174657c693a313530373030333931343b7265717565737465645f706167657c733a31313a2270726f64756374696f6e73223b6964656e746974797c733a31363a226f776e657240676f6f676c652e636f6d223b757365726e616d657c733a353a226f776e6572223b656d61696c7c733a31363a226f776e657240676f6f676c652e636f6d223b757365725f69647c733a313a2231223b6f6c645f6c6173745f6c6f67696e7c733a31303a2231353036393632393835223b6c6173745f69707c733a333a223a3a31223b6176617461727c4e3b67656e6465727c733a343a226d616c65223b67726f75705f69647c733a313a2231223b77617265686f7573655f69647c4e3b62696c6c65725f69647c4e3b636f6d70616e795f69647c4e3b73686f775f636f73747c733a313a2230223b73686f775f70726963657c733a313a2230223b757365725f637372667c733a32303a227541514c32395934657254456230776a386c6750223b72656d6f76655f706f6c737c733a313a2231223b),
('b25d3f2b66ff69f6791cfd0ba22053888fee53e3', '::1', 1506920446, 0x5f5f63695f6c6173745f726567656e65726174657c693a313530363932303434363b7265717565737465645f706167657c733a31313a2270726f64756374696f6e73223b6964656e746974797c733a31363a226f776e657240676f6f676c652e636f6d223b757365726e616d657c733a353a226f776e6572223b656d61696c7c733a31363a226f776e657240676f6f676c652e636f6d223b757365725f69647c733a313a2231223b6f6c645f6c6173745f6c6f67696e7c733a31303a2231353036373333373030223b6c6173745f69707c733a333a223a3a31223b6176617461727c4e3b67656e6465727c733a343a226d616c65223b67726f75705f69647c733a313a2231223b77617265686f7573655f69647c4e3b62696c6c65725f69647c4e3b636f6d70616e795f69647c4e3b73686f775f636f73747c733a313a2230223b73686f775f70726963657c733a313a2230223b757365725f637372667c733a32303a22324d336d42454c766b4f73584a6c3957497a6150223b),
('b32816f2f81af6a57422bef92fe3c1b0a99424c2', '::1', 1506909809, 0x5f5f63695f6c6173745f726567656e65726174657c693a313530363930393538343b7265717565737465645f706167657c733a31313a2270726f64756374696f6e73223b6964656e746974797c733a31363a226f776e657240676f6f676c652e636f6d223b757365726e616d657c733a353a226f776e6572223b656d61696c7c733a31363a226f776e657240676f6f676c652e636f6d223b757365725f69647c733a313a2231223b6f6c645f6c6173745f6c6f67696e7c733a31303a2231353036373333373030223b6c6173745f69707c733a333a223a3a31223b6176617461727c4e3b67656e6465727c733a343a226d616c65223b67726f75705f69647c733a313a2231223b77617265686f7573655f69647c4e3b62696c6c65725f69647c4e3b636f6d70616e795f69647c4e3b73686f775f636f73747c733a313a2230223b73686f775f70726963657c733a313a2230223b757365725f637372667c733a32303a226e524f716f32547237394664746753594c363163223b),
('b33ed63c852a093fb3e2f3bc3cb6dbf56d66f369', '::1', 1506914592, 0x5f5f63695f6c6173745f726567656e65726174657c693a313530363931343433343b7265717565737465645f706167657c733a31313a2270726f64756374696f6e73223b6964656e746974797c733a31363a226f776e657240676f6f676c652e636f6d223b757365726e616d657c733a353a226f776e6572223b656d61696c7c733a31363a226f776e657240676f6f676c652e636f6d223b757365725f69647c733a313a2231223b6f6c645f6c6173745f6c6f67696e7c733a31303a2231353036373333373030223b6c6173745f69707c733a333a223a3a31223b6176617461727c4e3b67656e6465727c733a343a226d616c65223b67726f75705f69647c733a313a2231223b77617265686f7573655f69647c4e3b62696c6c65725f69647c4e3b636f6d70616e795f69647c4e3b73686f775f636f73747c733a313a2230223b73686f775f70726963657c733a313a2230223b757365725f637372667c733a32303a2262346a426f4d79687656777253445463654e326d223b),
('b4fe4f71f207c4f45dca9d3eb621ac635781b144', '::1', 1507018871, 0x5f5f63695f6c6173745f726567656e65726174657c693a313530373031383536383b7265717565737465645f706167657c733a31313a2270726f64756374696f6e73223b6964656e746974797c733a31363a226f776e657240676f6f676c652e636f6d223b757365726e616d657c733a353a226f776e6572223b656d61696c7c733a31363a226f776e657240676f6f676c652e636f6d223b757365725f69647c733a313a2231223b6f6c645f6c6173745f6c6f67696e7c733a31303a2231353036393632393835223b6c6173745f69707c733a333a223a3a31223b6176617461727c4e3b67656e6465727c733a343a226d616c65223b67726f75705f69647c733a313a2231223b77617265686f7573655f69647c4e3b62696c6c65725f69647c4e3b636f6d70616e795f69647c4e3b73686f775f636f73747c733a313a2230223b73686f775f70726963657c733a313a2230223b757365725f637372667c733a32303a224d4e534f4832444b3430556763586a615137314a223b72656d6f76655f706f6c737c733a313a2231223b),
('b5a2e449011cb829f500c69c5e161351e4c565bc', '::1', 1506938571, 0x5f5f63695f6c6173745f726567656e65726174657c693a313530363933383437333b7265717565737465645f706167657c733a31313a2270726f64756374696f6e73223b6964656e746974797c733a31363a226f776e657240676f6f676c652e636f6d223b757365726e616d657c733a353a226f776e6572223b656d61696c7c733a31363a226f776e657240676f6f676c652e636f6d223b757365725f69647c733a313a2231223b6f6c645f6c6173745f6c6f67696e7c733a31303a2231353036373333373030223b6c6173745f69707c733a333a223a3a31223b6176617461727c4e3b67656e6465727c733a343a226d616c65223b67726f75705f69647c733a313a2231223b77617265686f7573655f69647c4e3b62696c6c65725f69647c4e3b636f6d70616e795f69647c4e3b73686f775f636f73747c733a313a2230223b73686f775f70726963657c733a313a2230223b757365725f637372667c733a32303a22526f4f743845783070514a75634367614e6e6a46223b),
('b9ad813e2e6cd804880b4726cb73f0831d4d7585', '::1', 1507017005, 0x5f5f63695f6c6173745f726567656e65726174657c693a313530373031363332303b7265717565737465645f706167657c733a31313a2270726f64756374696f6e73223b6964656e746974797c733a31363a226f776e657240676f6f676c652e636f6d223b757365726e616d657c733a353a226f776e6572223b656d61696c7c733a31363a226f776e657240676f6f676c652e636f6d223b757365725f69647c733a313a2231223b6f6c645f6c6173745f6c6f67696e7c733a31303a2231353036393632393835223b6c6173745f69707c733a333a223a3a31223b6176617461727c4e3b67656e6465727c733a343a226d616c65223b67726f75705f69647c733a313a2231223b77617265686f7573655f69647c4e3b62696c6c65725f69647c4e3b636f6d70616e795f69647c4e3b73686f775f636f73747c733a313a2230223b73686f775f70726963657c733a313a2230223b757365725f637372667c733a32303a2246635467646a4356356f574f30777862536d5832223b72656d6f76655f706f6c737c733a313a2231223b),
('bc5e76c890da21e7650acfb2d5b5fc680651a442', '::1', 1506915719, 0x5f5f63695f6c6173745f726567656e65726174657c693a313530363931353731393b7265717565737465645f706167657c733a31313a2270726f64756374696f6e73223b6964656e746974797c733a31363a226f776e657240676f6f676c652e636f6d223b757365726e616d657c733a353a226f776e6572223b656d61696c7c733a31363a226f776e657240676f6f676c652e636f6d223b757365725f69647c733a313a2231223b6f6c645f6c6173745f6c6f67696e7c733a31303a2231353036373333373030223b6c6173745f69707c733a333a223a3a31223b6176617461727c4e3b67656e6465727c733a343a226d616c65223b67726f75705f69647c733a313a2231223b77617265686f7573655f69647c4e3b62696c6c65725f69647c4e3b636f6d70616e795f69647c4e3b73686f775f636f73747c733a313a2230223b73686f775f70726963657c733a313a2230223b757365725f637372667c733a32303a2244553648455032464c4a315a6e796b6672534d64223b),
('be92d5dbbb9e106d68f05e13758f34f926340b9e', '::1', 1507013648, 0x5f5f63695f6c6173745f726567656e65726174657c693a313530373031333431343b7265717565737465645f706167657c733a31313a2270726f64756374696f6e73223b6964656e746974797c733a31363a226f776e657240676f6f676c652e636f6d223b757365726e616d657c733a353a226f776e6572223b656d61696c7c733a31363a226f776e657240676f6f676c652e636f6d223b757365725f69647c733a313a2231223b6f6c645f6c6173745f6c6f67696e7c733a31303a2231353036393632393835223b6c6173745f69707c733a333a223a3a31223b6176617461727c4e3b67656e6465727c733a343a226d616c65223b67726f75705f69647c733a313a2231223b77617265686f7573655f69647c4e3b62696c6c65725f69647c4e3b636f6d70616e795f69647c4e3b73686f775f636f73747c733a313a2230223b73686f775f70726963657c733a313a2230223b757365725f637372667c733a32303a224278525668447348435066634c4b4575726d324f223b),
('c4382a5d1f18913cac1348669781dd9492a5f7b4', '::1', 1506998995, 0x5f5f63695f6c6173745f726567656e65726174657c693a313530363939383639373b7265717565737465645f706167657c733a31313a2270726f64756374696f6e73223b6964656e746974797c733a31363a226f776e657240676f6f676c652e636f6d223b757365726e616d657c733a353a226f776e6572223b656d61696c7c733a31363a226f776e657240676f6f676c652e636f6d223b757365725f69647c733a313a2231223b6f6c645f6c6173745f6c6f67696e7c733a31303a2231353036393632393835223b6c6173745f69707c733a333a223a3a31223b6176617461727c4e3b67656e6465727c733a343a226d616c65223b67726f75705f69647c733a313a2231223b77617265686f7573655f69647c4e3b62696c6c65725f69647c4e3b636f6d70616e795f69647c4e3b73686f775f636f73747c733a313a2230223b73686f775f70726963657c733a313a2230223b757365725f637372667c733a32303a224f736a6537424939366251384652776455537433223b),
('c499512ae6d930d72d469a2e69c32cc2512b677d', '::1', 1506999631, 0x5f5f63695f6c6173745f726567656e65726174657c693a313530363939393333353b7265717565737465645f706167657c733a31313a2270726f64756374696f6e73223b6964656e746974797c733a31363a226f776e657240676f6f676c652e636f6d223b757365726e616d657c733a353a226f776e6572223b656d61696c7c733a31363a226f776e657240676f6f676c652e636f6d223b757365725f69647c733a313a2231223b6f6c645f6c6173745f6c6f67696e7c733a31303a2231353036393632393835223b6c6173745f69707c733a333a223a3a31223b6176617461727c4e3b67656e6465727c733a343a226d616c65223b67726f75705f69647c733a313a2231223b77617265686f7573655f69647c4e3b62696c6c65725f69647c4e3b636f6d70616e795f69647c4e3b73686f775f636f73747c733a313a2230223b73686f775f70726963657c733a313a2230223b757365725f637372667c733a32303a226e6b54633568306531505678526a5a3655497a74223b72656d6f76655f706f6c737c733a313a2231223b),
('c5ab2997fba18bb39a2a2d754080cd1f6b0eb2cc', '::1', 1506934725, 0x5f5f63695f6c6173745f726567656e65726174657c693a313530363933343435343b7265717565737465645f706167657c733a31313a2270726f64756374696f6e73223b6964656e746974797c733a31363a226f776e657240676f6f676c652e636f6d223b757365726e616d657c733a353a226f776e6572223b656d61696c7c733a31363a226f776e657240676f6f676c652e636f6d223b757365725f69647c733a313a2231223b6f6c645f6c6173745f6c6f67696e7c733a31303a2231353036373333373030223b6c6173745f69707c733a333a223a3a31223b6176617461727c4e3b67656e6465727c733a343a226d616c65223b67726f75705f69647c733a313a2231223b77617265686f7573655f69647c4e3b62696c6c65725f69647c4e3b636f6d70616e795f69647c4e3b73686f775f636f73747c733a313a2230223b73686f775f70726963657c733a313a2230223b757365725f637372667c733a32303a225762734134486b743261767568386f6566673135223b),
('cbc0aab0160dacacc7e382db7785f7acb7164b12', '::1', 1506933707, 0x5f5f63695f6c6173745f726567656e65726174657c693a313530363933333430383b7265717565737465645f706167657c733a31313a2270726f64756374696f6e73223b6964656e746974797c733a31363a226f776e657240676f6f676c652e636f6d223b757365726e616d657c733a353a226f776e6572223b656d61696c7c733a31363a226f776e657240676f6f676c652e636f6d223b757365725f69647c733a313a2231223b6f6c645f6c6173745f6c6f67696e7c733a31303a2231353036373333373030223b6c6173745f69707c733a333a223a3a31223b6176617461727c4e3b67656e6465727c733a343a226d616c65223b67726f75705f69647c733a313a2231223b77617265686f7573655f69647c4e3b62696c6c65725f69647c4e3b636f6d70616e795f69647c4e3b73686f775f636f73747c733a313a2230223b73686f775f70726963657c733a313a2230223b757365725f637372667c733a32303a22754f6b63306e4e49445445725a64683358536651223b),
('cbe85bb9d68ee1655e4678d6200a052a60992d12', '::1', 1507016319, 0x5f5f63695f6c6173745f726567656e65726174657c693a313530373031353736313b7265717565737465645f706167657c733a31313a2270726f64756374696f6e73223b6964656e746974797c733a31363a226f776e657240676f6f676c652e636f6d223b757365726e616d657c733a353a226f776e6572223b656d61696c7c733a31363a226f776e657240676f6f676c652e636f6d223b757365725f69647c733a313a2231223b6f6c645f6c6173745f6c6f67696e7c733a31303a2231353036393632393835223b6c6173745f69707c733a333a223a3a31223b6176617461727c4e3b67656e6465727c733a343a226d616c65223b67726f75705f69647c733a313a2231223b77617265686f7573655f69647c4e3b62696c6c65725f69647c4e3b636f6d70616e795f69647c4e3b73686f775f636f73747c733a313a2230223b73686f775f70726963657c733a313a2230223b757365725f637372667c733a32303a224c68427246697a576b673161546e6c595a396674223b72656d6f76655f706f6c737c733a313a2231223b),
('cc578510a35084fb6297a6ebc57d8e8f84c68634', '::1', 1506931575, 0x5f5f63695f6c6173745f726567656e65726174657c693a313530363933313338323b7265717565737465645f706167657c733a31313a2270726f64756374696f6e73223b6964656e746974797c733a31363a226f776e657240676f6f676c652e636f6d223b757365726e616d657c733a353a226f776e6572223b656d61696c7c733a31363a226f776e657240676f6f676c652e636f6d223b757365725f69647c733a313a2231223b6f6c645f6c6173745f6c6f67696e7c733a31303a2231353036373333373030223b6c6173745f69707c733a333a223a3a31223b6176617461727c4e3b67656e6465727c733a343a226d616c65223b67726f75705f69647c733a313a2231223b77617265686f7573655f69647c4e3b62696c6c65725f69647c4e3b636f6d70616e795f69647c4e3b73686f775f636f73747c733a313a2230223b73686f775f70726963657c733a313a2230223b757365725f637372667c733a32303a224c717a5a4f49654a6c3052584845556a64765143223b),
('cfc2394fd91faadd4d68c7567d290001553775a1', '192.168.1.8', 1507015081, 0x5f5f63695f6c6173745f726567656e65726174657c693a313530373031353037373b7265717565737465645f706167657c733a303a22223b6964656e746974797c733a31363a226f776e657240676f6f676c652e636f6d223b757365726e616d657c733a353a226f776e6572223b656d61696c7c733a31363a226f776e657240676f6f676c652e636f6d223b757365725f69647c733a313a2231223b6f6c645f6c6173745f6c6f67696e7c733a31303a2231353036393933313934223b6c6173745f69707c733a333a223a3a31223b6176617461727c4e3b67656e6465727c733a343a226d616c65223b67726f75705f69647c733a313a2231223b77617265686f7573655f69647c4e3b62696c6c65725f69647c4e3b636f6d70616e795f69647c4e3b73686f775f636f73747c733a313a2230223b73686f775f70726963657c733a313a2230223b757365725f637372667c733a32303a22596a7764544c497931417857377030426c44686d223b),
('d0dd7fc81493248c2a3c65d19d2c414c650fd6df', '::1', 1507002360, 0x5f5f63695f6c6173745f726567656e65726174657c693a313530373030313437383b7265717565737465645f706167657c733a31313a2270726f64756374696f6e73223b6964656e746974797c733a31363a226f776e657240676f6f676c652e636f6d223b757365726e616d657c733a353a226f776e6572223b656d61696c7c733a31363a226f776e657240676f6f676c652e636f6d223b757365725f69647c733a313a2231223b6f6c645f6c6173745f6c6f67696e7c733a31303a2231353036393632393835223b6c6173745f69707c733a333a223a3a31223b6176617461727c4e3b67656e6465727c733a343a226d616c65223b67726f75705f69647c733a313a2231223b77617265686f7573655f69647c4e3b62696c6c65725f69647c4e3b636f6d70616e795f69647c4e3b73686f775f636f73747c733a313a2230223b73686f775f70726963657c733a313a2230223b757365725f637372667c733a32303a2279584e69396e727a36684d3477434173326f5647223b72656d6f76655f706f6c737c733a313a2231223b),
('d15eced461c5b762a70cb114e7774f6d5e373541', '::1', 1506962128, 0x5f5f63695f6c6173745f726567656e65726174657c693a313530363936323132383b7265717565737465645f706167657c733a393a22707572636861736573223b6964656e746974797c733a31363a226f776e657240676f6f676c652e636f6d223b757365726e616d657c733a353a226f776e6572223b656d61696c7c733a31363a226f776e657240676f6f676c652e636f6d223b757365725f69647c733a313a2231223b6f6c645f6c6173745f6c6f67696e7c733a31303a2231353036393630343032223b6c6173745f69707c733a333a223a3a31223b6176617461727c4e3b67656e6465727c733a343a226d616c65223b67726f75705f69647c733a313a2231223b77617265686f7573655f69647c4e3b62696c6c65725f69647c4e3b636f6d70616e795f69647c4e3b73686f775f636f73747c733a313a2230223b73686f775f70726963657c733a313a2230223b),
('d1627802c650a1fb9d1762286391b8abf6fc37fd', '::1', 1507025809, 0x5f5f63695f6c6173745f726567656e65726174657c693a313530373032353436353b7265717565737465645f706167657c733a31313a2270726f64756374696f6e73223b6964656e746974797c733a31363a226f776e657240676f6f676c652e636f6d223b757365726e616d657c733a353a226f776e6572223b656d61696c7c733a31363a226f776e657240676f6f676c652e636f6d223b757365725f69647c733a313a2231223b6f6c645f6c6173745f6c6f67696e7c733a31303a2231353036393632393835223b6c6173745f69707c733a333a223a3a31223b6176617461727c4e3b67656e6465727c733a343a226d616c65223b67726f75705f69647c733a313a2231223b77617265686f7573655f69647c4e3b62696c6c65725f69647c4e3b636f6d70616e795f69647c4e3b73686f775f636f73747c733a313a2230223b73686f775f70726963657c733a313a2230223b757365725f637372667c733a32303a226136524c44354a56314b4966626830466b637843223b72656d6f76655f706f6c73737c693a313b72656d6f76655f706f6c737c733a313a2231223b),
('d1f1d8b64c6cacf9404edcce1ed3eb5648c6248f', '::1', 1506920446, 0x5f5f63695f6c6173745f726567656e65726174657c693a313530363932303434343b7265717565737465645f706167657c733a31313a2270726f64756374696f6e73223b6964656e746974797c733a31363a226f776e657240676f6f676c652e636f6d223b757365726e616d657c733a353a226f776e6572223b656d61696c7c733a31363a226f776e657240676f6f676c652e636f6d223b757365725f69647c733a313a2231223b6f6c645f6c6173745f6c6f67696e7c733a31303a2231353036373333373030223b6c6173745f69707c733a333a223a3a31223b6176617461727c4e3b67656e6465727c733a343a226d616c65223b67726f75705f69647c733a313a2231223b77617265686f7573655f69647c4e3b62696c6c65725f69647c4e3b636f6d70616e795f69647c4e3b73686f775f636f73747c733a313a2230223b73686f775f70726963657c733a313a2230223b757365725f637372667c733a32303a2272506733737045625a66636165556f4c377a5741223b72656d6f76655f706f6c737c693a313b),
('d36a3f1a0ca952dc5b5491f25ad09adb6e7858e7', '::1', 1506998200, 0x5f5f63695f6c6173745f726567656e65726174657c693a313530363939373931323b7265717565737465645f706167657c733a31313a2270726f64756374696f6e73223b6964656e746974797c733a31363a226f776e657240676f6f676c652e636f6d223b757365726e616d657c733a353a226f776e6572223b656d61696c7c733a31363a226f776e657240676f6f676c652e636f6d223b757365725f69647c733a313a2231223b6f6c645f6c6173745f6c6f67696e7c733a31303a2231353036393632393835223b6c6173745f69707c733a333a223a3a31223b6176617461727c4e3b67656e6465727c733a343a226d616c65223b67726f75705f69647c733a313a2231223b77617265686f7573655f69647c4e3b62696c6c65725f69647c4e3b636f6d70616e795f69647c4e3b73686f775f636f73747c733a313a2230223b73686f775f70726963657c733a313a2230223b757365725f637372667c733a32303a224f736a6537424939366251384652776455537433223b72656d6f76655f706f6c737c693a313b);
INSERT INTO `sma_sessions` (`id`, `ip_address`, `timestamp`, `data`) VALUES
('d81c28474816447623ba83385dd8ab23c6ec5701', '::1', 1507025108, 0x5f5f63695f6c6173745f726567656e65726174657c693a313530373032343136353b7265717565737465645f706167657c733a31313a2270726f64756374696f6e73223b6964656e746974797c733a31363a226f776e657240676f6f676c652e636f6d223b757365726e616d657c733a353a226f776e6572223b656d61696c7c733a31363a226f776e657240676f6f676c652e636f6d223b757365725f69647c733a313a2231223b6f6c645f6c6173745f6c6f67696e7c733a31303a2231353036393632393835223b6c6173745f69707c733a333a223a3a31223b6176617461727c4e3b67656e6465727c733a343a226d616c65223b67726f75705f69647c733a313a2231223b77617265686f7573655f69647c4e3b62696c6c65725f69647c4e3b636f6d70616e795f69647c4e3b73686f775f636f73747c733a313a2230223b73686f775f70726963657c733a313a2230223b757365725f637372667c733a32303a226f4c5a4d577a42353375496d62587251776c4653223b72656d6f76655f706f6c73737c693a313b),
('d8cd0ba98a48dc625a712e7e8c18f8b544c027da', '192.168.1.8', 1507008803, 0x5f5f63695f6c6173745f726567656e65726174657c693a313530373030383830333b7265717565737465645f706167657c733a303a22223b6964656e746974797c733a31363a226f776e657240676f6f676c652e636f6d223b757365726e616d657c733a353a226f776e6572223b656d61696c7c733a31363a226f776e657240676f6f676c652e636f6d223b757365725f69647c733a313a2231223b6f6c645f6c6173745f6c6f67696e7c733a31303a2231353036393933313934223b6c6173745f69707c733a333a223a3a31223b6176617461727c4e3b67656e6465727c733a343a226d616c65223b67726f75705f69647c733a313a2231223b77617265686f7573655f69647c4e3b62696c6c65725f69647c4e3b636f6d70616e795f69647c4e3b73686f775f636f73747c733a313a2230223b73686f775f70726963657c733a313a2230223b757365725f637372667c733a32303a22596a7764544c497931417857377030426c44686d223b72656d6f76655f706f6c737c733a313a2231223b),
('d9c3503f311f23f1f6744c462bea8ae8767c7d19', '::1', 1506917646, 0x5f5f63695f6c6173745f726567656e65726174657c693a313530363931373335383b7265717565737465645f706167657c733a31313a2270726f64756374696f6e73223b6964656e746974797c733a31363a226f776e657240676f6f676c652e636f6d223b757365726e616d657c733a353a226f776e6572223b656d61696c7c733a31363a226f776e657240676f6f676c652e636f6d223b757365725f69647c733a313a2231223b6f6c645f6c6173745f6c6f67696e7c733a31303a2231353036373333373030223b6c6173745f69707c733a333a223a3a31223b6176617461727c4e3b67656e6465727c733a343a226d616c65223b67726f75705f69647c733a313a2231223b77617265686f7573655f69647c4e3b62696c6c65725f69647c4e3b636f6d70616e795f69647c4e3b73686f775f636f73747c733a313a2230223b73686f775f70726963657c733a313a2230223b757365725f637372667c733a32303a2239435865595a4e6e5778384d4872333061684179223b),
('da8d8f296632f5f422e51f881c7cd8c56f877c53', '::1', 1506935047, 0x5f5f63695f6c6173745f726567656e65726174657c693a313530363933343933313b7265717565737465645f706167657c733a31313a2270726f64756374696f6e73223b6964656e746974797c733a31363a226f776e657240676f6f676c652e636f6d223b757365726e616d657c733a353a226f776e6572223b656d61696c7c733a31363a226f776e657240676f6f676c652e636f6d223b757365725f69647c733a313a2231223b6f6c645f6c6173745f6c6f67696e7c733a31303a2231353036373333373030223b6c6173745f69707c733a333a223a3a31223b6176617461727c4e3b67656e6465727c733a343a226d616c65223b67726f75705f69647c733a313a2231223b77617265686f7573655f69647c4e3b62696c6c65725f69647c4e3b636f6d70616e795f69647c4e3b73686f775f636f73747c733a313a2230223b73686f775f70726963657c733a313a2230223b757365725f637372667c733a32303a22637a4e656a4d594c476d7668433562705a75784a223b),
('dddbfe177627b52fd99abb805a401c7c1d04bfc1', '::1', 1506911170, 0x5f5f63695f6c6173745f726567656e65726174657c693a313530363931303930313b7265717565737465645f706167657c733a31313a2270726f64756374696f6e73223b6964656e746974797c733a31363a226f776e657240676f6f676c652e636f6d223b757365726e616d657c733a353a226f776e6572223b656d61696c7c733a31363a226f776e657240676f6f676c652e636f6d223b757365725f69647c733a313a2231223b6f6c645f6c6173745f6c6f67696e7c733a31303a2231353036373333373030223b6c6173745f69707c733a333a223a3a31223b6176617461727c4e3b67656e6465727c733a343a226d616c65223b67726f75705f69647c733a313a2231223b77617265686f7573655f69647c4e3b62696c6c65725f69647c4e3b636f6d70616e795f69647c4e3b73686f775f636f73747c733a313a2230223b73686f775f70726963657c733a313a2230223b757365725f637372667c733a32303a2250777261456c795763444352557a704e31545a4c223b),
('ddff1b5bded2f6a1f5d21414404a336ef76145ad', '::1', 1506957233, 0x5f5f63695f6c6173745f726567656e65726174657c693a313530363935373233333b7265717565737465645f706167657c733a393a22707572636861736573223b6964656e746974797c733a31363a226f776e657240676f6f676c652e636f6d223b757365726e616d657c733a353a226f776e6572223b656d61696c7c733a31363a226f776e657240676f6f676c652e636f6d223b757365725f69647c733a313a2231223b6f6c645f6c6173745f6c6f67696e7c733a31303a2231353036393338353335223b6c6173745f69707c733a31313a223139322e3136382e312e39223b6176617461727c4e3b67656e6465727c733a343a226d616c65223b67726f75705f69647c733a313a2231223b77617265686f7573655f69647c4e3b62696c6c65725f69647c4e3b636f6d70616e795f69647c4e3b73686f775f636f73747c733a313a2230223b73686f775f70726963657c733a313a2230223b757365725f637372667c733a32303a226e34336c4551485543664f50725642787558314e223b72656d6f76655f706f6c737c693a313b),
('e048caa69d732664e1ab4be1373b9a86d2094933', '::1', 1507019177, 0x5f5f63695f6c6173745f726567656e65726174657c693a313530373031393137323b7265717565737465645f706167657c733a31313a2270726f64756374696f6e73223b6964656e746974797c733a31363a226f776e657240676f6f676c652e636f6d223b757365726e616d657c733a353a226f776e6572223b656d61696c7c733a31363a226f776e657240676f6f676c652e636f6d223b757365725f69647c733a313a2231223b6f6c645f6c6173745f6c6f67696e7c733a31303a2231353036393632393835223b6c6173745f69707c733a333a223a3a31223b6176617461727c4e3b67656e6465727c733a343a226d616c65223b67726f75705f69647c733a313a2231223b77617265686f7573655f69647c4e3b62696c6c65725f69647c4e3b636f6d70616e795f69647c4e3b73686f775f636f73747c733a313a2230223b73686f775f70726963657c733a313a2230223b757365725f637372667c733a32303a22336c45646341594d37786b4e4434657958495447223b72656d6f76655f706f6c737c693a313b),
('e18650b36bd006b4a00b21cf133c5b1a7bafd873', '::1', 1506935769, 0x5f5f63695f6c6173745f726567656e65726174657c693a313530363933353537313b7265717565737465645f706167657c733a31313a2270726f64756374696f6e73223b6964656e746974797c733a31363a226f776e657240676f6f676c652e636f6d223b757365726e616d657c733a353a226f776e6572223b656d61696c7c733a31363a226f776e657240676f6f676c652e636f6d223b757365725f69647c733a313a2231223b6f6c645f6c6173745f6c6f67696e7c733a31303a2231353036373333373030223b6c6173745f69707c733a333a223a3a31223b6176617461727c4e3b67656e6465727c733a343a226d616c65223b67726f75705f69647c733a313a2231223b77617265686f7573655f69647c4e3b62696c6c65725f69647c4e3b636f6d70616e795f69647c4e3b73686f775f636f73747c733a313a2230223b73686f775f70726963657c733a313a2230223b757365725f637372667c733a32303a224659666d496135314d6e6a416b50474265706875223b),
('e1f882b196c6cdd9b7ce4eb4797537a6e00b172a', '::1', 1507007508, 0x5f5f63695f6c6173745f726567656e65726174657c693a313530373030373230353b7265717565737465645f706167657c733a31313a2270726f64756374696f6e73223b6964656e746974797c733a31363a226f776e657240676f6f676c652e636f6d223b757365726e616d657c733a353a226f776e6572223b656d61696c7c733a31363a226f776e657240676f6f676c652e636f6d223b757365725f69647c733a313a2231223b6f6c645f6c6173745f6c6f67696e7c733a31303a2231353036393632393835223b6c6173745f69707c733a333a223a3a31223b6176617461727c4e3b67656e6465727c733a343a226d616c65223b67726f75705f69647c733a313a2231223b77617265686f7573655f69647c4e3b62696c6c65725f69647c4e3b636f6d70616e795f69647c4e3b73686f775f636f73747c733a313a2230223b73686f775f70726963657c733a313a2230223b757365725f637372667c733a32303a22694737664c36613949334f384a596c734e6d6b43223b72656d6f76655f706f6c737c733a313a2231223b),
('e256209bceda5c87b33c1e6536c78b14abd9aed6', '::1', 1506908161, 0x5f5f63695f6c6173745f726567656e65726174657c693a313530363930383134323b7265717565737465645f706167657c733a31313a2270726f64756374696f6e73223b6964656e746974797c733a31363a226f776e657240676f6f676c652e636f6d223b757365726e616d657c733a353a226f776e6572223b656d61696c7c733a31363a226f776e657240676f6f676c652e636f6d223b757365725f69647c733a313a2231223b6f6c645f6c6173745f6c6f67696e7c733a31303a2231353036373333373030223b6c6173745f69707c733a333a223a3a31223b6176617461727c4e3b67656e6465727c733a343a226d616c65223b67726f75705f69647c733a313a2231223b77617265686f7573655f69647c4e3b62696c6c65725f69647c4e3b636f6d70616e795f69647c4e3b73686f775f636f73747c733a313a2230223b73686f775f70726963657c733a313a2230223b),
('e57b63acf7d1934523a7973dd8f186d29c65dd83', '::1', 1506933828, 0x5f5f63695f6c6173745f726567656e65726174657c693a313530363933333731303b7265717565737465645f706167657c733a31313a2270726f64756374696f6e73223b6964656e746974797c733a31363a226f776e657240676f6f676c652e636f6d223b757365726e616d657c733a353a226f776e6572223b656d61696c7c733a31363a226f776e657240676f6f676c652e636f6d223b757365725f69647c733a313a2231223b6f6c645f6c6173745f6c6f67696e7c733a31303a2231353036373333373030223b6c6173745f69707c733a333a223a3a31223b6176617461727c4e3b67656e6465727c733a343a226d616c65223b67726f75705f69647c733a313a2231223b77617265686f7573655f69647c4e3b62696c6c65725f69647c4e3b636f6d70616e795f69647c4e3b73686f775f636f73747c733a313a2230223b73686f775f70726963657c733a313a2230223b757365725f637372667c733a32303a22744556365330614e6b4942467a78335432696e75223b),
('e58b5ce31ced9064a1cc81e451023f0fd5a5b9b3', '::1', 1507007204, 0x5f5f63695f6c6173745f726567656e65726174657c693a313530373030363838343b7265717565737465645f706167657c733a31313a2270726f64756374696f6e73223b6964656e746974797c733a31363a226f776e657240676f6f676c652e636f6d223b757365726e616d657c733a353a226f776e6572223b656d61696c7c733a31363a226f776e657240676f6f676c652e636f6d223b757365725f69647c733a313a2231223b6f6c645f6c6173745f6c6f67696e7c733a31303a2231353036393632393835223b6c6173745f69707c733a333a223a3a31223b6176617461727c4e3b67656e6465727c733a343a226d616c65223b67726f75705f69647c733a313a2231223b77617265686f7573655f69647c4e3b62696c6c65725f69647c4e3b636f6d70616e795f69647c4e3b73686f775f636f73747c733a313a2230223b73686f775f70726963657c733a313a2230223b757365725f637372667c733a32303a22517463596670624455456b324b476153466e6f35223b72656d6f76655f706f6c737c733a313a2231223b),
('e5b6c5fe3e6bcb0b72699773ade04b5672454dc8', '::1', 1506940491, 0x5f5f63695f6c6173745f726567656e65726174657c693a313530363934303336363b7265717565737465645f706167657c733a31313a2270726f64756374696f6e73223b6964656e746974797c733a31363a226f776e657240676f6f676c652e636f6d223b757365726e616d657c733a353a226f776e6572223b656d61696c7c733a31363a226f776e657240676f6f676c652e636f6d223b757365725f69647c733a313a2231223b6f6c645f6c6173745f6c6f67696e7c733a31303a2231353036373333373030223b6c6173745f69707c733a333a223a3a31223b6176617461727c4e3b67656e6465727c733a343a226d616c65223b67726f75705f69647c733a313a2231223b77617265686f7573655f69647c4e3b62696c6c65725f69647c4e3b636f6d70616e795f69647c4e3b73686f775f636f73747c733a313a2230223b73686f775f70726963657c733a313a2230223b757365725f637372667c733a32303a22526f4f743845783070514a75634367614e6e6a46223b),
('e770504e565339c828f65a0f28d97a8e71881fa6', '::1', 1506993673, 0x5f5f63695f6c6173745f726567656e65726174657c693a313530363939333537363b7265717565737465645f706167657c733a31313a2270726f64756374696f6e73223b6964656e746974797c733a31363a226f776e657240676f6f676c652e636f6d223b757365726e616d657c733a353a226f776e6572223b656d61696c7c733a31363a226f776e657240676f6f676c652e636f6d223b757365725f69647c733a313a2231223b6f6c645f6c6173745f6c6f67696e7c733a31303a2231353036393632393835223b6c6173745f69707c733a333a223a3a31223b6176617461727c4e3b67656e6465727c733a343a226d616c65223b67726f75705f69647c733a313a2231223b77617265686f7573655f69647c4e3b62696c6c65725f69647c4e3b636f6d70616e795f69647c4e3b73686f775f636f73747c733a313a2230223b73686f775f70726963657c733a313a2230223b),
('e97b67bc1d3a075809bd5a110ed7db70ec28d056', '::1', 1506912960, 0x5f5f63695f6c6173745f726567656e65726174657c693a313530363931323638333b7265717565737465645f706167657c733a31313a2270726f64756374696f6e73223b6964656e746974797c733a31363a226f776e657240676f6f676c652e636f6d223b757365726e616d657c733a353a226f776e6572223b656d61696c7c733a31363a226f776e657240676f6f676c652e636f6d223b757365725f69647c733a313a2231223b6f6c645f6c6173745f6c6f67696e7c733a31303a2231353036373333373030223b6c6173745f69707c733a333a223a3a31223b6176617461727c4e3b67656e6465727c733a343a226d616c65223b67726f75705f69647c733a313a2231223b77617265686f7573655f69647c4e3b62696c6c65725f69647c4e3b636f6d70616e795f69647c4e3b73686f775f636f73747c733a313a2230223b73686f775f70726963657c733a313a2230223b757365725f637372667c733a32303a2256357958656d4562415075647a6770315948684d223b),
('ec424b0375cb8be1cff301bd6a21e56b2a9e0e10', '::1', 1506963139, 0x5f5f63695f6c6173745f726567656e65726174657c693a313530363936323938303b7265717565737465645f706167657c733a32383a2270726f64756374696f6e732f766965775f70726f636573732f313030223b6964656e746974797c733a31363a226f776e657240676f6f676c652e636f6d223b757365726e616d657c733a353a226f776e6572223b656d61696c7c733a31363a226f776e657240676f6f676c652e636f6d223b757365725f69647c733a313a2231223b6f6c645f6c6173745f6c6f67696e7c733a31303a2231353036393632393830223b6c6173745f69707c733a333a223a3a31223b6176617461727c4e3b67656e6465727c733a343a226d616c65223b67726f75705f69647c733a313a2231223b77617265686f7573655f69647c4e3b62696c6c65725f69647c4e3b636f6d70616e795f69647c4e3b73686f775f636f73747c733a313a2230223b73686f775f70726963657c733a313a2230223b),
('eebf922c05a8d6851277df4a247a7ebb23a80c96', '::1', 1506919273, 0x5f5f63695f6c6173745f726567656e65726174657c693a313530363931383937363b7265717565737465645f706167657c733a31313a2270726f64756374696f6e73223b6964656e746974797c733a31363a226f776e657240676f6f676c652e636f6d223b757365726e616d657c733a353a226f776e6572223b656d61696c7c733a31363a226f776e657240676f6f676c652e636f6d223b757365725f69647c733a313a2231223b6f6c645f6c6173745f6c6f67696e7c733a31303a2231353036373333373030223b6c6173745f69707c733a333a223a3a31223b6176617461727c4e3b67656e6465727c733a343a226d616c65223b67726f75705f69647c733a313a2231223b77617265686f7573655f69647c4e3b62696c6c65725f69647c4e3b636f6d70616e795f69647c4e3b73686f775f636f73747c733a313a2230223b73686f775f70726963657c733a313a2230223b757365725f637372667c733a32303a223474644a717761495273593662356c4e6e33724d223b),
('eff9382843a320eed47fc444d4e29285932e081e', '::1', 1507006462, 0x5f5f63695f6c6173745f726567656e65726174657c693a313530373030363136343b7265717565737465645f706167657c733a31313a2270726f64756374696f6e73223b6964656e746974797c733a31363a226f776e657240676f6f676c652e636f6d223b757365726e616d657c733a353a226f776e6572223b656d61696c7c733a31363a226f776e657240676f6f676c652e636f6d223b757365725f69647c733a313a2231223b6f6c645f6c6173745f6c6f67696e7c733a31303a2231353036393632393835223b6c6173745f69707c733a333a223a3a31223b6176617461727c4e3b67656e6465727c733a343a226d616c65223b67726f75705f69647c733a313a2231223b77617265686f7573655f69647c4e3b62696c6c65725f69647c4e3b636f6d70616e795f69647c4e3b73686f775f636f73747c733a313a2230223b73686f775f70726963657c733a313a2230223b757365725f637372667c733a32303a2279664c35456958394e425973523833764a617854223b),
('f079b1f4275868ea5b26e4db966c2f8c4e81f98e', '::1', 1507001443, 0x5f5f63695f6c6173745f726567656e65726174657c693a313530373030313135303b7265717565737465645f706167657c733a31313a2270726f64756374696f6e73223b6964656e746974797c733a31363a226f776e657240676f6f676c652e636f6d223b757365726e616d657c733a353a226f776e6572223b656d61696c7c733a31363a226f776e657240676f6f676c652e636f6d223b757365725f69647c733a313a2231223b6f6c645f6c6173745f6c6f67696e7c733a31303a2231353036393632393835223b6c6173745f69707c733a333a223a3a31223b6176617461727c4e3b67656e6465727c733a343a226d616c65223b67726f75705f69647c733a313a2231223b77617265686f7573655f69647c4e3b62696c6c65725f69647c4e3b636f6d70616e795f69647c4e3b73686f775f636f73747c733a313a2230223b73686f775f70726963657c733a313a2230223b757365725f637372667c733a32303a226747567370644f744c32755430716b6145387853223b72656d6f76655f706f6c737c733a313a2231223b),
('f0e674785cfc347e3c936ef9f97b6a4487ba9e37', '::1', 1506997522, 0x5f5f63695f6c6173745f726567656e65726174657c693a313530363939373235373b7265717565737465645f706167657c733a31313a2270726f64756374696f6e73223b6964656e746974797c733a31363a226f776e657240676f6f676c652e636f6d223b757365726e616d657c733a353a226f776e6572223b656d61696c7c733a31363a226f776e657240676f6f676c652e636f6d223b757365725f69647c733a313a2231223b6f6c645f6c6173745f6c6f67696e7c733a31303a2231353036393632393835223b6c6173745f69707c733a333a223a3a31223b6176617461727c4e3b67656e6465727c733a343a226d616c65223b67726f75705f69647c733a313a2231223b77617265686f7573655f69647c4e3b62696c6c65725f69647c4e3b636f6d70616e795f69647c4e3b73686f775f636f73747c733a313a2230223b73686f775f70726963657c733a313a2230223b757365725f637372667c733a32303a224f736a6537424939366251384652776455537433223b72656d6f76655f706f6c737c693a313b),
('f1b1915f17ffaf79c21495aa6bc0b0f35636caac', '::1', 1506930726, 0x5f5f63695f6c6173745f726567656e65726174657c693a313530363933303731313b7265717565737465645f706167657c733a31313a2270726f64756374696f6e73223b6964656e746974797c733a31363a226f776e657240676f6f676c652e636f6d223b757365726e616d657c733a353a226f776e6572223b656d61696c7c733a31363a226f776e657240676f6f676c652e636f6d223b757365725f69647c733a313a2231223b6f6c645f6c6173745f6c6f67696e7c733a31303a2231353036373333373030223b6c6173745f69707c733a333a223a3a31223b6176617461727c4e3b67656e6465727c733a343a226d616c65223b67726f75705f69647c733a313a2231223b77617265686f7573655f69647c4e3b62696c6c65725f69647c4e3b636f6d70616e795f69647c4e3b73686f775f636f73747c733a313a2230223b73686f775f70726963657c733a313a2230223b757365725f637372667c733a32303a2274534c72614968513730466b775836387a674865223b72656d6f76655f706f6c737c693a313b),
('f5ba9f53dc7eb836f83218fd0f52ef2f5ab68ce2', '::1', 1506932398, 0x5f5f63695f6c6173745f726567656e65726174657c693a313530363933323131363b7265717565737465645f706167657c733a31313a2270726f64756374696f6e73223b6964656e746974797c733a31363a226f776e657240676f6f676c652e636f6d223b757365726e616d657c733a353a226f776e6572223b656d61696c7c733a31363a226f776e657240676f6f676c652e636f6d223b757365725f69647c733a313a2231223b6f6c645f6c6173745f6c6f67696e7c733a31303a2231353036373333373030223b6c6173745f69707c733a333a223a3a31223b6176617461727c4e3b67656e6465727c733a343a226d616c65223b67726f75705f69647c733a313a2231223b77617265686f7573655f69647c4e3b62696c6c65725f69647c4e3b636f6d70616e795f69647c4e3b73686f775f636f73747c733a313a2230223b73686f775f70726963657c733a313a2230223b757365725f637372667c733a32303a2242303937456d51736f6678754a526748764f3633223b72656d6f76655f706f6c737c693a313b),
('f5f87e6756ab0f87ac85b059f1b419a3c5f83ab4', '::1', 1506920664, 0x5f5f63695f6c6173745f726567656e65726174657c693a313530363932303434363b7265717565737465645f706167657c733a31313a2270726f64756374696f6e73223b6964656e746974797c733a31363a226f776e657240676f6f676c652e636f6d223b757365726e616d657c733a353a226f776e6572223b656d61696c7c733a31363a226f776e657240676f6f676c652e636f6d223b757365725f69647c733a313a2231223b6f6c645f6c6173745f6c6f67696e7c733a31303a2231353036373333373030223b6c6173745f69707c733a333a223a3a31223b6176617461727c4e3b67656e6465727c733a343a226d616c65223b67726f75705f69647c733a313a2231223b77617265686f7573655f69647c4e3b62696c6c65725f69647c4e3b636f6d70616e795f69647c4e3b73686f775f636f73747c733a313a2230223b73686f775f70726963657c733a313a2230223b757365725f637372667c733a32303a22384b3048795068746752784463366c3276706b45223b),
('f79485ccd4dfec4424bcd754fdbcf099698625f7', '192.168.1.8', 1507008812, 0x5f5f63695f6c6173745f726567656e65726174657c693a313530373030383830343b7265717565737465645f706167657c733a303a22223b6964656e746974797c733a31363a226f776e657240676f6f676c652e636f6d223b757365726e616d657c733a353a226f776e6572223b656d61696c7c733a31363a226f776e657240676f6f676c652e636f6d223b757365725f69647c733a313a2231223b6f6c645f6c6173745f6c6f67696e7c733a31303a2231353036393933313934223b6c6173745f69707c733a333a223a3a31223b6176617461727c4e3b67656e6465727c733a343a226d616c65223b67726f75705f69647c733a313a2231223b77617265686f7573655f69647c4e3b62696c6c65725f69647c4e3b636f6d70616e795f69647c4e3b73686f775f636f73747c733a313a2230223b73686f775f70726963657c733a313a2230223b757365725f637372667c733a32303a22596a7764544c497931417857377030426c44686d223b),
('f897fcf97aadefd7c4e3ef2e43731972eee8aeab', '::1', 1506938269, 0x5f5f63695f6c6173745f726567656e65726174657c693a313530363933383136323b7265717565737465645f706167657c733a31313a2270726f64756374696f6e73223b6964656e746974797c733a31363a226f776e657240676f6f676c652e636f6d223b757365726e616d657c733a353a226f776e6572223b656d61696c7c733a31363a226f776e657240676f6f676c652e636f6d223b757365725f69647c733a313a2231223b6f6c645f6c6173745f6c6f67696e7c733a31303a2231353036373333373030223b6c6173745f69707c733a333a223a3a31223b6176617461727c4e3b67656e6465727c733a343a226d616c65223b67726f75705f69647c733a313a2231223b77617265686f7573655f69647c4e3b62696c6c65725f69647c4e3b636f6d70616e795f69647c4e3b73686f775f636f73747c733a313a2230223b73686f775f70726963657c733a313a2230223b757365725f637372667c733a32303a22534374454272344173316d48577a515256466439223b72656d6f76655f706f6c737c693a313b),
('fe0bbb570a319980583408dcdbcf62c5b25b6abb', '::1', 1506996430, 0x5f5f63695f6c6173745f726567656e65726174657c693a313530363939363433303b7265717565737465645f706167657c733a31313a2270726f64756374696f6e73223b6964656e746974797c733a31363a226f776e657240676f6f676c652e636f6d223b757365726e616d657c733a353a226f776e6572223b656d61696c7c733a31363a226f776e657240676f6f676c652e636f6d223b757365725f69647c733a313a2231223b6f6c645f6c6173745f6c6f67696e7c733a31303a2231353036393632393835223b6c6173745f69707c733a333a223a3a31223b6176617461727c4e3b67656e6465727c733a343a226d616c65223b67726f75705f69647c733a313a2231223b77617265686f7573655f69647c4e3b62696c6c65725f69647c4e3b636f6d70616e795f69647c4e3b73686f775f636f73747c733a313a2230223b73686f775f70726963657c733a313a2230223b757365725f637372667c733a32303a22664d5055644933795a537035757a32596b724776223b),
('ffc3efae305d38fc8aaf191e4eb7c20ed0c4f62c', '::1', 1506996980, 0x5f5f63695f6c6173745f726567656e65726174657c693a313530363939363736383b7265717565737465645f706167657c733a31313a2270726f64756374696f6e73223b6964656e746974797c733a31363a226f776e657240676f6f676c652e636f6d223b757365726e616d657c733a353a226f776e6572223b656d61696c7c733a31363a226f776e657240676f6f676c652e636f6d223b757365725f69647c733a313a2231223b6f6c645f6c6173745f6c6f67696e7c733a31303a2231353036393632393835223b6c6173745f69707c733a333a223a3a31223b6176617461727c4e3b67656e6465727c733a343a226d616c65223b67726f75705f69647c733a313a2231223b77617265686f7573655f69647c4e3b62696c6c65725f69647c4e3b636f6d70616e795f69647c4e3b73686f775f636f73747c733a313a2230223b73686f775f70726963657c733a313a2230223b757365725f637372667c733a32303a22664d5055644933795a537035757a32596b724776223b);

-- --------------------------------------------------------

--
-- Cấu trúc bảng cho bảng `sma_settings`
--

CREATE TABLE `sma_settings` (
  `setting_id` int(1) NOT NULL,
  `logo` varchar(255) NOT NULL,
  `logo2` varchar(255) NOT NULL,
  `site_name` varchar(55) NOT NULL,
  `language` varchar(20) NOT NULL,
  `default_warehouse` int(2) NOT NULL,
  `accounting_method` tinyint(4) NOT NULL DEFAULT '0',
  `default_currency` varchar(3) NOT NULL,
  `default_tax_rate` int(2) NOT NULL,
  `rows_per_page` int(2) NOT NULL,
  `version` varchar(10) NOT NULL DEFAULT '1.0',
  `default_tax_rate2` int(11) NOT NULL DEFAULT '0',
  `dateformat` int(11) NOT NULL,
  `sales_prefix` varchar(20) DEFAULT NULL,
  `quote_prefix` varchar(20) DEFAULT NULL,
  `purchase_prefix` varchar(20) DEFAULT NULL,
  `transfer_prefix` varchar(20) DEFAULT NULL,
  `delivery_prefix` varchar(20) DEFAULT NULL,
  `payment_prefix` varchar(20) DEFAULT NULL,
  `return_prefix` varchar(20) DEFAULT NULL,
  `expense_prefix` varchar(20) DEFAULT NULL,
  `item_addition` tinyint(1) NOT NULL DEFAULT '0',
  `theme` varchar(20) NOT NULL,
  `product_serial` tinyint(4) NOT NULL,
  `default_discount` int(11) NOT NULL,
  `product_discount` tinyint(1) NOT NULL DEFAULT '0',
  `discount_method` tinyint(4) NOT NULL,
  `tax1` tinyint(4) NOT NULL,
  `tax2` tinyint(4) NOT NULL,
  `overselling` tinyint(1) NOT NULL DEFAULT '0',
  `restrict_user` tinyint(4) NOT NULL DEFAULT '0',
  `restrict_calendar` tinyint(4) NOT NULL DEFAULT '0',
  `timezone` varchar(100) DEFAULT NULL,
  `iwidth` int(11) NOT NULL DEFAULT '0',
  `iheight` int(11) NOT NULL,
  `twidth` int(11) NOT NULL,
  `theight` int(11) NOT NULL,
  `watermark` tinyint(1) DEFAULT NULL,
  `reg_ver` tinyint(1) DEFAULT NULL,
  `allow_reg` tinyint(1) DEFAULT NULL,
  `reg_notification` tinyint(1) DEFAULT NULL,
  `auto_reg` tinyint(1) DEFAULT NULL,
  `protocol` varchar(20) NOT NULL DEFAULT 'mail',
  `mailpath` varchar(55) DEFAULT '/usr/sbin/sendmail',
  `smtp_host` varchar(100) DEFAULT NULL,
  `smtp_user` varchar(100) DEFAULT NULL,
  `smtp_pass` varchar(255) DEFAULT NULL,
  `smtp_port` varchar(10) DEFAULT '25',
  `smtp_crypto` varchar(10) DEFAULT NULL,
  `corn` datetime DEFAULT NULL,
  `customer_group` int(11) NOT NULL,
  `default_email` varchar(100) NOT NULL,
  `mmode` tinyint(1) NOT NULL,
  `bc_fix` tinyint(4) NOT NULL DEFAULT '0',
  `auto_detect_barcode` tinyint(1) NOT NULL DEFAULT '0',
  `captcha` tinyint(1) NOT NULL DEFAULT '1',
  `reference_format` tinyint(1) NOT NULL DEFAULT '1',
  `racks` tinyint(1) DEFAULT '0',
  `attributes` tinyint(1) NOT NULL DEFAULT '0',
  `product_expiry` tinyint(1) NOT NULL DEFAULT '0',
  `decimals` tinyint(2) NOT NULL DEFAULT '2',
  `decimals_sep` varchar(2) NOT NULL DEFAULT '.',
  `thousands_sep` varchar(2) NOT NULL DEFAULT ',',
  `invoice_view` tinyint(1) DEFAULT '0',
  `default_biller` int(11) DEFAULT NULL,
  `envato_username` varchar(50) DEFAULT NULL,
  `purchase_code` varchar(100) DEFAULT NULL,
  `rtl` tinyint(1) DEFAULT '0',
  `each_spent` decimal(15,4) DEFAULT NULL,
  `ca_point` tinyint(4) DEFAULT NULL,
  `each_sale` decimal(15,4) DEFAULT NULL,
  `sa_point` tinyint(4) DEFAULT NULL,
  `update` tinyint(1) DEFAULT '0',
  `sac` tinyint(1) DEFAULT '0'
) ENGINE=InnoDB DEFAULT CHARSET=utf8;

--
-- Đang đổ dữ liệu cho bảng `sma_settings`
--

INSERT INTO `sma_settings` (`setting_id`, `logo`, `logo2`, `site_name`, `language`, `default_warehouse`, `accounting_method`, `default_currency`, `default_tax_rate`, `rows_per_page`, `version`, `default_tax_rate2`, `dateformat`, `sales_prefix`, `quote_prefix`, `purchase_prefix`, `transfer_prefix`, `delivery_prefix`, `payment_prefix`, `return_prefix`, `expense_prefix`, `item_addition`, `theme`, `product_serial`, `default_discount`, `product_discount`, `discount_method`, `tax1`, `tax2`, `overselling`, `restrict_user`, `restrict_calendar`, `timezone`, `iwidth`, `iheight`, `twidth`, `theight`, `watermark`, `reg_ver`, `allow_reg`, `reg_notification`, `auto_reg`, `protocol`, `mailpath`, `smtp_host`, `smtp_user`, `smtp_pass`, `smtp_port`, `smtp_crypto`, `corn`, `customer_group`, `default_email`, `mmode`, `bc_fix`, `auto_detect_barcode`, `captcha`, `reference_format`, `racks`, `attributes`, `product_expiry`, `decimals`, `decimals_sep`, `thousands_sep`, `invoice_view`, `default_biller`, `envato_username`, `purchase_code`, `rtl`, `each_spent`, `ca_point`, `each_sale`, `sa_point`, `update`, `sac`) VALUES
(1, 'logo2.png', 'logo4.png', 'PHẦN MỀM SẢN XUẤT FOSO', 'vietnamese', 1, 0, 'VND', 1, 10, '3.0.1.13', 1, 5, 'SALE', 'QUOTE', 'PO', 'TR', 'DO', 'IPAY', 'ENQUERY', '', 0, 'default', 1, 1, 1, 1, 1, 1, 0, 1, 0, 'Asia/Singapore', 800, 800, 60, 60, 0, 0, 1, 1, NULL, 'smtp', '/usr/sbin/sendmail', 'smtp.gmail.com', 'tvtan06@gmail.com', 'awA6EeBsjkjgSy0mzLmYcux+3DdlJH1ggAuJgX+MVfm5SKDOWnVcoSqxdgEBONsMSnRsP8NCXQUadAVUUjuGqA==', '587', 'tls', NULL, 1, 'tvtan06@gmail.com', 0, 4, 1, 0, 2, 1, 1, 0, 0, '.', ',', 0, 3, 'StockManager', '3', 0, NULL, NULL, NULL, NULL, 0, 0);

-- --------------------------------------------------------

--
-- Cấu trúc bảng cho bảng `sma_skrill`
--

CREATE TABLE `sma_skrill` (
  `id` int(11) NOT NULL,
  `active` tinyint(4) NOT NULL,
  `account_email` varchar(255) NOT NULL DEFAULT 'testaccount2@moneybookers.com',
  `secret_word` varchar(20) NOT NULL DEFAULT 'mbtest',
  `skrill_currency` varchar(3) NOT NULL DEFAULT 'USD',
  `fixed_charges` decimal(25,4) NOT NULL DEFAULT '0.0000',
  `extra_charges_my` decimal(25,4) NOT NULL DEFAULT '0.0000',
  `extra_charges_other` decimal(25,4) NOT NULL DEFAULT '0.0000'
) ENGINE=InnoDB DEFAULT CHARSET=utf8;

--
-- Đang đổ dữ liệu cho bảng `sma_skrill`
--

INSERT INTO `sma_skrill` (`id`, `active`, `account_email`, `secret_word`, `skrill_currency`, `fixed_charges`, `extra_charges_my`, `extra_charges_other`) VALUES
(1, 1, 'testaccount2@moneybookers.com', 'mbtest', 'USD', '0.0000', '0.0000', '0.0000');

-- --------------------------------------------------------

--
-- Cấu trúc bảng cho bảng `sma_subcategories`
--

CREATE TABLE `sma_subcategories` (
  `id` int(11) NOT NULL,
  `category_id` int(11) NOT NULL,
  `code` varchar(55) NOT NULL,
  `name` varchar(55) NOT NULL,
  `image` varchar(55) DEFAULT NULL
) ENGINE=InnoDB DEFAULT CHARSET=utf8;

-- --------------------------------------------------------

--
-- Cấu trúc bảng cho bảng `sma_suspended_bills`
--

CREATE TABLE `sma_suspended_bills` (
  `id` int(11) NOT NULL,
  `date` timestamp NOT NULL DEFAULT CURRENT_TIMESTAMP,
  `customer_id` int(11) NOT NULL,
  `customer` varchar(55) DEFAULT NULL,
  `count` int(11) NOT NULL,
  `order_discount_id` varchar(20) DEFAULT NULL,
  `order_tax_id` int(11) DEFAULT NULL,
  `total` decimal(25,4) NOT NULL,
  `biller_id` int(11) DEFAULT NULL,
  `warehouse_id` int(11) DEFAULT NULL,
  `created_by` int(11) NOT NULL,
  `suspend_note` varchar(255) DEFAULT NULL
) ENGINE=InnoDB DEFAULT CHARSET=utf8;

-- --------------------------------------------------------

--
-- Cấu trúc bảng cho bảng `sma_suspended_items`
--

CREATE TABLE `sma_suspended_items` (
  `id` int(11) NOT NULL,
  `suspend_id` int(11) UNSIGNED NOT NULL,
  `product_id` int(11) UNSIGNED NOT NULL,
  `product_code` varchar(55) NOT NULL,
  `product_name` varchar(255) NOT NULL,
  `net_unit_price` decimal(25,4) NOT NULL,
  `unit_price` decimal(25,4) NOT NULL,
  `quantity` decimal(15,4) DEFAULT '0.0000',
  `warehouse_id` int(11) DEFAULT NULL,
  `item_tax` decimal(25,4) DEFAULT NULL,
  `tax_rate_id` int(11) DEFAULT NULL,
  `tax` varchar(55) DEFAULT NULL,
  `discount` varchar(55) DEFAULT NULL,
  `item_discount` decimal(25,4) DEFAULT NULL,
  `subtotal` decimal(25,4) NOT NULL,
  `serial_no` varchar(255) DEFAULT NULL,
  `option_id` int(11) DEFAULT NULL,
  `product_type` varchar(20) DEFAULT NULL,
  `real_unit_price` decimal(25,4) DEFAULT NULL
) ENGINE=InnoDB DEFAULT CHARSET=utf8;

-- --------------------------------------------------------

--
-- Cấu trúc bảng cho bảng `sma_tax_rates`
--

CREATE TABLE `sma_tax_rates` (
  `id` int(11) NOT NULL,
  `name` varchar(55) NOT NULL,
  `code` varchar(10) DEFAULT NULL,
  `rate` decimal(12,4) NOT NULL,
  `type` varchar(50) NOT NULL
) ENGINE=InnoDB DEFAULT CHARSET=utf8;

--
-- Đang đổ dữ liệu cho bảng `sma_tax_rates`
--

INSERT INTO `sma_tax_rates` (`id`, `name`, `code`, `rate`, `type`) VALUES
(1, 'No Tax', 'NT', '0.0000', '2'),
(2, 'VAT @10%', 'VAT10', '10.0000', '1'),
(3, 'GST @6%', 'GST', '6.0000', '1'),
(4, 'VAT @20%', 'VT20', '20.0000', '1');

-- --------------------------------------------------------

--
-- Cấu trúc bảng cho bảng `sma_transfers`
--

CREATE TABLE `sma_transfers` (
  `id` int(11) NOT NULL,
  `transfer_no` varchar(55) NOT NULL,
  `date` timestamp NOT NULL DEFAULT CURRENT_TIMESTAMP,
  `from_warehouse_id` int(11) NOT NULL,
  `from_warehouse_code` varchar(55) NOT NULL,
  `from_warehouse_name` varchar(55) NOT NULL,
  `to_warehouse_id` int(11) NOT NULL,
  `to_warehouse_code` varchar(55) NOT NULL,
  `to_warehouse_name` varchar(55) NOT NULL,
  `note` varchar(1000) DEFAULT NULL,
  `total` decimal(25,4) DEFAULT NULL,
  `total_tax` decimal(25,4) DEFAULT NULL,
  `grand_total` decimal(25,4) DEFAULT NULL,
  `created_by` varchar(255) DEFAULT NULL,
  `status` varchar(55) NOT NULL DEFAULT 'pending',
  `shipping` decimal(25,4) NOT NULL DEFAULT '0.0000',
  `attachment` varchar(55) DEFAULT NULL
) ENGINE=InnoDB DEFAULT CHARSET=utf8;

-- --------------------------------------------------------

--
-- Cấu trúc bảng cho bảng `sma_transfer_items`
--

CREATE TABLE `sma_transfer_items` (
  `id` int(11) NOT NULL,
  `transfer_id` int(11) NOT NULL,
  `product_id` int(11) NOT NULL,
  `product_code` varchar(55) NOT NULL,
  `product_name` varchar(255) NOT NULL,
  `option_id` int(11) DEFAULT NULL,
  `expiry` date DEFAULT NULL,
  `quantity` decimal(15,4) NOT NULL,
  `tax_rate_id` int(11) DEFAULT NULL,
  `tax` varchar(55) DEFAULT NULL,
  `item_tax` decimal(25,4) DEFAULT NULL,
  `net_unit_cost` decimal(25,4) DEFAULT NULL,
  `subtotal` decimal(25,4) DEFAULT NULL,
  `quantity_balance` decimal(15,4) NOT NULL,
  `unit_cost` decimal(25,4) DEFAULT NULL,
  `real_unit_cost` decimal(25,4) DEFAULT NULL,
  `date` date DEFAULT NULL
) ENGINE=InnoDB DEFAULT CHARSET=utf8;

-- --------------------------------------------------------

--
-- Cấu trúc bảng cho bảng `sma_units`
--

CREATE TABLE `sma_units` (
  `id` int(10) NOT NULL,
  `unit` varchar(255) COLLATE utf8_unicode_ci DEFAULT NULL,
  `note` varchar(255) COLLATE utf8_unicode_ci DEFAULT NULL
) ENGINE=InnoDB DEFAULT CHARSET=utf8 COLLATE=utf8_unicode_ci;

--
-- Đang đổ dữ liệu cho bảng `sma_units`
--

INSERT INTO `sma_units` (`id`, `unit`, `note`) VALUES
(1, 'Cái', ''),
(2, 'Bao', NULL),
(3, 'Hộp', '');

-- --------------------------------------------------------

--
-- Cấu trúc bảng cho bảng `sma_users`
--

CREATE TABLE `sma_users` (
  `id` int(11) UNSIGNED NOT NULL,
  `last_ip_address` varbinary(45) DEFAULT NULL,
  `ip_address` varbinary(45) NOT NULL,
  `username` varchar(100) NOT NULL,
  `password` varchar(40) NOT NULL,
  `salt` varchar(40) DEFAULT NULL,
  `email` varchar(100) NOT NULL,
  `activation_code` varchar(40) DEFAULT NULL,
  `forgotten_password_code` varchar(40) DEFAULT NULL,
  `forgotten_password_time` int(11) UNSIGNED DEFAULT NULL,
  `remember_code` varchar(40) DEFAULT NULL,
  `created_on` int(11) UNSIGNED NOT NULL,
  `last_login` int(11) UNSIGNED DEFAULT NULL,
  `active` tinyint(1) UNSIGNED DEFAULT NULL,
  `first_name` varchar(50) DEFAULT NULL,
  `last_name` varchar(50) DEFAULT NULL,
  `company` varchar(100) DEFAULT NULL,
  `phone` varchar(20) DEFAULT NULL,
  `avatar` varchar(55) DEFAULT NULL,
  `gender` varchar(20) DEFAULT NULL,
  `group_id` int(10) UNSIGNED NOT NULL,
  `warehouse_id` int(10) UNSIGNED DEFAULT NULL,
  `biller_id` int(10) UNSIGNED DEFAULT NULL,
  `company_id` int(11) DEFAULT NULL,
  `show_cost` tinyint(1) DEFAULT '0',
  `show_price` tinyint(1) DEFAULT '0',
  `award_points` int(11) DEFAULT '0'
) ENGINE=InnoDB DEFAULT CHARSET=utf8;

--
-- Đang đổ dữ liệu cho bảng `sma_users`
--

INSERT INTO `sma_users` (`id`, `last_ip_address`, `ip_address`, `username`, `password`, `salt`, `email`, `activation_code`, `forgotten_password_code`, `forgotten_password_time`, `remember_code`, `created_on`, `last_login`, `active`, `first_name`, `last_name`, `company`, `phone`, `avatar`, `gender`, `group_id`, `warehouse_id`, `biller_id`, `company_id`, `show_cost`, `show_price`, `award_points`) VALUES
(1, 0x3139322e3136382e312e38, 0x0000, 'owner', '2c8ab736b2ccab4f50e72d5fd7d21020cbb77ae7', NULL, 'owner@google.com', NULL, NULL, NULL, '6e5e2f4c47ba10736e92891840965955f42f6f45', 1351661704, 1507022942, 1, 'Owner', 'Owner', 'Stock Manager', '012345678', NULL, 'male', 1, NULL, NULL, NULL, 0, 0, 0),
(2, 0x3a3a31, 0x3a3a31, 'tvtan06@gmail.com', 'cbe0b4851e0807748576e22fa8dc689134c78e07', NULL, 'tvtan06@gmail.com', NULL, NULL, NULL, NULL, 1497862980, 1497921746, 1, 'Tran', 'Tan', 'Foso', '097449157', NULL, 'male', 5, 1, 3, NULL, 0, 0, 0),
(3, NULL, 0x3a3a31, 'trantan', 'b9ce6ed6f53be863a43bf1cc04ae0451b394ed2a', NULL, 'trantan@gmail.com', NULL, NULL, NULL, NULL, 1498007958, 1498007958, 1, 'Tran', 'Tan', 'Walk-in Customer', '0939701693', NULL, 'male', 3, NULL, NULL, 1, 0, 0, 0),
(4, 0x3a3a31, 0x3a3a31, 'hva', '5c3341c973e77a19ee084a2c3496350eb94e03e3', NULL, 'hva@gmail.com', NULL, NULL, NULL, 'a4c9b2616656b62a26ab1f31d851600ceef11fe5', 1498009590, 1498093480, 1, 'fdgdf', 'dfgbf', 'Yanstore', '6786', NULL, 'male', 3, NULL, NULL, 2, 0, 0, 0);

-- --------------------------------------------------------

--
-- Cấu trúc bảng cho bảng `sma_user_logins`
--

CREATE TABLE `sma_user_logins` (
  `id` int(11) NOT NULL,
  `user_id` int(11) NOT NULL,
  `company_id` int(11) DEFAULT NULL,
  `ip_address` varbinary(16) NOT NULL,
  `login` varchar(100) NOT NULL,
  `time` timestamp NULL DEFAULT CURRENT_TIMESTAMP
) ENGINE=InnoDB DEFAULT CHARSET=utf8;

--
-- Đang đổ dữ liệu cho bảng `sma_user_logins`
--

INSERT INTO `sma_user_logins` (`id`, `user_id`, `company_id`, `ip_address`, `login`, `time`) VALUES
(1, 1, NULL, 0x3132372e302e302e31, 'owner@google.com', '2016-10-26 08:48:42'),
(2, 1, NULL, 0x3132372e302e302e31, 'owner@google.com', '2016-11-01 12:37:11'),
(3, 1, NULL, 0x3132372e302e302e31, 'owner@google.com', '2016-11-01 12:40:30'),
(4, 1, NULL, 0x3132372e302e302e31, 'owner@google.com', '2016-11-02 20:04:13'),
(5, 1, NULL, 0x3132372e302e302e31, 'owner@google.com', '2016-11-02 20:12:23'),
(6, 1, NULL, 0x3132372e302e302e31, 'owner@google.com', '2016-11-02 20:15:46'),
(7, 1, NULL, 0x312e32332e342e36, 'owner@google.com', '2017-03-15 14:12:00'),
(8, 1, NULL, 0x3131352e37372e3138342e313338, 'owner@google.com', '2017-03-19 04:59:10'),
(9, 1, NULL, 0x3131352e37372e3138342e313338, 'owner@google.com', '2017-03-19 05:01:41'),
(10, 1, NULL, 0x3131352e37372e3138342e313338, 'owner@google.com', '2017-03-19 05:56:19'),
(11, 1, NULL, 0x3131352e37372e3138342e313338, 'owner@google.com', '2017-03-19 05:59:56'),
(12, 1, NULL, 0x3131332e3136312e37342e313939, 'owner@google.com', '2017-03-19 06:17:11'),
(13, 1, NULL, 0x3131352e37372e3138342e313338, 'owner@google.com', '2017-03-21 02:31:35'),
(14, 1, NULL, 0x3131352e37372e3138342e313338, 'owner@google.com', '2017-03-21 02:36:06'),
(15, 1, NULL, 0x3131372e362e35382e323338, 'owner@google.com', '2017-03-21 06:40:24'),
(16, 1, NULL, 0x3131352e37372e3138342e313338, 'owner@google.com', '2017-03-21 06:41:20'),
(17, 1, NULL, 0x32372e37342e3234312e3533, 'owner@google.com', '2017-03-22 04:45:49'),
(18, 1, NULL, 0x3131352e37372e3138342e313338, 'owner@google.com', '2017-03-22 04:58:48'),
(19, 1, NULL, 0x312e35322e3138302e313738, 'owner@google.com', '2017-03-23 09:16:04'),
(20, 1, NULL, 0x3131372e362e35382e323338, 'owner@google.com', '2017-03-23 09:16:25'),
(21, 1, NULL, 0x32372e36372e34312e313835, 'owner@google.com', '2017-03-24 02:53:45'),
(22, 1, NULL, 0x3138332e38312e34352e313436, 'owner@google.com', '2017-03-24 15:41:09'),
(23, 1, NULL, 0x3138332e38312e34352e313436, 'owner@google.com', '2017-03-26 03:42:54'),
(24, 1, NULL, 0x35382e3138362e32332e3234, 'owner@google.com', '2017-03-29 13:24:10'),
(25, 1, NULL, 0x3131332e3139302e3130342e323334, 'owner@google.com', '2017-03-29 13:24:54'),
(26, 1, NULL, 0x35382e3138362e32332e3234, 'owner@google.com', '2017-03-29 13:34:59'),
(27, 1, NULL, 0x35382e3138372e3233322e313936, 'owner@google.com', '2017-03-29 14:19:49'),
(28, 1, NULL, 0x35382e3138372e3233322e313936, 'owner@google.com', '2017-03-29 14:19:49'),
(29, 1, NULL, 0x3131332e3139302e3130342e323334, 'owner@google.com', '2017-03-29 18:02:36'),
(30, 1, NULL, 0x3131332e3139302e3130342e323334, 'owner@google.com', '2017-03-29 18:56:27'),
(31, 1, NULL, 0x32372e37372e3132352e323236, 'owner@google.com', '2017-03-30 12:27:43'),
(32, 1, NULL, 0x31342e3136352e3231392e3238, 'owner@google.com', '2017-03-31 07:11:48'),
(33, 1, NULL, 0x34322e3131392e3134382e323037, 'owner@google.com', '2017-03-31 09:24:06'),
(34, 1, NULL, 0x34322e3131392e3134382e323037, 'owner@google.com', '2017-04-01 07:26:41'),
(35, 1, NULL, 0x3137312e3233342e3231382e3835, 'owner@google.com', '2017-04-02 03:22:52'),
(36, 1, NULL, 0x3137312e3233342e3231382e3835, 'owner@google.com', '2017-04-02 03:23:20'),
(37, 1, NULL, 0x3137312e3233342e3231382e3835, 'owner@google.com', '2017-04-02 03:25:09'),
(38, 1, NULL, 0x312e35352e3234322e313635, 'owner@google.com', '2017-04-03 02:25:05'),
(39, 1, NULL, 0x3131372e362e3136322e38, 'owner@google.com', '2017-04-03 06:47:52'),
(40, 1, NULL, 0x3131352e37372e3138342e313338, 'owner@google.com', '2017-04-04 03:50:28'),
(41, 1, NULL, 0x3132302e37322e3130362e313134, 'owner@google.com', '2017-04-05 02:45:37'),
(42, 1, NULL, 0x3131352e37372e3138342e313338, 'owner@google.com', '2017-04-05 03:01:13'),
(43, 1, NULL, 0x3131352e37372e3138342e313338, 'owner@google.com', '2017-04-07 07:05:02'),
(44, 1, NULL, 0x3131332e3136332e3234352e313037, 'owner@google.com', '2017-04-09 08:20:54'),
(45, 1, NULL, 0x3131332e3136332e3234352e313037, 'owner@google.com', '2017-04-09 09:01:45'),
(46, 1, NULL, 0x3131352e37372e3138342e313338, 'owner@google.com', '2017-04-10 05:49:36'),
(47, 1, NULL, 0x3131352e37372e3138342e313338, 'owner@google.com', '2017-04-10 05:52:47'),
(48, 1, NULL, 0x3132332e32312e3232382e3230, 'owner@google.com', '2017-04-10 09:17:22'),
(49, 1, NULL, 0x3132332e32312e3232382e3230, 'owner@google.com', '2017-04-11 01:57:09'),
(50, 1, NULL, 0x3137312e3233342e3233362e3834, 'owner@google.com', '2017-04-11 02:10:56'),
(51, 1, NULL, 0x3132332e32312e3232382e3230, 'owner@google.com', '2017-04-11 06:20:26'),
(52, 1, NULL, 0x3a3a31, 'owner@google.com', '2017-06-19 06:08:02'),
(53, 1, NULL, 0x3a3a31, 'owner@google.com', '2017-06-19 07:30:32'),
(54, 2, NULL, 0x3a3a31, 'tvtan06@gmail.com', '2017-06-20 01:22:27'),
(55, 1, NULL, 0x3a3a31, 'owner@google.com', '2017-06-20 01:22:51'),
(56, 1, NULL, 0x3a3a31, 'owner@google.com', '2017-06-21 01:05:55'),
(57, 4, NULL, 0x3a3a31, 'hva@gmail.com', '2017-06-22 01:04:40'),
(58, 1, NULL, 0x3a3a31, 'owner@google.com', '2017-06-22 01:04:53'),
(59, 1, NULL, 0x3a3a31, 'owner@google.com', '2017-06-23 01:30:08'),
(60, 1, NULL, 0x3a3a31, 'owner@google.com', '2017-06-23 03:18:06'),
(61, 1, NULL, 0x3a3a31, 'owner@google.com', '2017-06-23 07:07:28'),
(62, 1, NULL, 0x3a3a31, 'owner@google.com', '2017-06-24 01:09:27'),
(63, 1, NULL, 0x3a3a31, 'owner@google.com', '2017-06-26 01:30:04'),
(64, 1, NULL, 0x3a3a31, 'owner@google.com', '2017-06-27 04:11:08'),
(65, 1, NULL, 0x3a3a31, 'owner@google.com', '2017-06-28 01:17:36'),
(66, 1, NULL, 0x3a3a31, 'owner@google.com', '2017-06-29 09:44:01'),
(67, 1, NULL, 0x3a3a31, 'owner@google.com', '2017-07-01 02:59:49'),
(68, 1, NULL, 0x3a3a31, 'owner@google.com', '2017-07-02 01:56:19'),
(69, 1, NULL, 0x3a3a31, 'owner@google.com', '2017-07-02 08:33:46'),
(70, 1, NULL, 0x3a3a31, 'owner@google.com', '2017-07-02 10:06:59'),
(71, 1, NULL, 0x3a3a31, 'owner@google.com', '2017-07-03 01:10:50'),
(72, 1, NULL, 0x3a3a31, 'owner@google.com', '2017-07-03 02:42:55'),
(73, 1, NULL, 0x3a3a31, 'owner@google.com', '2017-07-04 02:50:26'),
(74, 1, NULL, 0x3a3a31, 'owner@google.com', '2017-07-05 04:05:56'),
(75, 1, NULL, 0x3a3a31, 'owner@google.com', '2017-07-05 07:17:01'),
(76, 1, NULL, 0x3a3a31, 'owner@google.com', '2017-07-05 08:40:00'),
(77, 1, NULL, 0x3a3a31, 'owner@google.com', '2017-07-06 01:07:58'),
(78, 1, NULL, 0x3a3a31, 'owner@google.com', '2017-07-07 01:22:13'),
(79, 1, NULL, 0x3a3a31, 'owner@google.com', '2017-07-07 07:40:38'),
(80, 1, NULL, 0x3a3a31, 'owner@google.com', '2017-07-07 08:50:20'),
(81, 1, NULL, 0x3a3a31, 'owner@google.com', '2017-07-08 01:05:09'),
(82, 1, NULL, 0x3a3a31, 'owner@google.com', '2017-07-08 01:07:12'),
(83, 1, NULL, 0x3a3a31, 'owner@google.com', '2017-07-13 07:09:56'),
(84, 1, NULL, 0x3a3a31, 'owner@google.com', '2017-07-14 01:22:00'),
(85, 1, NULL, 0x3a3a31, 'owner@google.com', '2017-07-15 01:18:41'),
(86, 1, NULL, 0x3a3a31, 'owner@google.com', '2017-07-15 05:31:47'),
(87, 1, NULL, 0x3a3a31, 'owner@google.com', '2017-07-17 01:23:06'),
(88, 1, NULL, 0x3a3a31, 'owner@google.com', '2017-07-17 02:57:19'),
(89, 1, NULL, 0x3a3a31, 'owner@google.com', '2017-07-17 03:00:06'),
(90, 1, NULL, 0x3a3a31, 'owner@google.com', '2017-07-18 01:31:43'),
(91, 1, NULL, 0x3a3a31, 'owner@google.com', '2017-07-18 04:15:29'),
(92, 1, NULL, 0x3a3a31, 'owner@google.com', '2017-07-18 04:18:41'),
(93, 1, NULL, 0x3139322e3136382e312e34, 'owner@google.com', '2017-07-18 09:43:20'),
(94, 1, NULL, 0x3a3a31, 'owner@google.com', '2017-07-19 01:29:24'),
(95, 1, NULL, 0x3139322e3136382e312e35, 'owner@google.com', '2017-07-19 07:20:10'),
(96, 1, NULL, 0x3a3a31, 'owner@google.com', '2017-07-20 01:40:27'),
(97, 1, NULL, 0x3139322e3136382e312e35, 'owner@google.com', '2017-07-20 04:19:48'),
(98, 1, NULL, 0x3139322e3136382e312e37, 'owner@google.com', '2017-07-20 07:22:54'),
(99, 1, NULL, 0x3139322e3136382e312e35, 'owner@google.com', '2017-07-20 07:42:51'),
(100, 1, NULL, 0x3a3a31, 'owner@google.com', '2017-07-21 01:18:06'),
(101, 1, NULL, 0x3a3a31, 'owner@google.com', '2017-07-22 01:26:26'),
(102, 1, NULL, 0x3a3a31, 'owner@google.com', '2017-07-24 04:19:02'),
(103, 1, NULL, 0x3a3a31, 'owner@google.com', '2017-07-24 04:23:00'),
(104, 1, NULL, 0x3a3a31, 'owner@google.com', '2017-07-24 04:36:47'),
(105, 1, NULL, 0x3a3a31, 'owner@google.com', '2017-07-24 04:54:55'),
(106, 1, NULL, 0x3a3a31, 'owner@google.com', '2017-07-24 05:06:41'),
(107, 1, NULL, 0x3a3a31, 'owner@google.com', '2017-07-24 05:09:31'),
(108, 1, NULL, 0x3139322e3136382e312e35, 'owner@google.com', '2017-07-24 06:56:16'),
(109, 1, NULL, 0x3139322e3136382e312e35, 'owner@google.com', '2017-07-24 06:56:22'),
(110, 1, NULL, 0x3139322e3136382e312e35, 'owner@google.com', '2017-07-24 06:56:32'),
(111, 1, NULL, 0x3139322e3136382e312e38, 'owner@google.com', '2017-07-24 07:23:34'),
(112, 1, NULL, 0x3139322e3136382e312e35, 'owner@google.com', '2017-07-24 07:23:44'),
(113, 1, NULL, 0x3139322e3136382e312e35, 'owner@google.com', '2017-07-24 07:24:03'),
(114, 1, NULL, 0x3a3a31, 'owner@google.com', '2017-08-27 03:28:34'),
(115, 1, NULL, 0x3139322e3136382e312e33, 'owner@google.com', '2017-08-27 03:53:54'),
(116, 1, NULL, 0x3a3a31, 'owner@google.com', '2017-08-28 01:17:46'),
(117, 1, NULL, 0x3a3a31, 'owner@google.com', '2017-08-29 01:19:28'),
(118, 1, NULL, 0x3a3a31, 'owner@google.com', '2017-08-30 01:14:46'),
(119, 1, NULL, 0x3a3a31, 'owner@google.com', '2017-08-31 01:22:32'),
(120, 1, NULL, 0x3a3a31, 'owner@google.com', '2017-09-11 01:18:14'),
(121, 1, NULL, 0x3a3a31, 'owner@google.com', '2017-09-12 01:12:26'),
(122, 1, NULL, 0x3a3a31, 'owner@google.com', '2017-09-13 01:10:20'),
(123, 1, NULL, 0x3a3a31, 'owner@google.com', '2017-09-14 01:29:30'),
(124, 1, NULL, 0x3a3a31, 'owner@google.com', '2017-09-15 01:05:16'),
(125, 1, NULL, 0x3a3a31, 'owner@google.com', '2017-09-16 00:57:49'),
(126, 1, NULL, 0x3a3a31, 'owner@google.com', '2017-09-18 01:00:43'),
(127, 1, NULL, 0x3a3a31, 'owner@google.com', '2017-09-19 01:10:17'),
(128, 1, NULL, 0x3a3a31, 'owner@google.com', '2017-09-20 01:00:16'),
(129, 1, NULL, 0x3a3a31, 'owner@google.com', '2017-09-20 08:18:59'),
(130, 1, NULL, 0x3a3a31, 'owner@google.com', '2017-09-21 06:24:26'),
(131, 1, NULL, 0x3a3a31, 'owner@google.com', '2017-09-21 06:24:27'),
(132, 1, NULL, 0x3a3a31, 'owner@google.com', '2017-09-22 01:06:06'),
(133, 1, NULL, 0x3a3a31, 'owner@google.com', '2017-09-23 01:04:16'),
(134, 1, NULL, 0x3a3a31, 'owner@google.com', '2017-09-25 01:13:11'),
(135, 1, NULL, 0x3139322e3136382e312e35, 'owner@google.com', '2017-09-25 06:59:06'),
(136, 1, NULL, 0x3a3a31, 'owner@google.com', '2017-09-26 01:01:03'),
(137, 1, NULL, 0x3a3a31, 'owner@google.com', '2017-09-27 01:05:46'),
(138, 1, NULL, 0x3139322e3136382e312e34, 'owner@google.com', '2017-09-27 01:08:50'),
(139, 1, NULL, 0x3139322e3136382e312e34, 'owner@google.com', '2017-09-27 04:39:45'),
(140, 1, NULL, 0x3a3a31, 'owner@google.com', '2017-09-28 01:18:25'),
(141, 1, NULL, 0x3a3a31, 'owner@google.com', '2017-09-28 06:49:37'),
(142, 1, NULL, 0x3a3a31, 'owner@google.com', '2017-09-29 01:00:59'),
(143, 1, NULL, 0x3a3a31, 'owner@google.com', '2017-09-30 01:08:20'),
(144, 1, NULL, 0x3a3a31, 'owner@google.com', '2017-10-02 01:14:53'),
(145, 1, NULL, 0x3139322e3136382e312e39, 'owner@google.com', '2017-10-02 03:10:49'),
(146, 1, NULL, 0x3139322e3136382e312e39, 'owner@google.com', '2017-10-02 10:02:15'),
(147, 1, NULL, 0x3a3a31, 'owner@google.com', '2017-10-02 15:09:03'),
(148, 1, NULL, 0x3a3a31, 'owner@google.com', '2017-10-02 15:14:03'),
(149, 1, NULL, 0x3a3a31, 'owner@google.com', '2017-10-02 15:27:37'),
(150, 1, NULL, 0x3a3a31, 'owner@google.com', '2017-10-02 15:27:40'),
(151, 1, NULL, 0x3a3a31, 'owner@google.com', '2017-10-02 16:01:30'),
(152, 1, NULL, 0x3a3a31, 'owner@google.com', '2017-10-02 16:06:44'),
(153, 1, NULL, 0x3a3a31, 'owner@google.com', '2017-10-02 16:49:45'),
(154, 1, NULL, 0x3a3a31, 'owner@google.com', '2017-10-03 01:13:14'),
(155, 1, NULL, 0x3139322e3136382e312e38, 'owner@google.com', '2017-10-03 01:57:04'),
(156, 1, NULL, 0x3139322e3136382e312e38, 'owner@google.com', '2017-10-03 09:29:02');

-- --------------------------------------------------------

--
-- Cấu trúc bảng cho bảng `sma_variants`
--

CREATE TABLE `sma_variants` (
  `id` int(11) NOT NULL,
  `name` varchar(55) NOT NULL,
  `percent` int(10) NOT NULL
) ENGINE=InnoDB DEFAULT CHARSET=utf8;

--
-- Đang đổ dữ liệu cho bảng `sma_variants`
--

INSERT INTO `sma_variants` (`id`, `name`, `percent`) VALUES
(1, 'Ra phôi', 10),
(2, 'Uốn nhấn', 10),
(3, 'Tạo lỗ', 15),
(4, 'Cắt góc', 5),
(5, 'Gá hàn', 30),
(6, 'VS-Giao mạ', 5),
(7, 'Mạ kẽm', 20),
(8, 'ĐK & Giao hàng', 5);

-- --------------------------------------------------------

--
-- Cấu trúc bảng cho bảng `sma_warehouses`
--

CREATE TABLE `sma_warehouses` (
  `id` int(11) NOT NULL,
  `code` varchar(50) NOT NULL,
  `name` varchar(255) NOT NULL,
  `address` varchar(255) NOT NULL,
  `map` varchar(255) DEFAULT NULL,
  `phone` varchar(55) DEFAULT NULL,
  `email` varchar(55) DEFAULT NULL
) ENGINE=InnoDB DEFAULT CHARSET=utf8;

--
-- Đang đổ dữ liệu cho bảng `sma_warehouses`
--

INSERT INTO `sma_warehouses` (`id`, `code`, `name`, `address`, `map`, `phone`, `email`) VALUES
(1, 'WHI', 'Kho 1', '<p>Address, City</p>', NULL, '012345678', 'whi@google.com'),
(2, 'WHII', 'Kho 2', '<p>HCM</p>', NULL, '0939701693', 'tvtan06@gmail.com');

-- --------------------------------------------------------

--
-- Cấu trúc bảng cho bảng `sma_warehouses_products`
--

CREATE TABLE `sma_warehouses_products` (
  `id` int(11) NOT NULL,
  `product_id` int(11) DEFAULT NULL,
  `item_id` int(10) DEFAULT NULL,
  `warehouse_id` int(11) NOT NULL,
  `quantity` decimal(15,4) NOT NULL,
  `rack` varchar(55) DEFAULT NULL
) ENGINE=InnoDB DEFAULT CHARSET=utf8;

--
-- Đang đổ dữ liệu cho bảng `sma_warehouses_products`
--

INSERT INTO `sma_warehouses_products` (`id`, `product_id`, `item_id`, `warehouse_id`, `quantity`, `rack`) VALUES
(12, NULL, 4, 1, '-100.0000', NULL),
(13, NULL, 5, 1, '1340.0000', NULL),
(14, NULL, 5, 2, '-1950.0000', NULL),
(15, NULL, 2, 1, '127390.0000', NULL),
(16, NULL, 3, 2, '-4000000.0000', NULL),
(19, 3, NULL, 1, '0.0000', NULL),
(20, 2, NULL, 1, '0.0000', NULL),
(21, 4, NULL, 1, '0.0000', NULL),
(22, 5, NULL, 1, '0.0000', NULL),
(23, 1, NULL, 1, '0.0000', NULL),
(24, 2147483647, NULL, 1, '0.0000', NULL),
(25, 2147483647, NULL, 1, '0.0000', NULL),
(26, 7, NULL, 1, '0.0000', NULL),
(27, 8, NULL, 1, '0.0000', NULL),
(28, 9, NULL, 1, '0.0000', NULL),
(29, NULL, 3, 1, '10.0000', NULL),
(30, NULL, 7, 1, '0.0000', NULL);

-- --------------------------------------------------------

--
-- Cấu trúc bảng cho bảng `sma_warehouses_products_variants`
--

CREATE TABLE `sma_warehouses_products_variants` (
  `id` int(11) NOT NULL,
  `option_id` int(11) NOT NULL,
  `product_id` int(11) NOT NULL,
  `warehouse_id` int(11) NOT NULL,
  `quantity` decimal(15,4) NOT NULL,
  `rack` varchar(55) DEFAULT NULL
) ENGINE=InnoDB DEFAULT CHARSET=utf8;

-- --------------------------------------------------------

--
-- Cấu trúc bảng cho bảng `sma_working_places`
--

CREATE TABLE `sma_working_places` (
  `id` int(10) NOT NULL,
  `working_place` varchar(255) COLLATE utf8_unicode_ci DEFAULT NULL,
  `phone` varchar(15) COLLATE utf8_unicode_ci DEFAULT NULL,
  `address` varchar(255) COLLATE utf8_unicode_ci DEFAULT NULL,
  `note` text COLLATE utf8_unicode_ci
) ENGINE=InnoDB DEFAULT CHARSET=utf8 COLLATE=utf8_unicode_ci;

--
-- Đang đổ dữ liệu cho bảng `sma_working_places`
--

INSERT INTO `sma_working_places` (`id`, `working_place`, `phone`, `address`, `note`) VALUES
(27, 'Xuong 1', '1234567890', 'HCM', ''),
(29, 'Xuong 2', '', '', ''),
(30, 'Xuong 3', '', '', ''),
(31, 'Xuong 4', '', '', '');

-- --------------------------------------------------------

--
-- Cấu trúc bảng cho bảng `sma_working_place_items`
--

CREATE TABLE `sma_working_place_items` (
  `id` int(11) NOT NULL,
  `working_place_id` int(11) NOT NULL,
  `machine_id` int(11) NOT NULL
) ENGINE=InnoDB DEFAULT CHARSET=latin1;

--
-- Đang đổ dữ liệu cho bảng `sma_working_place_items`
--

INSERT INTO `sma_working_place_items` (`id`, `working_place_id`, `machine_id`) VALUES
(124, 29, 5),
(125, 29, 4),
(126, 30, 2),
(127, 30, 10),
(128, 30, 6),
(129, 27, 1),
(130, 31, 3),
(131, 31, 9),
(132, 31, 7),
(133, 31, 8);

--
-- Chỉ mục cho các bảng đã đổ
--

--
-- Chỉ mục cho bảng `sma_adjustments`
--
ALTER TABLE `sma_adjustments`
  ADD PRIMARY KEY (`id`);

--
-- Chỉ mục cho bảng `sma_calendar`
--
ALTER TABLE `sma_calendar`
  ADD PRIMARY KEY (`date`);

--
-- Chỉ mục cho bảng `sma_captcha`
--
ALTER TABLE `sma_captcha`
  ADD PRIMARY KEY (`captcha_id`),
  ADD KEY `word` (`word`);

--
-- Chỉ mục cho bảng `sma_categories`
--
ALTER TABLE `sma_categories`
  ADD PRIMARY KEY (`id`),
  ADD KEY `id` (`id`);

--
-- Chỉ mục cho bảng `sma_combo_items`
--
ALTER TABLE `sma_combo_items`
  ADD PRIMARY KEY (`id`);

--
-- Chỉ mục cho bảng `sma_companies`
--
ALTER TABLE `sma_companies`
  ADD PRIMARY KEY (`id`),
  ADD KEY `group_id` (`group_id`),
  ADD KEY `group_id_2` (`group_id`);

--
-- Chỉ mục cho bảng `sma_costing`
--
ALTER TABLE `sma_costing`
  ADD PRIMARY KEY (`id`);

--
-- Chỉ mục cho bảng `sma_currencies`
--
ALTER TABLE `sma_currencies`
  ADD PRIMARY KEY (`id`);

--
-- Chỉ mục cho bảng `sma_customer_groups`
--
ALTER TABLE `sma_customer_groups`
  ADD PRIMARY KEY (`id`);

--
-- Chỉ mục cho bảng `sma_date_format`
--
ALTER TABLE `sma_date_format`
  ADD PRIMARY KEY (`id`);

--
-- Chỉ mục cho bảng `sma_deliveries`
--
ALTER TABLE `sma_deliveries`
  ADD PRIMARY KEY (`id`);

--
-- Chỉ mục cho bảng `sma_expenses`
--
ALTER TABLE `sma_expenses`
  ADD PRIMARY KEY (`id`);

--
-- Chỉ mục cho bảng `sma_gift_cards`
--
ALTER TABLE `sma_gift_cards`
  ADD PRIMARY KEY (`id`),
  ADD UNIQUE KEY `card_no` (`card_no`);

--
-- Chỉ mục cho bảng `sma_groups`
--
ALTER TABLE `sma_groups`
  ADD PRIMARY KEY (`id`);

--
-- Chỉ mục cho bảng `sma_items`
--
ALTER TABLE `sma_items`
  ADD PRIMARY KEY (`id`);

--
-- Chỉ mục cho bảng `sma_labor_norms`
--
ALTER TABLE `sma_labor_norms`
  ADD PRIMARY KEY (`id`);

--
-- Chỉ mục cho bảng `sma_login_attempts`
--
ALTER TABLE `sma_login_attempts`
  ADD PRIMARY KEY (`id`);

--
-- Chỉ mục cho bảng `sma_log_productions`
--
ALTER TABLE `sma_log_productions`
  ADD PRIMARY KEY (`id`);

--
-- Chỉ mục cho bảng `sma_machine`
--
ALTER TABLE `sma_machine`
  ADD PRIMARY KEY (`id`);

--
-- Chỉ mục cho bảng `sma_machinery_norms`
--
ALTER TABLE `sma_machinery_norms`
  ADD PRIMARY KEY (`id`);

--
-- Chỉ mục cho bảng `sma_machine_categories`
--
ALTER TABLE `sma_machine_categories`
  ADD PRIMARY KEY (`id`);

--
-- Chỉ mục cho bảng `sma_material_norms`
--
ALTER TABLE `sma_material_norms`
  ADD PRIMARY KEY (`id`);

--
-- Chỉ mục cho bảng `sma_notifications`
--
ALTER TABLE `sma_notifications`
  ADD PRIMARY KEY (`id`);

--
-- Chỉ mục cho bảng `sma_order_ref`
--
ALTER TABLE `sma_order_ref`
  ADD PRIMARY KEY (`ref_id`);

--
-- Chỉ mục cho bảng `sma_payments`
--
ALTER TABLE `sma_payments`
  ADD PRIMARY KEY (`id`);

--
-- Chỉ mục cho bảng `sma_payments_new`
--
ALTER TABLE `sma_payments_new`
  ADD PRIMARY KEY (`id`);

--
-- Chỉ mục cho bảng `sma_paypal`
--
ALTER TABLE `sma_paypal`
  ADD PRIMARY KEY (`id`);

--
-- Chỉ mục cho bảng `sma_permissions`
--
ALTER TABLE `sma_permissions`
  ADD PRIMARY KEY (`id`);

--
-- Chỉ mục cho bảng `sma_pos_register`
--
ALTER TABLE `sma_pos_register`
  ADD PRIMARY KEY (`id`);

--
-- Chỉ mục cho bảng `sma_pos_settings`
--
ALTER TABLE `sma_pos_settings`
  ADD PRIMARY KEY (`pos_id`);

--
-- Chỉ mục cho bảng `sma_productions`
--
ALTER TABLE `sma_productions`
  ADD PRIMARY KEY (`id`),
  ADD KEY `id` (`id`);

--
-- Chỉ mục cho bảng `sma_production_deliveries`
--
ALTER TABLE `sma_production_deliveries`
  ADD PRIMARY KEY (`id`);

--
-- Chỉ mục cho bảng `sma_production_items`
--
ALTER TABLE `sma_production_items`
  ADD PRIMARY KEY (`id`),
  ADD KEY `sale_id` (`sale_id`),
  ADD KEY `product_id` (`product_id`),
  ADD KEY `product_id_2` (`product_id`,`sale_id`),
  ADD KEY `sale_id_2` (`sale_id`,`product_id`);

--
-- Chỉ mục cho bảng `sma_production_stages`
--
ALTER TABLE `sma_production_stages`
  ADD PRIMARY KEY (`id`);

--
-- Chỉ mục cho bảng `sma_production_stage_details`
--
ALTER TABLE `sma_production_stage_details`
  ADD PRIMARY KEY (`id`);

--
-- Chỉ mục cho bảng `sma_products`
--
ALTER TABLE `sma_products`
  ADD PRIMARY KEY (`id`),
  ADD UNIQUE KEY `code` (`code`),
  ADD KEY `category_id` (`category_id`),
  ADD KEY `id` (`id`),
  ADD KEY `id_2` (`id`),
  ADD KEY `category_id_2` (`category_id`);

--
-- Chỉ mục cho bảng `sma_product_photos`
--
ALTER TABLE `sma_product_photos`
  ADD PRIMARY KEY (`id`);

--
-- Chỉ mục cho bảng `sma_product_variants`
--
ALTER TABLE `sma_product_variants`
  ADD PRIMARY KEY (`id`);

--
-- Chỉ mục cho bảng `sma_purchases`
--
ALTER TABLE `sma_purchases`
  ADD PRIMARY KEY (`id`),
  ADD KEY `id` (`id`);

--
-- Chỉ mục cho bảng `sma_purchase_items`
--
ALTER TABLE `sma_purchase_items`
  ADD PRIMARY KEY (`id`),
  ADD KEY `purchase_id` (`purchase_id`),
  ADD KEY `product_id` (`product_id`);

--
-- Chỉ mục cho bảng `sma_quotes`
--
ALTER TABLE `sma_quotes`
  ADD PRIMARY KEY (`id`),
  ADD KEY `id` (`id`);

--
-- Chỉ mục cho bảng `sma_quote_items`
--
ALTER TABLE `sma_quote_items`
  ADD PRIMARY KEY (`id`),
  ADD KEY `quote_id` (`quote_id`),
  ADD KEY `product_id` (`product_id`);

--
-- Chỉ mục cho bảng `sma_return_items`
--
ALTER TABLE `sma_return_items`
  ADD PRIMARY KEY (`id`),
  ADD KEY `sale_id` (`sale_id`),
  ADD KEY `product_id` (`product_id`),
  ADD KEY `product_id_2` (`product_id`,`sale_id`),
  ADD KEY `sale_id_2` (`sale_id`,`product_id`);

--
-- Chỉ mục cho bảng `sma_return_sales`
--
ALTER TABLE `sma_return_sales`
  ADD PRIMARY KEY (`id`),
  ADD KEY `id` (`id`);

--
-- Chỉ mục cho bảng `sma_sales`
--
ALTER TABLE `sma_sales`
  ADD PRIMARY KEY (`id`),
  ADD KEY `id` (`id`);

--
-- Chỉ mục cho bảng `sma_sale_items`
--
ALTER TABLE `sma_sale_items`
  ADD PRIMARY KEY (`id`),
  ADD KEY `sale_id` (`sale_id`),
  ADD KEY `product_id` (`product_id`),
  ADD KEY `product_id_2` (`product_id`,`sale_id`),
  ADD KEY `sale_id_2` (`sale_id`,`product_id`);

--
-- Chỉ mục cho bảng `sma_sessions`
--
ALTER TABLE `sma_sessions`
  ADD PRIMARY KEY (`id`),
  ADD KEY `ci_sessions_timestamp` (`timestamp`);

--
-- Chỉ mục cho bảng `sma_settings`
--
ALTER TABLE `sma_settings`
  ADD PRIMARY KEY (`setting_id`);

--
-- Chỉ mục cho bảng `sma_skrill`
--
ALTER TABLE `sma_skrill`
  ADD PRIMARY KEY (`id`);

--
-- Chỉ mục cho bảng `sma_subcategories`
--
ALTER TABLE `sma_subcategories`
  ADD PRIMARY KEY (`id`);

--
-- Chỉ mục cho bảng `sma_suspended_bills`
--
ALTER TABLE `sma_suspended_bills`
  ADD PRIMARY KEY (`id`);

--
-- Chỉ mục cho bảng `sma_suspended_items`
--
ALTER TABLE `sma_suspended_items`
  ADD PRIMARY KEY (`id`);

--
-- Chỉ mục cho bảng `sma_tax_rates`
--
ALTER TABLE `sma_tax_rates`
  ADD PRIMARY KEY (`id`);

--
-- Chỉ mục cho bảng `sma_transfers`
--
ALTER TABLE `sma_transfers`
  ADD PRIMARY KEY (`id`),
  ADD KEY `id` (`id`);

--
-- Chỉ mục cho bảng `sma_transfer_items`
--
ALTER TABLE `sma_transfer_items`
  ADD PRIMARY KEY (`id`),
  ADD KEY `transfer_id` (`transfer_id`),
  ADD KEY `product_id` (`product_id`);

--
-- Chỉ mục cho bảng `sma_units`
--
ALTER TABLE `sma_units`
  ADD PRIMARY KEY (`id`);

--
-- Chỉ mục cho bảng `sma_users`
--
ALTER TABLE `sma_users`
  ADD PRIMARY KEY (`id`),
  ADD KEY `group_id` (`group_id`,`warehouse_id`,`biller_id`),
  ADD KEY `group_id_2` (`group_id`,`company_id`);

--
-- Chỉ mục cho bảng `sma_user_logins`
--
ALTER TABLE `sma_user_logins`
  ADD PRIMARY KEY (`id`);

--
-- Chỉ mục cho bảng `sma_variants`
--
ALTER TABLE `sma_variants`
  ADD PRIMARY KEY (`id`);

--
-- Chỉ mục cho bảng `sma_warehouses`
--
ALTER TABLE `sma_warehouses`
  ADD PRIMARY KEY (`id`),
  ADD KEY `id` (`id`);

--
-- Chỉ mục cho bảng `sma_warehouses_products`
--
ALTER TABLE `sma_warehouses_products`
  ADD PRIMARY KEY (`id`),
  ADD KEY `product_id` (`product_id`),
  ADD KEY `warehouse_id` (`warehouse_id`);

--
-- Chỉ mục cho bảng `sma_warehouses_products_variants`
--
ALTER TABLE `sma_warehouses_products_variants`
  ADD PRIMARY KEY (`id`),
  ADD KEY `option_id` (`option_id`),
  ADD KEY `product_id` (`product_id`),
  ADD KEY `warehouse_id` (`warehouse_id`);

--
-- Chỉ mục cho bảng `sma_working_places`
--
ALTER TABLE `sma_working_places`
  ADD PRIMARY KEY (`id`);

--
-- Chỉ mục cho bảng `sma_working_place_items`
--
ALTER TABLE `sma_working_place_items`
  ADD PRIMARY KEY (`id`);

--
-- AUTO_INCREMENT cho các bảng đã đổ
--

--
-- AUTO_INCREMENT cho bảng `sma_adjustments`
--
ALTER TABLE `sma_adjustments`
  MODIFY `id` int(11) NOT NULL AUTO_INCREMENT;
--
-- AUTO_INCREMENT cho bảng `sma_captcha`
--
ALTER TABLE `sma_captcha`
  MODIFY `captcha_id` bigint(13) UNSIGNED NOT NULL AUTO_INCREMENT, AUTO_INCREMENT=5;
--
-- AUTO_INCREMENT cho bảng `sma_categories`
--
ALTER TABLE `sma_categories`
  MODIFY `id` int(11) NOT NULL AUTO_INCREMENT, AUTO_INCREMENT=7;
--
-- AUTO_INCREMENT cho bảng `sma_combo_items`
--
ALTER TABLE `sma_combo_items`
  MODIFY `id` int(11) NOT NULL AUTO_INCREMENT;
--
-- AUTO_INCREMENT cho bảng `sma_companies`
--
ALTER TABLE `sma_companies`
  MODIFY `id` int(11) NOT NULL AUTO_INCREMENT, AUTO_INCREMENT=11;
--
-- AUTO_INCREMENT cho bảng `sma_costing`
--
ALTER TABLE `sma_costing`
  MODIFY `id` int(11) NOT NULL AUTO_INCREMENT, AUTO_INCREMENT=13;
--
-- AUTO_INCREMENT cho bảng `sma_currencies`
--
ALTER TABLE `sma_currencies`
  MODIFY `id` int(11) NOT NULL AUTO_INCREMENT, AUTO_INCREMENT=4;
--
-- AUTO_INCREMENT cho bảng `sma_customer_groups`
--
ALTER TABLE `sma_customer_groups`
  MODIFY `id` int(11) NOT NULL AUTO_INCREMENT, AUTO_INCREMENT=5;
--
-- AUTO_INCREMENT cho bảng `sma_date_format`
--
ALTER TABLE `sma_date_format`
  MODIFY `id` int(11) NOT NULL AUTO_INCREMENT, AUTO_INCREMENT=7;
--
-- AUTO_INCREMENT cho bảng `sma_deliveries`
--
ALTER TABLE `sma_deliveries`
  MODIFY `id` int(11) NOT NULL AUTO_INCREMENT;
--
-- AUTO_INCREMENT cho bảng `sma_expenses`
--
ALTER TABLE `sma_expenses`
  MODIFY `id` int(11) NOT NULL AUTO_INCREMENT;
--
-- AUTO_INCREMENT cho bảng `sma_gift_cards`
--
ALTER TABLE `sma_gift_cards`
  MODIFY `id` int(11) NOT NULL AUTO_INCREMENT;
--
-- AUTO_INCREMENT cho bảng `sma_groups`
--
ALTER TABLE `sma_groups`
  MODIFY `id` mediumint(8) UNSIGNED NOT NULL AUTO_INCREMENT, AUTO_INCREMENT=6;
--
-- AUTO_INCREMENT cho bảng `sma_items`
--
ALTER TABLE `sma_items`
  MODIFY `id` int(11) NOT NULL AUTO_INCREMENT, AUTO_INCREMENT=8;
--
-- AUTO_INCREMENT cho bảng `sma_labor_norms`
--
ALTER TABLE `sma_labor_norms`
  MODIFY `id` int(10) NOT NULL AUTO_INCREMENT, AUTO_INCREMENT=51;
--
-- AUTO_INCREMENT cho bảng `sma_login_attempts`
--
ALTER TABLE `sma_login_attempts`
  MODIFY `id` mediumint(8) UNSIGNED NOT NULL AUTO_INCREMENT;
--
-- AUTO_INCREMENT cho bảng `sma_log_productions`
--
ALTER TABLE `sma_log_productions`
  MODIFY `id` int(11) NOT NULL AUTO_INCREMENT, AUTO_INCREMENT=2;
--
-- AUTO_INCREMENT cho bảng `sma_machine`
--
ALTER TABLE `sma_machine`
  MODIFY `id` int(11) NOT NULL AUTO_INCREMENT, AUTO_INCREMENT=11;
--
-- AUTO_INCREMENT cho bảng `sma_machinery_norms`
--
ALTER TABLE `sma_machinery_norms`
  MODIFY `id` int(11) NOT NULL AUTO_INCREMENT, AUTO_INCREMENT=93;
--
-- AUTO_INCREMENT cho bảng `sma_machine_categories`
--
ALTER TABLE `sma_machine_categories`
  MODIFY `id` int(11) NOT NULL AUTO_INCREMENT, AUTO_INCREMENT=7;
--
-- AUTO_INCREMENT cho bảng `sma_material_norms`
--
ALTER TABLE `sma_material_norms`
  MODIFY `id` int(10) NOT NULL AUTO_INCREMENT, AUTO_INCREMENT=189;
--
-- AUTO_INCREMENT cho bảng `sma_notifications`
--
ALTER TABLE `sma_notifications`
  MODIFY `id` int(11) NOT NULL AUTO_INCREMENT, AUTO_INCREMENT=2;
--
-- AUTO_INCREMENT cho bảng `sma_order_ref`
--
ALTER TABLE `sma_order_ref`
  MODIFY `ref_id` int(11) NOT NULL AUTO_INCREMENT, AUTO_INCREMENT=2;
--
-- AUTO_INCREMENT cho bảng `sma_payments`
--
ALTER TABLE `sma_payments`
  MODIFY `id` int(11) NOT NULL AUTO_INCREMENT, AUTO_INCREMENT=8;
--
-- AUTO_INCREMENT cho bảng `sma_payments_new`
--
ALTER TABLE `sma_payments_new`
  MODIFY `id` int(10) UNSIGNED NOT NULL AUTO_INCREMENT, AUTO_INCREMENT=35;
--
-- AUTO_INCREMENT cho bảng `sma_permissions`
--
ALTER TABLE `sma_permissions`
  MODIFY `id` int(11) NOT NULL AUTO_INCREMENT, AUTO_INCREMENT=2;
--
-- AUTO_INCREMENT cho bảng `sma_pos_register`
--
ALTER TABLE `sma_pos_register`
  MODIFY `id` int(11) NOT NULL AUTO_INCREMENT, AUTO_INCREMENT=2;
--
-- AUTO_INCREMENT cho bảng `sma_productions`
--
ALTER TABLE `sma_productions`
  MODIFY `id` int(11) NOT NULL AUTO_INCREMENT, AUTO_INCREMENT=103;
--
-- AUTO_INCREMENT cho bảng `sma_production_deliveries`
--
ALTER TABLE `sma_production_deliveries`
  MODIFY `id` int(11) NOT NULL AUTO_INCREMENT, AUTO_INCREMENT=154;
--
-- AUTO_INCREMENT cho bảng `sma_production_items`
--
ALTER TABLE `sma_production_items`
  MODIFY `id` int(11) NOT NULL AUTO_INCREMENT, AUTO_INCREMENT=405;
--
-- AUTO_INCREMENT cho bảng `sma_production_stages`
--
ALTER TABLE `sma_production_stages`
  MODIFY `id` int(10) NOT NULL AUTO_INCREMENT, AUTO_INCREMENT=480;
--
-- AUTO_INCREMENT cho bảng `sma_production_stage_details`
--
ALTER TABLE `sma_production_stage_details`
  MODIFY `id` int(11) NOT NULL AUTO_INCREMENT, AUTO_INCREMENT=191;
--
-- AUTO_INCREMENT cho bảng `sma_products`
--
ALTER TABLE `sma_products`
  MODIFY `id` int(11) NOT NULL AUTO_INCREMENT, AUTO_INCREMENT=79;
--
-- AUTO_INCREMENT cho bảng `sma_product_photos`
--
ALTER TABLE `sma_product_photos`
  MODIFY `id` int(11) NOT NULL AUTO_INCREMENT;
--
-- AUTO_INCREMENT cho bảng `sma_product_variants`
--
ALTER TABLE `sma_product_variants`
  MODIFY `id` int(11) NOT NULL AUTO_INCREMENT, AUTO_INCREMENT=41;
--
-- AUTO_INCREMENT cho bảng `sma_purchases`
--
ALTER TABLE `sma_purchases`
  MODIFY `id` int(11) NOT NULL AUTO_INCREMENT, AUTO_INCREMENT=241;
--
-- AUTO_INCREMENT cho bảng `sma_purchase_items`
--
ALTER TABLE `sma_purchase_items`
  MODIFY `id` int(11) NOT NULL AUTO_INCREMENT, AUTO_INCREMENT=673;
--
-- AUTO_INCREMENT cho bảng `sma_quotes`
--
ALTER TABLE `sma_quotes`
  MODIFY `id` int(11) NOT NULL AUTO_INCREMENT;
--
-- AUTO_INCREMENT cho bảng `sma_quote_items`
--
ALTER TABLE `sma_quote_items`
  MODIFY `id` int(11) NOT NULL AUTO_INCREMENT;
--
-- AUTO_INCREMENT cho bảng `sma_return_items`
--
ALTER TABLE `sma_return_items`
  MODIFY `id` int(11) NOT NULL AUTO_INCREMENT;
--
-- AUTO_INCREMENT cho bảng `sma_return_sales`
--
ALTER TABLE `sma_return_sales`
  MODIFY `id` int(11) NOT NULL AUTO_INCREMENT;
--
-- AUTO_INCREMENT cho bảng `sma_sales`
--
ALTER TABLE `sma_sales`
  MODIFY `id` int(11) NOT NULL AUTO_INCREMENT, AUTO_INCREMENT=11;
--
-- AUTO_INCREMENT cho bảng `sma_sale_items`
--
ALTER TABLE `sma_sale_items`
  MODIFY `id` int(11) NOT NULL AUTO_INCREMENT, AUTO_INCREMENT=37;
--
-- AUTO_INCREMENT cho bảng `sma_subcategories`
--
ALTER TABLE `sma_subcategories`
  MODIFY `id` int(11) NOT NULL AUTO_INCREMENT;
--
-- AUTO_INCREMENT cho bảng `sma_suspended_bills`
--
ALTER TABLE `sma_suspended_bills`
  MODIFY `id` int(11) NOT NULL AUTO_INCREMENT;
--
-- AUTO_INCREMENT cho bảng `sma_suspended_items`
--
ALTER TABLE `sma_suspended_items`
  MODIFY `id` int(11) NOT NULL AUTO_INCREMENT;
--
-- AUTO_INCREMENT cho bảng `sma_tax_rates`
--
ALTER TABLE `sma_tax_rates`
  MODIFY `id` int(11) NOT NULL AUTO_INCREMENT, AUTO_INCREMENT=5;
--
-- AUTO_INCREMENT cho bảng `sma_transfers`
--
ALTER TABLE `sma_transfers`
  MODIFY `id` int(11) NOT NULL AUTO_INCREMENT;
--
-- AUTO_INCREMENT cho bảng `sma_transfer_items`
--
ALTER TABLE `sma_transfer_items`
  MODIFY `id` int(11) NOT NULL AUTO_INCREMENT;
--
-- AUTO_INCREMENT cho bảng `sma_units`
--
ALTER TABLE `sma_units`
  MODIFY `id` int(10) NOT NULL AUTO_INCREMENT, AUTO_INCREMENT=4;
--
-- AUTO_INCREMENT cho bảng `sma_users`
--
ALTER TABLE `sma_users`
  MODIFY `id` int(11) UNSIGNED NOT NULL AUTO_INCREMENT, AUTO_INCREMENT=5;
--
-- AUTO_INCREMENT cho bảng `sma_user_logins`
--
ALTER TABLE `sma_user_logins`
  MODIFY `id` int(11) NOT NULL AUTO_INCREMENT, AUTO_INCREMENT=157;
--
-- AUTO_INCREMENT cho bảng `sma_variants`
--
ALTER TABLE `sma_variants`
  MODIFY `id` int(11) NOT NULL AUTO_INCREMENT, AUTO_INCREMENT=9;
--
-- AUTO_INCREMENT cho bảng `sma_warehouses`
--
ALTER TABLE `sma_warehouses`
  MODIFY `id` int(11) NOT NULL AUTO_INCREMENT, AUTO_INCREMENT=3;
--
-- AUTO_INCREMENT cho bảng `sma_warehouses_products`
--
ALTER TABLE `sma_warehouses_products`
  MODIFY `id` int(11) NOT NULL AUTO_INCREMENT, AUTO_INCREMENT=31;
--
-- AUTO_INCREMENT cho bảng `sma_warehouses_products_variants`
--
ALTER TABLE `sma_warehouses_products_variants`
  MODIFY `id` int(11) NOT NULL AUTO_INCREMENT;
--
-- AUTO_INCREMENT cho bảng `sma_working_places`
--
ALTER TABLE `sma_working_places`
  MODIFY `id` int(10) NOT NULL AUTO_INCREMENT, AUTO_INCREMENT=32;
--
-- AUTO_INCREMENT cho bảng `sma_working_place_items`
--
ALTER TABLE `sma_working_place_items`
  MODIFY `id` int(11) NOT NULL AUTO_INCREMENT, AUTO_INCREMENT=134;COMMIT;

/*!40101 SET CHARACTER_SET_CLIENT=@OLD_CHARACTER_SET_CLIENT */;
/*!40101 SET CHARACTER_SET_RESULTS=@OLD_CHARACTER_SET_RESULTS */;
/*!40101 SET COLLATION_CONNECTION=@OLD_COLLATION_CONNECTION */;
