-- phpMyAdmin SQL Dump
-- version 4.2.11
-- http://www.phpmyadmin.net
--
-- Host: 127.0.0.1
-- Generation Time: Jul 01, 2017 at 10:25 AM
-- Server version: 5.6.21
-- PHP Version: 5.6.3

SET SQL_MODE = "NO_AUTO_VALUE_ON_ZERO";
SET time_zone = "+00:00";


/*!40101 SET @OLD_CHARACTER_SET_CLIENT=@@CHARACTER_SET_CLIENT */;
/*!40101 SET @OLD_CHARACTER_SET_RESULTS=@@CHARACTER_SET_RESULTS */;
/*!40101 SET @OLD_COLLATION_CONNECTION=@@COLLATION_CONNECTION */;
/*!40101 SET NAMES utf8 */;

--
-- Database: `foso_stockmanagernam`
--

-- --------------------------------------------------------

--
-- Table structure for table `sma_adjustments`
--

CREATE TABLE IF NOT EXISTS `sma_adjustments` (
`id` int(11) NOT NULL,
  `date` timestamp NOT NULL DEFAULT CURRENT_TIMESTAMP,
  `product_id` int(11) NOT NULL,
  `option_id` int(11) DEFAULT NULL,
  `quantity` decimal(15,4) NOT NULL,
  `warehouse_id` int(11) NOT NULL,
  `note` varchar(1000) DEFAULT NULL,
  `created_by` int(11) DEFAULT NULL,
  `updated_by` int(11) DEFAULT NULL,
  `type` varchar(20) NOT NULL
) ENGINE=InnoDB DEFAULT CHARSET=utf8;

-- --------------------------------------------------------

--
-- Table structure for table `sma_calendar`
--

CREATE TABLE IF NOT EXISTS `sma_calendar` (
  `date` date NOT NULL,
  `data` varchar(255) NOT NULL,
  `user_id` int(11) DEFAULT NULL
) ENGINE=InnoDB DEFAULT CHARSET=utf8;

-- --------------------------------------------------------

--
-- Table structure for table `sma_captcha`
--

CREATE TABLE IF NOT EXISTS `sma_captcha` (
`captcha_id` bigint(13) unsigned NOT NULL,
  `captcha_time` int(10) unsigned NOT NULL,
  `ip_address` varchar(16) CHARACTER SET latin1 NOT NULL DEFAULT '0',
  `word` varchar(20) CHARACTER SET latin1 NOT NULL
) ENGINE=InnoDB AUTO_INCREMENT=5 DEFAULT CHARSET=utf8;

--
-- Dumping data for table `sma_captcha`
--

INSERT INTO `sma_captcha` (`captcha_id`, `captcha_time`, `ip_address`, `word`) VALUES
(1, 1497857401, '::1', '5d2MK'),
(2, 1497857404, '::1', 'd7ZC8'),
(3, 1497857405, '::1', '73ZIQ'),
(4, 1497857406, '::1', 'rMzMd');

-- --------------------------------------------------------

--
-- Table structure for table `sma_categories`
--

CREATE TABLE IF NOT EXISTS `sma_categories` (
`id` int(11) NOT NULL,
  `code` varchar(55) NOT NULL,
  `name` varchar(55) NOT NULL,
  `image` varchar(55) DEFAULT NULL
) ENGINE=InnoDB AUTO_INCREMENT=2 DEFAULT CHARSET=utf8;

--
-- Dumping data for table `sma_categories`
--

INSERT INTO `sma_categories` (`id`, `code`, `name`, `image`) VALUES
(1, 'C1', 'THUỐC GIẢM ĐAU', '32975a6f16f29f9327be835905e77816.jpg');

-- --------------------------------------------------------

--
-- Table structure for table `sma_combo_items`
--

CREATE TABLE IF NOT EXISTS `sma_combo_items` (
`id` int(11) NOT NULL,
  `product_id` int(11) NOT NULL,
  `item_code` varchar(20) NOT NULL,
  `quantity` decimal(12,4) NOT NULL,
  `unit_price` decimal(25,4) DEFAULT NULL
) ENGINE=InnoDB DEFAULT CHARSET=utf8;

-- --------------------------------------------------------

--
-- Table structure for table `sma_companies`
--

CREATE TABLE IF NOT EXISTS `sma_companies` (
`id` int(11) NOT NULL,
  `group_id` int(10) unsigned DEFAULT NULL,
  `group_name` varchar(20) DEFAULT NULL,
  `customer_group_id` int(11) DEFAULT NULL,
  `customer_group_name` varchar(100) DEFAULT NULL,
  `name` varchar(55) DEFAULT NULL,
  `company` varchar(255) DEFAULT NULL,
  `vat_no` varchar(100) DEFAULT NULL,
  `address` varchar(255) DEFAULT NULL,
  `city` varchar(55) DEFAULT NULL,
  `state` varchar(55) DEFAULT NULL,
  `postal_code` varchar(8) DEFAULT NULL,
  `country` varchar(100) DEFAULT NULL,
  `phone` varchar(20) DEFAULT NULL,
  `email` varchar(100) DEFAULT NULL,
  `cf1` varchar(100) DEFAULT NULL,
  `cf2` varchar(100) DEFAULT NULL,
  `cf3` varchar(100) DEFAULT NULL,
  `cf4` varchar(100) DEFAULT NULL,
  `cf5` varchar(100) DEFAULT NULL,
  `cf6` varchar(100) DEFAULT NULL,
  `invoice_footer` text,
  `payment_term` int(11) DEFAULT '0',
  `logo` varchar(255) DEFAULT 'logo.png',
  `award_points` int(11) DEFAULT '0'
) ENGINE=InnoDB AUTO_INCREMENT=10 DEFAULT CHARSET=utf8;

--
-- Dumping data for table `sma_companies`
--

INSERT INTO `sma_companies` (`id`, `group_id`, `group_name`, `customer_group_id`, `customer_group_name`, `name`, `company`, `vat_no`, `address`, `city`, `state`, `postal_code`, `country`, `phone`, `email`, `cf1`, `cf2`, `cf3`, `cf4`, `cf5`, `cf6`, `invoice_footer`, `payment_term`, `logo`, `award_points`) VALUES
(1, 3, 'customer', 1, 'General', 'Walk-in Customer', 'Walk-in Customer', '', 'Customer Address', 'Petaling Jaya', 'Selangor', '46000', 'Malaysia', '0123456789', 'customer@google.com', '', '', '', '', '', '', NULL, 0, 'logo.png', 0),
(2, 4, 'supplier', NULL, NULL, 'Quần Áo Thời Trang Trực Tuyến', 'Yanstore', '', '12 bàu cát 3, phường 14', 'Hồ Chí Minh', 'Tân Bình', '', 'VietNam', '0123456789', 'supplier@google.com', '-', '-', '-', '-', '-', '-', NULL, 0, 'logo.png', 0),
(3, NULL, 'biller', NULL, NULL, 'Chai', 'Test Biller', '1234', 'HCM', '', '', NULL, 'Việt Nam', '012345678', 'hvchai@gmail.com', 'Hoàng Văn ', NULL, NULL, NULL, NULL, NULL, ' Thank you for shopping with us. Please come again', 0, 'logo1.png', 0),
(4, 3, 'customer', 1, 'General', 'hà', 'tư nhân', '', 'ha noi', 'Hà Nội', '', '', '', '0901122432', 'phamthuha@gmail.com', '', '', '', '0969337365', '', 'phamthuha@gmail.com', NULL, 0, 'logo.png', 0),
(5, NULL, 'biller', NULL, NULL, 'Tân', 'FOSO', '1234', 'HCM', '', '', NULL, 'Việt Nam', '435646', 'trantan@gmai.com', 'Trần', NULL, NULL, NULL, NULL, NULL, '', 0, 'logo-foso-06.gif', 0),
(7, NULL, 'biller', NULL, NULL, 'Hậu', 'FOSO', '12345', 'HCM', '', '', NULL, 'Việt Nam', '0939701693', 'nhhau@gmail.com', 'Nguyễn Hữu ', NULL, NULL, NULL, NULL, NULL, '', 0, 'logo-foso-06.gif', 0),
(8, NULL, 'biller', NULL, NULL, 'Tâm', 'FOSO', '1234', 'HCM', '', '', NULL, 'Việt Nam', '0939701693', 'nctam@gmail.com', 'Nguyễn Chí', NULL, NULL, NULL, NULL, NULL, '', 0, 'logo-foso-06.gif', 0),
(9, NULL, 'biller', NULL, NULL, 'Tan', 'fdbfd', '', 'dfgvdfxvb', '', '', NULL, 'Việt Nam', '5654', 'tvttdsan@gmail.com', 'Tran ', NULL, NULL, NULL, NULL, NULL, '', 0, 'logo-foso-06.gif', 0);

-- --------------------------------------------------------

--
-- Table structure for table `sma_costing`
--

CREATE TABLE IF NOT EXISTS `sma_costing` (
`id` int(11) NOT NULL,
  `date` date NOT NULL,
  `product_id` int(11) DEFAULT NULL,
  `sale_item_id` int(11) NOT NULL,
  `sale_id` int(11) DEFAULT NULL,
  `purchase_item_id` int(11) DEFAULT NULL,
  `quantity` decimal(15,4) NOT NULL,
  `purchase_net_unit_cost` decimal(25,4) DEFAULT NULL,
  `purchase_unit_cost` decimal(25,4) DEFAULT NULL,
  `sale_net_unit_price` decimal(25,4) NOT NULL,
  `sale_unit_price` decimal(25,4) NOT NULL,
  `quantity_balance` decimal(15,4) DEFAULT NULL,
  `inventory` tinyint(1) DEFAULT '0',
  `overselling` tinyint(1) DEFAULT '0',
  `option_id` int(11) DEFAULT NULL
) ENGINE=InnoDB AUTO_INCREMENT=4 DEFAULT CHARSET=utf8;

--
-- Dumping data for table `sma_costing`
--

INSERT INTO `sma_costing` (`id`, `date`, `product_id`, `sale_item_id`, `sale_id`, `purchase_item_id`, `quantity`, `purchase_net_unit_cost`, `purchase_unit_cost`, `sale_net_unit_price`, `sale_unit_price`, `quantity_balance`, `inventory`, `overselling`, `option_id`) VALUES
(1, '2017-06-26', 30, 23, 13, NULL, '10.0000', '0.0000', '0.0000', '500.0000', '500.0000', NULL, NULL, 0, NULL),
(2, '2017-06-26', 29, 24, 13, NULL, '10.0000', '0.0000', '0.0000', '1000.0000', '1000.0000', NULL, NULL, 0, NULL),
(3, '2017-06-26', 30, 25, 13, NULL, '1.0000', '0.0000', '0.0000', '500.0000', '500.0000', NULL, NULL, 0, NULL);

-- --------------------------------------------------------

--
-- Table structure for table `sma_currencies`
--

CREATE TABLE IF NOT EXISTS `sma_currencies` (
`id` int(11) NOT NULL,
  `code` varchar(5) NOT NULL,
  `name` varchar(55) NOT NULL,
  `rate` decimal(12,4) NOT NULL,
  `auto_update` tinyint(1) NOT NULL DEFAULT '0'
) ENGINE=InnoDB AUTO_INCREMENT=4 DEFAULT CHARSET=utf8;

--
-- Dumping data for table `sma_currencies`
--

INSERT INTO `sma_currencies` (`id`, `code`, `name`, `rate`, `auto_update`) VALUES
(1, 'USD', 'US Dollar', '1.0000', 0),
(2, 'ERU', 'EURO', '0.7340', 0),
(3, 'VND', 'VNĐ', '1.0000', 0);

-- --------------------------------------------------------

--
-- Table structure for table `sma_customer_groups`
--

CREATE TABLE IF NOT EXISTS `sma_customer_groups` (
`id` int(11) NOT NULL,
  `name` varchar(100) NOT NULL,
  `percent` int(11) NOT NULL
) ENGINE=InnoDB AUTO_INCREMENT=5 DEFAULT CHARSET=utf8;

--
-- Dumping data for table `sma_customer_groups`
--

INSERT INTO `sma_customer_groups` (`id`, `name`, `percent`) VALUES
(1, 'General', 0),
(2, 'Reseller', -5),
(3, 'Distributor', -15),
(4, 'New Customer (+10)', 10);

-- --------------------------------------------------------

--
-- Table structure for table `sma_date_format`
--

CREATE TABLE IF NOT EXISTS `sma_date_format` (
`id` int(11) NOT NULL,
  `js` varchar(20) NOT NULL,
  `php` varchar(20) NOT NULL,
  `sql` varchar(20) DEFAULT NULL
) ENGINE=InnoDB AUTO_INCREMENT=7 DEFAULT CHARSET=utf8;

--
-- Dumping data for table `sma_date_format`
--

INSERT INTO `sma_date_format` (`id`, `js`, `php`, `sql`) VALUES
(1, 'mm-dd-yyyy', 'm-d-Y', '%m-%d-%Y'),
(2, 'mm/dd/yyyy', 'm/d/Y', '%m/%d/%Y'),
(3, 'mm.dd.yyyy', 'm.d.Y', '%m.%d.%Y'),
(4, 'dd-mm-yyyy', 'd-m-Y', '%d-%m-%Y'),
(5, 'dd/mm/yyyy', 'd/m/Y', '%d/%m/%Y'),
(6, 'dd.mm.yyyy', 'd.m.Y', '%d.%m.%Y');

-- --------------------------------------------------------

--
-- Table structure for table `sma_deliveries`
--

CREATE TABLE IF NOT EXISTS `sma_deliveries` (
`id` int(11) NOT NULL,
  `date` timestamp NOT NULL DEFAULT CURRENT_TIMESTAMP,
  `sale_id` int(11) NOT NULL,
  `do_reference_no` varchar(50) NOT NULL,
  `sale_reference_no` varchar(50) NOT NULL,
  `customer` varchar(55) NOT NULL,
  `address` varchar(1000) NOT NULL,
  `note` varchar(1000) DEFAULT NULL,
  `created_by` int(11) DEFAULT NULL,
  `updated_by` int(11) DEFAULT NULL,
  `updated_at` timestamp NULL DEFAULT NULL
) ENGINE=InnoDB DEFAULT CHARSET=utf8;

-- --------------------------------------------------------

--
-- Table structure for table `sma_expenses`
--

CREATE TABLE IF NOT EXISTS `sma_expenses` (
`id` int(11) NOT NULL,
  `date` timestamp NOT NULL DEFAULT CURRENT_TIMESTAMP,
  `reference` varchar(50) NOT NULL,
  `amount` decimal(25,4) NOT NULL,
  `note` varchar(1000) DEFAULT NULL,
  `created_by` varchar(55) NOT NULL,
  `attachment` varchar(55) DEFAULT NULL
) ENGINE=InnoDB DEFAULT CHARSET=utf8;

-- --------------------------------------------------------

--
-- Table structure for table `sma_gift_cards`
--

CREATE TABLE IF NOT EXISTS `sma_gift_cards` (
`id` int(11) NOT NULL,
  `date` timestamp NOT NULL DEFAULT CURRENT_TIMESTAMP,
  `card_no` varchar(20) NOT NULL,
  `value` decimal(25,4) NOT NULL,
  `customer_id` int(11) DEFAULT NULL,
  `customer` varchar(255) DEFAULT NULL,
  `balance` decimal(25,4) NOT NULL,
  `expiry` date DEFAULT NULL,
  `created_by` varchar(55) NOT NULL
) ENGINE=InnoDB DEFAULT CHARSET=utf8;

-- --------------------------------------------------------

--
-- Table structure for table `sma_groups`
--

CREATE TABLE IF NOT EXISTS `sma_groups` (
`id` mediumint(8) unsigned NOT NULL,
  `name` varchar(20) NOT NULL,
  `description` varchar(100) NOT NULL
) ENGINE=InnoDB AUTO_INCREMENT=6 DEFAULT CHARSET=utf8;

--
-- Dumping data for table `sma_groups`
--

INSERT INTO `sma_groups` (`id`, `name`, `description`) VALUES
(1, 'owner', 'Owner'),
(2, 'admin', 'Administrator'),
(3, 'customer', 'Customer'),
(4, 'supplier', 'Supplier'),
(5, 'sales', 'Sales Staff');

-- --------------------------------------------------------

--
-- Table structure for table `sma_items`
--

CREATE TABLE IF NOT EXISTS `sma_items` (
`id` int(11) NOT NULL,
  `item` varchar(255) COLLATE utf8_unicode_ci DEFAULT NULL,
  `specification` varchar(255) COLLATE utf8_unicode_ci DEFAULT NULL,
  `size_long` varchar(10) COLLATE utf8_unicode_ci DEFAULT NULL,
  `size_wide` varchar(10) COLLATE utf8_unicode_ci DEFAULT NULL,
  `unit_id` int(10) DEFAULT NULL,
  `unit` varchar(255) COLLATE utf8_unicode_ci DEFAULT NULL,
  `quantity` decimal(15,0) DEFAULT NULL,
  `warehouse_id` int(10) DEFAULT NULL,
  `warehouse` varchar(255) COLLATE utf8_unicode_ci DEFAULT NULL,
  `note` varchar(255) COLLATE utf8_unicode_ci DEFAULT NULL
) ENGINE=InnoDB AUTO_INCREMENT=22 DEFAULT CHARSET=utf8 COLLATE=utf8_unicode_ci;

--
-- Dumping data for table `sma_items`
--

INSERT INTO `sma_items` (`id`, `item`, `specification`, `size_long`, `size_wide`, `unit_id`, `unit`, `quantity`, `warehouse_id`, `warehouse`, `note`) VALUES
(2, 'Bao trắng', '800*1200', '0', '0', 3, 'Hộp', '29', 1, NULL, ''),
(3, 'Sơn xanh', '800*1200', '0', '0', 1, 'Cái', '30', 2, NULL, ''),
(4, 'Thép tấm', '800*1200', '0', '0', 2, 'Bao', '31', 1, NULL, ''),
(21, 'Nguyen vat lieu 1', 'Nguyen vat lieu 1', '0', '0', 1, 'Cái', '25', NULL, NULL, '');

-- --------------------------------------------------------

--
-- Table structure for table `sma_login_attempts`
--

CREATE TABLE IF NOT EXISTS `sma_login_attempts` (
`id` mediumint(8) unsigned NOT NULL,
  `ip_address` varbinary(16) NOT NULL,
  `login` varchar(100) NOT NULL,
  `time` int(11) unsigned DEFAULT NULL
) ENGINE=InnoDB DEFAULT CHARSET=utf8;

-- --------------------------------------------------------

--
-- Table structure for table `sma_machine`
--

CREATE TABLE IF NOT EXISTS `sma_machine` (
`id` int(11) NOT NULL,
  `id_machine_categories` int(11) NOT NULL,
  `machine_code` varchar(255) CHARACTER SET utf8 NOT NULL,
  `machine_name` varchar(255) CHARACTER SET utf8 NOT NULL,
  `machine_details` varchar(255) CHARACTER SET utf8 DEFAULT NULL,
  `machine_note` varchar(255) CHARACTER SET utf8 DEFAULT NULL
) ENGINE=InnoDB AUTO_INCREMENT=5 DEFAULT CHARSET=latin1;

--
-- Dumping data for table `sma_machine`
--

INSERT INTO `sma_machine` (`id`, `id_machine_categories`, `machine_code`, `machine_name`, `machine_details`, `machine_note`) VALUES
(1, 1, 'MA1', 'May 1', 'cfs', '<p>sdvc</p>'),
(2, 4, 'MA2', 'May 2', 'sdfvd', '<p>dfvdf</p>'),
(3, 1, 'MA3', 'May 3', '', ''),
(4, 4, 'MA4', 'May 4', '', '');

-- --------------------------------------------------------

--
-- Table structure for table `sma_machine_categories`
--

CREATE TABLE IF NOT EXISTS `sma_machine_categories` (
`id` int(11) NOT NULL,
  `categories_name` varchar(255) CHARACTER SET utf8 NOT NULL COMMENT 'Tên',
  `categories_details` varchar(255) CHARACTER SET utf8 DEFAULT NULL COMMENT 'Thông số chi tiết',
  `categories_note` varchar(255) CHARACTER SET utf8 DEFAULT NULL COMMENT 'Ghi chú'
) ENGINE=InnoDB AUTO_INCREMENT=5 DEFAULT CHARSET=latin1;

--
-- Dumping data for table `sma_machine_categories`
--

INSERT INTO `sma_machine_categories` (`id`, `categories_name`, `categories_details`, `categories_note`) VALUES
(1, 'Loai 1', 'Loai 1', '<p>Loai 1</p>'),
(4, 'Loai 2', 'Loai 2', '');

-- --------------------------------------------------------

--
-- Table structure for table `sma_migrations`
--

CREATE TABLE IF NOT EXISTS `sma_migrations` (
  `version` bigint(20) NOT NULL
) ENGINE=InnoDB DEFAULT CHARSET=utf8;

--
-- Dumping data for table `sma_migrations`
--

INSERT INTO `sma_migrations` (`version`) VALUES
(306);

-- --------------------------------------------------------

--
-- Table structure for table `sma_notifications`
--

CREATE TABLE IF NOT EXISTS `sma_notifications` (
`id` int(11) NOT NULL,
  `comment` text NOT NULL,
  `date` timestamp NOT NULL DEFAULT CURRENT_TIMESTAMP,
  `from_date` datetime DEFAULT NULL,
  `till_date` datetime DEFAULT NULL,
  `scope` tinyint(1) NOT NULL DEFAULT '3'
) ENGINE=InnoDB AUTO_INCREMENT=2 DEFAULT CHARSET=utf8;

--
-- Dumping data for table `sma_notifications`
--

INSERT INTO `sma_notifications` (`id`, `comment`, `date`, `from_date`, `till_date`, `scope`) VALUES
(1, '<p>Thank you for purchasing Stock Manager Advance.</p>', '2014-08-15 10:00:57', '2015-01-01 00:00:00', '2017-01-01 00:00:00', 3);

-- --------------------------------------------------------

--
-- Table structure for table `sma_order_ref`
--

CREATE TABLE IF NOT EXISTS `sma_order_ref` (
`ref_id` int(11) NOT NULL,
  `date` date NOT NULL,
  `so` int(11) NOT NULL DEFAULT '1',
  `qu` int(11) NOT NULL DEFAULT '1',
  `po` int(11) NOT NULL DEFAULT '1',
  `to` int(11) NOT NULL DEFAULT '1',
  `pos` int(11) NOT NULL DEFAULT '1',
  `do` int(11) NOT NULL DEFAULT '1',
  `pay` int(11) NOT NULL DEFAULT '1',
  `re` int(11) NOT NULL DEFAULT '1',
  `ex` int(11) NOT NULL DEFAULT '1',
  `prod` int(11) DEFAULT '0'
) ENGINE=InnoDB AUTO_INCREMENT=2 DEFAULT CHARSET=utf8;

--
-- Dumping data for table `sma_order_ref`
--

INSERT INTO `sma_order_ref` (`ref_id`, `date`, `so`, `qu`, `po`, `to`, `pos`, `do`, `pay`, `re`, `ex`, `prod`) VALUES
(1, '2015-03-01', 3, 1, 1, 1, 9, 1, 14, 1, 1, 2);

-- --------------------------------------------------------

--
-- Table structure for table `sma_payments`
--

CREATE TABLE IF NOT EXISTS `sma_payments` (
`id` int(11) NOT NULL,
  `date` timestamp NULL DEFAULT CURRENT_TIMESTAMP,
  `sale_id` int(11) DEFAULT NULL,
  `return_id` int(11) DEFAULT NULL,
  `purchase_id` int(11) DEFAULT NULL,
  `reference_no` varchar(50) NOT NULL,
  `transaction_id` varchar(50) DEFAULT NULL,
  `paid_by` varchar(20) NOT NULL,
  `cheque_no` varchar(20) DEFAULT NULL,
  `cc_no` varchar(20) DEFAULT NULL,
  `cc_holder` varchar(25) DEFAULT NULL,
  `cc_month` varchar(2) DEFAULT NULL,
  `cc_year` varchar(4) DEFAULT NULL,
  `cc_type` varchar(20) DEFAULT NULL,
  `amount` decimal(25,4) NOT NULL,
  `currency` varchar(3) DEFAULT NULL,
  `created_by` int(11) NOT NULL,
  `attachment` varchar(55) DEFAULT NULL,
  `type` varchar(20) NOT NULL,
  `note` varchar(1000) DEFAULT NULL,
  `pos_paid` decimal(25,4) DEFAULT '0.0000',
  `pos_balance` decimal(25,4) DEFAULT '0.0000'
) ENGINE=InnoDB AUTO_INCREMENT=8 DEFAULT CHARSET=utf8;

--
-- Dumping data for table `sma_payments`
--

INSERT INTO `sma_payments` (`id`, `date`, `sale_id`, `return_id`, `purchase_id`, `reference_no`, `transaction_id`, `paid_by`, `cheque_no`, `cc_no`, `cc_holder`, `cc_month`, `cc_year`, `cc_type`, `amount`, `currency`, `created_by`, `attachment`, `type`, `note`, `pos_paid`, `pos_balance`) VALUES
(1, '2017-03-21 19:04:22', 1, NULL, NULL, 'IPAY/2017/03/0001', NULL, 'cash', '', '', '', '', '', '', '52000.0000', NULL, 1, NULL, 'received', '', '52000.0000', '0.0000'),
(2, '2017-03-23 21:23:28', 2, NULL, NULL, 'IPAY/2017/03/0003', NULL, 'cash', '', '', '', '', '', '', '109000.0000', NULL, 1, NULL, 'received', '', '218000.0000', '109000.0000'),
(3, '2017-03-23 20:38:00', 4, NULL, NULL, 'IPAY/2017/03/0005', NULL, 'cash', '', '', '', '', '', 'Visa', '515000.0000', NULL, 1, NULL, 'received', '', '0.0000', '0.0000'),
(4, '2017-04-09 20:55:13', 5, NULL, NULL, 'IPAY/2017/04/0006', NULL, 'cash', '', '', '', '', '', '', '270000.0000', NULL, 1, NULL, 'received', '', '817650.0000', '547650.0000'),
(5, '2017-04-09 21:01:18', 6, NULL, NULL, 'IPAY/2017/04/0008', NULL, 'cash', '', '', '', '', '', '', '240000.0000', NULL, 1, NULL, 'received', '', '5000000.0000', '4760000.0000'),
(6, '2017-04-09 21:08:16', 9, NULL, NULL, 'IPAY/2017/04/0010', NULL, 'cash', '', '', '', '', '', '', '60000.0000', NULL, 1, NULL, 'received', '', '65000.0000', '5000.0000'),
(7, '2017-04-09 21:10:32', 10, NULL, NULL, 'IPAY/2017/04/0012', NULL, 'cash', '', '', '', '', '', '', '33000.0000', NULL, 1, NULL, 'received', '', '65000.0000', '32000.0000');

-- --------------------------------------------------------

--
-- Table structure for table `sma_paypal`
--

CREATE TABLE IF NOT EXISTS `sma_paypal` (
  `id` int(11) NOT NULL,
  `active` tinyint(4) NOT NULL,
  `account_email` varchar(255) NOT NULL,
  `paypal_currency` varchar(3) NOT NULL DEFAULT 'USD',
  `fixed_charges` decimal(25,4) NOT NULL DEFAULT '2.0000',
  `extra_charges_my` decimal(25,4) NOT NULL DEFAULT '3.9000',
  `extra_charges_other` decimal(25,4) NOT NULL DEFAULT '4.4000'
) ENGINE=InnoDB DEFAULT CHARSET=utf8;

--
-- Dumping data for table `sma_paypal`
--

INSERT INTO `sma_paypal` (`id`, `active`, `account_email`, `paypal_currency`, `fixed_charges`, `extra_charges_my`, `extra_charges_other`) VALUES
(1, 1, 'mypaypal@paypal.com', 'USD', '0.0000', '0.0000', '0.0000');

-- --------------------------------------------------------

--
-- Table structure for table `sma_permissions`
--

CREATE TABLE IF NOT EXISTS `sma_permissions` (
`id` int(11) NOT NULL,
  `group_id` int(11) NOT NULL,
  `products-index` tinyint(1) DEFAULT '0',
  `products-add` tinyint(1) DEFAULT '0',
  `products-edit` tinyint(1) DEFAULT '0',
  `products-delete` tinyint(1) DEFAULT '0',
  `products-cost` tinyint(1) DEFAULT '0',
  `products-price` tinyint(1) DEFAULT '0',
  `quotes-index` tinyint(1) DEFAULT '0',
  `quotes-add` tinyint(1) DEFAULT '0',
  `quotes-edit` tinyint(1) DEFAULT '0',
  `quotes-pdf` tinyint(1) DEFAULT '0',
  `quotes-email` tinyint(1) DEFAULT '0',
  `quotes-delete` tinyint(1) DEFAULT '0',
  `sales-index` tinyint(1) DEFAULT '0',
  `sales-add` tinyint(1) DEFAULT '0',
  `sales-edit` tinyint(1) DEFAULT '0',
  `sales-pdf` tinyint(1) DEFAULT '0',
  `sales-email` tinyint(1) DEFAULT '0',
  `sales-delete` tinyint(1) DEFAULT '0',
  `purchases-index` tinyint(1) DEFAULT '0',
  `purchases-add` tinyint(1) DEFAULT '0',
  `purchases-edit` tinyint(1) DEFAULT '0',
  `purchases-pdf` tinyint(1) DEFAULT '0',
  `purchases-email` tinyint(1) DEFAULT '0',
  `purchases-delete` tinyint(1) DEFAULT '0',
  `transfers-index` tinyint(1) DEFAULT '0',
  `transfers-add` tinyint(1) DEFAULT '0',
  `transfers-edit` tinyint(1) DEFAULT '0',
  `transfers-pdf` tinyint(1) DEFAULT '0',
  `transfers-email` tinyint(1) DEFAULT '0',
  `transfers-delete` tinyint(1) DEFAULT '0',
  `customers-index` tinyint(1) DEFAULT '0',
  `customers-add` tinyint(1) DEFAULT '0',
  `customers-edit` tinyint(1) DEFAULT '0',
  `customers-delete` tinyint(1) DEFAULT '0',
  `suppliers-index` tinyint(1) DEFAULT '0',
  `suppliers-add` tinyint(1) DEFAULT '0',
  `suppliers-edit` tinyint(1) DEFAULT '0',
  `suppliers-delete` tinyint(1) DEFAULT '0',
  `sales-deliveries` tinyint(1) DEFAULT '0',
  `sales-add_delivery` tinyint(1) DEFAULT '0',
  `sales-edit_delivery` tinyint(1) DEFAULT '0',
  `sales-delete_delivery` tinyint(1) DEFAULT '0',
  `sales-email_delivery` tinyint(1) DEFAULT '0',
  `sales-pdf_delivery` tinyint(1) DEFAULT '0',
  `sales-gift_cards` tinyint(1) DEFAULT '0',
  `sales-add_gift_card` tinyint(1) DEFAULT '0',
  `sales-edit_gift_card` tinyint(1) DEFAULT '0',
  `sales-delete_gift_card` tinyint(1) DEFAULT '0',
  `pos-index` tinyint(1) DEFAULT '0',
  `sales-return_sales` tinyint(1) DEFAULT '0',
  `reports-index` tinyint(1) DEFAULT '0',
  `reports-warehouse_stock` tinyint(1) DEFAULT '0',
  `reports-quantity_alerts` tinyint(1) DEFAULT '0',
  `reports-expiry_alerts` tinyint(1) DEFAULT '0',
  `reports-products` tinyint(1) DEFAULT '0',
  `reports-daily_sales` tinyint(1) DEFAULT '0',
  `reports-monthly_sales` tinyint(1) DEFAULT '0',
  `reports-sales` tinyint(1) DEFAULT '0',
  `reports-payments` tinyint(1) DEFAULT '0',
  `reports-purchases` tinyint(1) DEFAULT '0',
  `reports-profit_loss` tinyint(1) DEFAULT '0',
  `reports-customers` tinyint(1) DEFAULT '0',
  `reports-suppliers` tinyint(1) DEFAULT '0',
  `reports-staff` tinyint(1) DEFAULT '0',
  `reports-register` tinyint(1) DEFAULT '0',
  `sales-payments` tinyint(1) DEFAULT '0',
  `purchases-payments` tinyint(1) DEFAULT '0',
  `purchases-expenses` tinyint(1) DEFAULT '0'
) ENGINE=InnoDB AUTO_INCREMENT=2 DEFAULT CHARSET=utf8;

--
-- Dumping data for table `sma_permissions`
--

INSERT INTO `sma_permissions` (`id`, `group_id`, `products-index`, `products-add`, `products-edit`, `products-delete`, `products-cost`, `products-price`, `quotes-index`, `quotes-add`, `quotes-edit`, `quotes-pdf`, `quotes-email`, `quotes-delete`, `sales-index`, `sales-add`, `sales-edit`, `sales-pdf`, `sales-email`, `sales-delete`, `purchases-index`, `purchases-add`, `purchases-edit`, `purchases-pdf`, `purchases-email`, `purchases-delete`, `transfers-index`, `transfers-add`, `transfers-edit`, `transfers-pdf`, `transfers-email`, `transfers-delete`, `customers-index`, `customers-add`, `customers-edit`, `customers-delete`, `suppliers-index`, `suppliers-add`, `suppliers-edit`, `suppliers-delete`, `sales-deliveries`, `sales-add_delivery`, `sales-edit_delivery`, `sales-delete_delivery`, `sales-email_delivery`, `sales-pdf_delivery`, `sales-gift_cards`, `sales-add_gift_card`, `sales-edit_gift_card`, `sales-delete_gift_card`, `pos-index`, `sales-return_sales`, `reports-index`, `reports-warehouse_stock`, `reports-quantity_alerts`, `reports-expiry_alerts`, `reports-products`, `reports-daily_sales`, `reports-monthly_sales`, `reports-sales`, `reports-payments`, `reports-purchases`, `reports-profit_loss`, `reports-customers`, `reports-suppliers`, `reports-staff`, `reports-register`, `sales-payments`, `purchases-payments`, `purchases-expenses`) VALUES
(1, 5, 1, 0, 0, 0, 0, 0, 1, 1, 1, 1, 1, 0, 1, 1, 0, 1, 1, 0, 0, 0, 0, 0, 0, 0, 0, 0, 0, 0, 0, 0, 1, 1, 1, 0, 0, 0, 0, 0, 1, 1, 1, 0, 0, 1, 1, 1, 0, 0, 1, 0, 0, 0, 0, 0, 0, 0, 0, 0, 0, 0, 0, 0, 0, 0, 0, 0, 0, 0);

-- --------------------------------------------------------

--
-- Table structure for table `sma_pos_register`
--

CREATE TABLE IF NOT EXISTS `sma_pos_register` (
`id` int(11) NOT NULL,
  `date` timestamp NOT NULL DEFAULT CURRENT_TIMESTAMP,
  `user_id` int(11) NOT NULL,
  `cash_in_hand` decimal(25,4) NOT NULL,
  `status` varchar(10) NOT NULL,
  `total_cash` decimal(25,4) DEFAULT NULL,
  `total_cheques` int(11) DEFAULT NULL,
  `total_cc_slips` int(11) DEFAULT NULL,
  `total_cash_submitted` decimal(25,4) NOT NULL,
  `total_cheques_submitted` int(11) NOT NULL,
  `total_cc_slips_submitted` int(11) NOT NULL,
  `note` text,
  `closed_at` timestamp NULL DEFAULT NULL,
  `transfer_opened_bills` varchar(50) DEFAULT NULL,
  `closed_by` int(11) DEFAULT NULL
) ENGINE=InnoDB AUTO_INCREMENT=2 DEFAULT CHARSET=utf8;

--
-- Dumping data for table `sma_pos_register`
--

INSERT INTO `sma_pos_register` (`id`, `date`, `user_id`, `cash_in_hand`, `status`, `total_cash`, `total_cheques`, `total_cc_slips`, `total_cash_submitted`, `total_cheques_submitted`, `total_cc_slips_submitted`, `note`, `closed_at`, `transfer_opened_bills`, `closed_by`) VALUES
(1, '2017-03-19 05:20:11', 1, '1222.0000', 'open', NULL, NULL, NULL, '0.0000', 0, 0, NULL, NULL, NULL, NULL);

-- --------------------------------------------------------

--
-- Table structure for table `sma_pos_settings`
--

CREATE TABLE IF NOT EXISTS `sma_pos_settings` (
  `pos_id` int(1) NOT NULL,
  `cat_limit` int(11) NOT NULL,
  `pro_limit` int(11) NOT NULL,
  `default_category` int(11) NOT NULL,
  `default_customer` int(11) NOT NULL,
  `default_biller` int(11) NOT NULL,
  `display_time` varchar(3) NOT NULL DEFAULT 'yes',
  `cf_title1` varchar(255) DEFAULT NULL,
  `cf_title2` varchar(255) DEFAULT NULL,
  `cf_value1` varchar(255) DEFAULT NULL,
  `cf_value2` varchar(255) DEFAULT NULL,
  `receipt_printer` varchar(55) DEFAULT NULL,
  `cash_drawer_codes` varchar(55) DEFAULT NULL,
  `focus_add_item` varchar(55) DEFAULT NULL,
  `add_manual_product` varchar(55) DEFAULT NULL,
  `customer_selection` varchar(55) DEFAULT NULL,
  `add_customer` varchar(55) DEFAULT NULL,
  `toggle_category_slider` varchar(55) DEFAULT NULL,
  `toggle_subcategory_slider` varchar(55) DEFAULT NULL,
  `cancel_sale` varchar(55) DEFAULT NULL,
  `suspend_sale` varchar(55) DEFAULT NULL,
  `print_items_list` varchar(55) DEFAULT NULL,
  `finalize_sale` varchar(55) DEFAULT NULL,
  `today_sale` varchar(55) DEFAULT NULL,
  `open_hold_bills` varchar(55) DEFAULT NULL,
  `close_register` varchar(55) DEFAULT NULL,
  `keyboard` tinyint(1) NOT NULL,
  `pos_printers` varchar(255) DEFAULT NULL,
  `java_applet` tinyint(1) NOT NULL,
  `product_button_color` varchar(20) NOT NULL DEFAULT 'default',
  `tooltips` tinyint(1) DEFAULT '1',
  `paypal_pro` tinyint(1) DEFAULT '0',
  `stripe` tinyint(1) DEFAULT '0',
  `rounding` tinyint(1) DEFAULT '0',
  `char_per_line` tinyint(4) DEFAULT '42',
  `pin_code` varchar(20) DEFAULT NULL,
  `purchase_code` varchar(100) DEFAULT 'purchase_code',
  `envato_username` varchar(50) DEFAULT 'envato_username',
  `version` varchar(10) DEFAULT '3.0.1.13'
) ENGINE=InnoDB DEFAULT CHARSET=utf8;

--
-- Dumping data for table `sma_pos_settings`
--

INSERT INTO `sma_pos_settings` (`pos_id`, `cat_limit`, `pro_limit`, `default_category`, `default_customer`, `default_biller`, `display_time`, `cf_title1`, `cf_title2`, `cf_value1`, `cf_value2`, `receipt_printer`, `cash_drawer_codes`, `focus_add_item`, `add_manual_product`, `customer_selection`, `add_customer`, `toggle_category_slider`, `toggle_subcategory_slider`, `cancel_sale`, `suspend_sale`, `print_items_list`, `finalize_sale`, `today_sale`, `open_hold_bills`, `close_register`, `keyboard`, `pos_printers`, `java_applet`, `product_button_color`, `tooltips`, `paypal_pro`, `stripe`, `rounding`, `char_per_line`, `pin_code`, `purchase_code`, `envato_username`, `version`) VALUES
(1, 22, 20, 1, 1, 3, '1', 'GST Reg', 'VAT Reg', '123456789', '987654321', 'BIXOLON SRP-350II', 'x1C', 'Ctrl+F3', 'Ctrl+Shift+M', 'Ctrl+Shift+C', 'Ctrl+Shift+A', 'Ctrl+F11', 'Ctrl+F12', 'F4', 'F7', 'F9', 'F8', 'Ctrl+F1', 'Ctrl+F2', 'Ctrl+F10', 1, 'BIXOLON SRP-350II, BIXOLON SRP-350II', 0, 'default', 1, 0, 0, 0, 42, NULL, 'purchase_code', 'envato_username', '3.0.1.13');

-- --------------------------------------------------------

--
-- Table structure for table `sma_productions`
--

CREATE TABLE IF NOT EXISTS `sma_productions` (
`id` int(11) NOT NULL,
  `date` date DEFAULT NULL,
  `reference_no` varchar(55) DEFAULT NULL,
  `customer_id` int(11) DEFAULT NULL,
  `customer` varchar(55) DEFAULT NULL,
  `biller_id` int(11) DEFAULT NULL,
  `biller` varchar(55) DEFAULT NULL,
  `warehouse_id` int(11) DEFAULT NULL,
  `note` varchar(1000) DEFAULT NULL,
  `staff_note` varchar(1000) DEFAULT NULL,
  `total` decimal(25,4) DEFAULT NULL,
  `product_discount` decimal(25,4) DEFAULT '0.0000',
  `order_discount_id` varchar(20) DEFAULT NULL,
  `total_discount` decimal(25,4) DEFAULT '0.0000',
  `order_discount` decimal(25,4) DEFAULT '0.0000',
  `product_tax` decimal(25,4) DEFAULT '0.0000',
  `order_tax_id` int(11) DEFAULT NULL,
  `order_tax` decimal(25,4) DEFAULT '0.0000',
  `total_tax` decimal(25,4) DEFAULT '0.0000',
  `shipping` decimal(25,4) DEFAULT '0.0000',
  `grand_total` decimal(25,4) DEFAULT NULL,
  `sale_status` varchar(20) DEFAULT NULL,
  `payment_status` varchar(20) DEFAULT NULL,
  `payment_term` tinyint(4) DEFAULT NULL,
  `due_date` date DEFAULT NULL,
  `created_by` int(11) DEFAULT NULL,
  `updated_by` int(11) DEFAULT NULL,
  `updated_at` timestamp NULL DEFAULT NULL,
  `total_items` tinyint(4) DEFAULT NULL,
  `pos` tinyint(1) DEFAULT '0',
  `paid` decimal(25,4) DEFAULT '0.0000',
  `return_id` int(11) DEFAULT NULL,
  `surcharge` decimal(25,4) DEFAULT '0.0000',
  `attachment` varchar(55) DEFAULT NULL,
  `working` varchar(255) DEFAULT NULL
) ENGINE=InnoDB AUTO_INCREMENT=40 DEFAULT CHARSET=utf8;

--
-- Dumping data for table `sma_productions`
--

INSERT INTO `sma_productions` (`id`, `date`, `reference_no`, `customer_id`, `customer`, `biller_id`, `biller`, `warehouse_id`, `note`, `staff_note`, `total`, `product_discount`, `order_discount_id`, `total_discount`, `order_discount`, `product_tax`, `order_tax_id`, `order_tax`, `total_tax`, `shipping`, `grand_total`, `sale_status`, `payment_status`, `payment_term`, `due_date`, `created_by`, `updated_by`, `updated_at`, `total_items`, `pos`, `paid`, `return_id`, `surcharge`, `attachment`, `working`) VALUES
(39, '2017-06-26', 'DH001', 1, 'Walk-in Customer', NULL, NULL, 1, '', '', '10000.0000', '0.0000', NULL, '0.0000', '0.0000', '0.0000', NULL, '0.0000', '0.0000', '0.0000', '10000.0000', 'pending', NULL, NULL, '2017-06-26', 1, NULL, NULL, 10, 0, '0.0000', NULL, '0.0000', NULL, '');

-- --------------------------------------------------------

--
-- Table structure for table `sma_production_items`
--

CREATE TABLE IF NOT EXISTS `sma_production_items` (
`id` int(11) NOT NULL,
  `sale_id` int(11) unsigned DEFAULT NULL,
  `product_id` int(11) unsigned DEFAULT NULL,
  `product_code` varchar(55) DEFAULT NULL,
  `product_name` varchar(255) DEFAULT NULL,
  `product_type` varchar(20) DEFAULT NULL,
  `option_id` int(11) DEFAULT NULL,
  `net_unit_price` decimal(25,4) DEFAULT NULL,
  `unit_price` decimal(25,4) DEFAULT NULL,
  `quantity` decimal(15,4) DEFAULT NULL,
  `warehouse_id` int(11) DEFAULT NULL,
  `item_tax` decimal(25,4) DEFAULT NULL,
  `tax_rate_id` int(11) DEFAULT NULL,
  `tax` varchar(55) DEFAULT NULL,
  `discount` varchar(55) DEFAULT NULL,
  `item_discount` decimal(25,4) DEFAULT NULL,
  `subtotal` decimal(25,4) DEFAULT NULL,
  `serial_no` varchar(255) DEFAULT NULL,
  `real_unit_price` decimal(25,4) DEFAULT NULL
) ENGINE=InnoDB AUTO_INCREMENT=37 DEFAULT CHARSET=utf8;

--
-- Dumping data for table `sma_production_items`
--

INSERT INTO `sma_production_items` (`id`, `sale_id`, `product_id`, `product_code`, `product_name`, `product_type`, `option_id`, `net_unit_price`, `unit_price`, `quantity`, `warehouse_id`, `item_tax`, `tax_rate_id`, `tax`, `discount`, `item_discount`, `subtotal`, `serial_no`, `real_unit_price`) VALUES
(36, 39, 29, 'N122-30 (ND)', 'Đế trụ', 'null', NULL, '1000.0000', '1000.0000', '10.0000', 1, '0.0000', 0, '', NULL, '0.0000', '10000.0000', '', '1000.0000');

-- --------------------------------------------------------

--
-- Table structure for table `sma_products`
--

CREATE TABLE IF NOT EXISTS `sma_products` (
`id` int(11) NOT NULL,
  `code` varchar(50) DEFAULT NULL,
  `name` char(255) DEFAULT NULL,
  `unit` varchar(50) DEFAULT NULL,
  `cost` decimal(25,4) DEFAULT NULL,
  `price` decimal(25,4) DEFAULT NULL,
  `alert_quantity` decimal(15,4) DEFAULT '20.0000',
  `image` varchar(255) DEFAULT 'no_image.png',
  `category_id` int(11) DEFAULT NULL,
  `subcategory_id` int(11) DEFAULT NULL,
  `cf1` varchar(255) DEFAULT NULL,
  `cf2` varchar(255) DEFAULT NULL,
  `cf3` varchar(255) DEFAULT NULL,
  `cf4` text,
  `cf5` text,
  `cf6` varchar(255) DEFAULT NULL,
  `quantity` decimal(15,4) DEFAULT '0.0000',
  `tax_rate` int(11) DEFAULT NULL,
  `track_quantity` tinyint(1) DEFAULT '1',
  `details` varchar(1000) DEFAULT NULL,
  `warehouse` int(11) DEFAULT '1',
  `barcode_symbology` varchar(55) DEFAULT 'code128',
  `file` varchar(100) DEFAULT NULL,
  `product_details` text,
  `tax_method` tinyint(1) DEFAULT '0',
  `type` varchar(55) DEFAULT 'standard',
  `supplier1` int(11) DEFAULT NULL,
  `supplier1price` decimal(25,4) DEFAULT NULL,
  `supplier2` int(11) DEFAULT NULL,
  `supplier2price` decimal(25,4) DEFAULT NULL,
  `supplier3` int(11) DEFAULT NULL,
  `supplier3price` decimal(25,4) DEFAULT NULL,
  `supplier4` int(11) DEFAULT NULL,
  `supplier4price` decimal(25,4) DEFAULT NULL,
  `supplier5` int(11) DEFAULT NULL,
  `supplier5price` decimal(25,4) DEFAULT NULL
) ENGINE=InnoDB AUTO_INCREMENT=31 DEFAULT CHARSET=utf8;

--
-- Dumping data for table `sma_products`
--

INSERT INTO `sma_products` (`id`, `code`, `name`, `unit`, `cost`, `price`, `alert_quantity`, `image`, `category_id`, `subcategory_id`, `cf1`, `cf2`, `cf3`, `cf4`, `cf5`, `cf6`, `quantity`, `tax_rate`, `track_quantity`, `details`, `warehouse`, `barcode_symbology`, `file`, `product_details`, `tax_method`, `type`, `supplier1`, `supplier1price`, `supplier2`, `supplier2price`, `supplier3`, `supplier3price`, `supplier4`, `supplier4price`, `supplier5`, `supplier5price`) VALUES
(29, 'N122-30 (ND)', 'Đế trụ', 'Cai', NULL, '1000.0000', NULL, 'no_image.png', NULL, NULL, 'Quy cach', '1000', '2', '["gd1","gd2"]', '[{"id":"5","item":"Nvl1","quantity":"10"},{"id":"4","item":"Th\\u00e9p t\\u1ea5m","quantity":"5"}]', '3', '35.0000', NULL, 0, NULL, 1, NULL, NULL, '', NULL, NULL, NULL, NULL, NULL, NULL, NULL, NULL, NULL, NULL, NULL, NULL),
(30, 'XACAP', 'Xà đỡ cáp ngầm', 'Kg', NULL, '500.0000', NULL, 'no_image.png', NULL, NULL, 'Quy cach', '500', '3', '["GD1","GD2"]', '[{"id":"2","item":"Bao tr\\u1eafng","quantity":"10"},{"id":"4","item":"Th\\u00e9p t\\u1ea5m","quantity":"5"},{"id":"21","item":"Nguyen vat lieu 1","quantity":"3"}]', '2', '15.0000', NULL, 0, NULL, 1, NULL, NULL, '', NULL, NULL, NULL, NULL, NULL, NULL, NULL, NULL, NULL, NULL, NULL, NULL);

-- --------------------------------------------------------

--
-- Table structure for table `sma_product_photos`
--

CREATE TABLE IF NOT EXISTS `sma_product_photos` (
`id` int(11) NOT NULL,
  `product_id` int(11) NOT NULL,
  `photo` varchar(100) NOT NULL
) ENGINE=InnoDB DEFAULT CHARSET=utf8;

-- --------------------------------------------------------

--
-- Table structure for table `sma_product_variants`
--

CREATE TABLE IF NOT EXISTS `sma_product_variants` (
`id` int(11) NOT NULL,
  `product_id` int(11) NOT NULL,
  `name` varchar(55) NOT NULL,
  `cost` decimal(25,4) DEFAULT NULL,
  `price` decimal(25,4) DEFAULT NULL,
  `quantity` decimal(15,4) DEFAULT NULL
) ENGINE=InnoDB DEFAULT CHARSET=utf8;

-- --------------------------------------------------------

--
-- Table structure for table `sma_purchases`
--

CREATE TABLE IF NOT EXISTS `sma_purchases` (
`id` int(11) NOT NULL,
  `reference_no` varchar(55) NOT NULL,
  `date` timestamp NOT NULL DEFAULT CURRENT_TIMESTAMP,
  `supplier_id` int(11) NOT NULL,
  `supplier` varchar(55) NOT NULL,
  `warehouse_id` int(11) NOT NULL,
  `note` varchar(1000) NOT NULL,
  `total` decimal(25,4) DEFAULT NULL,
  `product_discount` decimal(25,4) DEFAULT NULL,
  `order_discount_id` varchar(20) DEFAULT NULL,
  `order_discount` decimal(25,4) DEFAULT NULL,
  `total_discount` decimal(25,4) DEFAULT NULL,
  `product_tax` decimal(25,4) DEFAULT NULL,
  `order_tax_id` int(11) DEFAULT NULL,
  `order_tax` decimal(25,4) DEFAULT NULL,
  `total_tax` decimal(25,4) DEFAULT '0.0000',
  `shipping` decimal(25,4) DEFAULT '0.0000',
  `grand_total` decimal(25,4) NOT NULL,
  `paid` decimal(25,4) NOT NULL DEFAULT '0.0000',
  `status` varchar(55) DEFAULT '',
  `payment_status` varchar(20) DEFAULT 'pending',
  `created_by` int(11) DEFAULT NULL,
  `updated_by` int(11) DEFAULT NULL,
  `updated_at` timestamp NULL DEFAULT NULL,
  `attachment` varchar(55) DEFAULT NULL
) ENGINE=InnoDB DEFAULT CHARSET=utf8;

-- --------------------------------------------------------

--
-- Table structure for table `sma_purchase_items`
--

CREATE TABLE IF NOT EXISTS `sma_purchase_items` (
`id` int(11) NOT NULL,
  `purchase_id` int(11) DEFAULT NULL,
  `transfer_id` int(11) DEFAULT NULL,
  `product_id` int(11) DEFAULT NULL,
  `item_id` int(10) DEFAULT NULL,
  `product_code` varchar(50) DEFAULT NULL,
  `product_name` varchar(255) DEFAULT NULL,
  `option_id` int(11) DEFAULT NULL,
  `net_unit_cost` decimal(25,4) DEFAULT NULL,
  `quantity` decimal(15,4) DEFAULT NULL,
  `warehouse_id` int(11) DEFAULT NULL,
  `item_tax` decimal(25,4) DEFAULT NULL,
  `tax_rate_id` int(11) DEFAULT NULL,
  `tax` varchar(20) DEFAULT NULL,
  `discount` varchar(20) DEFAULT NULL,
  `item_discount` decimal(25,4) DEFAULT NULL,
  `expiry` date DEFAULT NULL,
  `subtotal` decimal(25,4) DEFAULT NULL,
  `quantity_balance` decimal(15,4) DEFAULT '0.0000',
  `date` date DEFAULT NULL,
  `status` varchar(50) DEFAULT NULL,
  `unit_cost` decimal(25,4) DEFAULT NULL,
  `real_unit_cost` decimal(25,4) DEFAULT NULL
) ENGINE=InnoDB AUTO_INCREMENT=40 DEFAULT CHARSET=utf8;

--
-- Dumping data for table `sma_purchase_items`
--

INSERT INTO `sma_purchase_items` (`id`, `purchase_id`, `transfer_id`, `product_id`, `item_id`, `product_code`, `product_name`, `option_id`, `net_unit_cost`, `quantity`, `warehouse_id`, `item_tax`, `tax_rate_id`, `tax`, `discount`, `item_discount`, `expiry`, `subtotal`, `quantity_balance`, `date`, `status`, `unit_cost`, `real_unit_cost`) VALUES
(5, NULL, NULL, 29, NULL, 'N122-30 (ND)', 'Đế trụ ', NULL, NULL, '15.0000', 1, '0.0000', NULL, NULL, NULL, NULL, NULL, '0.0000', '15.0000', '2017-06-23', 'received', NULL, NULL),
(6, NULL, NULL, 29, NULL, 'N122-30 (ND)', 'Đế trụ ', NULL, NULL, '20.0000', 2, '0.0000', NULL, NULL, NULL, NULL, NULL, '0.0000', '20.0000', '2017-06-23', 'received', NULL, NULL),
(27, NULL, NULL, NULL, 20, NULL, 'Nguyen lieu test', NULL, NULL, '100.0000', 1, '0.0000', NULL, NULL, NULL, NULL, NULL, '0.0000', '100.0000', '2017-06-24', 'received', NULL, NULL),
(28, NULL, NULL, NULL, 20, NULL, 'Nguyen lieu test', NULL, NULL, '125.0000', 2, '0.0000', NULL, NULL, NULL, NULL, NULL, '0.0000', '125.0000', '2017-06-24', 'received', NULL, NULL),
(29, NULL, NULL, NULL, 20, NULL, 'Nguyen lieu test', NULL, NULL, '15.0000', 2, '0.0000', NULL, NULL, NULL, NULL, NULL, '0.0000', '15.0000', '2017-06-24', 'received', NULL, NULL),
(30, NULL, NULL, NULL, 20, NULL, 'Nguyen lieu test', NULL, NULL, '5.0000', 1, '0.0000', NULL, NULL, NULL, NULL, NULL, '0.0000', '5.0000', '2017-06-24', 'received', NULL, NULL),
(31, NULL, NULL, NULL, 20, NULL, 'Nguyen lieu test', NULL, NULL, '5.0000', 1, '0.0000', NULL, NULL, NULL, NULL, NULL, '0.0000', '5.0000', '2017-06-24', 'received', NULL, NULL),
(32, NULL, NULL, NULL, 20, NULL, 'Nguyen lieu test', NULL, NULL, '10.0000', 2, '0.0000', NULL, NULL, NULL, NULL, NULL, '0.0000', '10.0000', '2017-06-24', 'received', NULL, NULL),
(33, NULL, NULL, NULL, 20, NULL, 'Nguyen lieu test', NULL, NULL, '15.0000', 1, '0.0000', NULL, NULL, NULL, NULL, NULL, '0.0000', '15.0000', '2017-06-24', 'received', NULL, NULL),
(34, NULL, NULL, NULL, 20, NULL, 'Nguyen lieu test', NULL, NULL, '35.0000', 2, '0.0000', NULL, NULL, NULL, NULL, NULL, '0.0000', '35.0000', '2017-06-24', 'received', NULL, NULL),
(35, NULL, NULL, NULL, 20, NULL, 'Nguyen lieu test', NULL, NULL, '125.0000', 2, '0.0000', NULL, NULL, NULL, NULL, NULL, '0.0000', '125.0000', '2017-06-24', 'received', NULL, NULL),
(36, NULL, NULL, NULL, 21, NULL, 'Nguyen vat lieu 1', NULL, NULL, '15.0000', 1, '0.0000', NULL, NULL, NULL, NULL, NULL, '0.0000', '15.0000', '2017-06-26', 'received', NULL, NULL),
(37, NULL, NULL, NULL, 21, NULL, 'Nguyen vat lieu 1', NULL, NULL, '10.0000', 2, '0.0000', NULL, NULL, NULL, NULL, NULL, '0.0000', '10.0000', '2017-06-26', 'received', NULL, NULL),
(38, NULL, NULL, 30, NULL, 'XACAP', 'Xà đỡ cáp ngầm', NULL, NULL, '10.0000', 1, '0.0000', NULL, NULL, NULL, NULL, NULL, '0.0000', '10.0000', '2017-06-26', 'received', NULL, NULL),
(39, NULL, NULL, 30, NULL, 'XACAP', 'Xà đỡ cáp ngầm', NULL, NULL, '5.0000', 2, '0.0000', NULL, NULL, NULL, NULL, NULL, '0.0000', '5.0000', '2017-06-26', 'received', NULL, NULL);

-- --------------------------------------------------------

--
-- Table structure for table `sma_quotes`
--

CREATE TABLE IF NOT EXISTS `sma_quotes` (
`id` int(11) NOT NULL,
  `date` timestamp NOT NULL DEFAULT CURRENT_TIMESTAMP,
  `reference_no` varchar(55) NOT NULL,
  `customer_id` int(11) NOT NULL,
  `customer` varchar(55) NOT NULL,
  `warehouse_id` int(11) DEFAULT NULL,
  `biller_id` int(11) NOT NULL,
  `biller` varchar(55) NOT NULL,
  `note` varchar(1000) DEFAULT NULL,
  `internal_note` varchar(1000) DEFAULT NULL,
  `total` decimal(25,4) NOT NULL,
  `product_discount` decimal(25,4) DEFAULT '0.0000',
  `order_discount` decimal(25,4) DEFAULT NULL,
  `order_discount_id` varchar(20) DEFAULT NULL,
  `total_discount` decimal(25,4) DEFAULT '0.0000',
  `product_tax` decimal(25,4) DEFAULT '0.0000',
  `order_tax_id` int(11) DEFAULT NULL,
  `order_tax` decimal(25,4) DEFAULT NULL,
  `total_tax` decimal(25,4) DEFAULT NULL,
  `shipping` decimal(25,4) DEFAULT '0.0000',
  `grand_total` decimal(25,4) NOT NULL,
  `status` varchar(20) DEFAULT NULL,
  `created_by` int(11) DEFAULT NULL,
  `updated_by` int(11) DEFAULT NULL,
  `updated_at` timestamp NULL DEFAULT NULL,
  `attachment` varchar(55) DEFAULT NULL
) ENGINE=InnoDB DEFAULT CHARSET=utf8;

-- --------------------------------------------------------

--
-- Table structure for table `sma_quote_items`
--

CREATE TABLE IF NOT EXISTS `sma_quote_items` (
`id` int(11) NOT NULL,
  `quote_id` int(11) NOT NULL,
  `product_id` int(11) NOT NULL,
  `product_code` varchar(55) NOT NULL,
  `product_name` varchar(255) NOT NULL,
  `product_type` varchar(20) DEFAULT NULL,
  `option_id` int(11) DEFAULT NULL,
  `net_unit_price` decimal(25,4) NOT NULL,
  `unit_price` decimal(25,4) DEFAULT NULL,
  `quantity` decimal(15,4) NOT NULL,
  `warehouse_id` int(11) DEFAULT NULL,
  `item_tax` decimal(25,4) DEFAULT NULL,
  `tax_rate_id` int(11) DEFAULT NULL,
  `tax` varchar(55) DEFAULT NULL,
  `discount` varchar(55) DEFAULT NULL,
  `item_discount` decimal(25,4) DEFAULT NULL,
  `subtotal` decimal(25,4) NOT NULL,
  `serial_no` varchar(255) DEFAULT NULL,
  `real_unit_price` decimal(25,4) DEFAULT NULL
) ENGINE=InnoDB DEFAULT CHARSET=utf8;

-- --------------------------------------------------------

--
-- Table structure for table `sma_return_items`
--

CREATE TABLE IF NOT EXISTS `sma_return_items` (
`id` int(11) NOT NULL,
  `sale_id` int(11) unsigned NOT NULL,
  `return_id` int(11) unsigned NOT NULL,
  `sale_item_id` int(11) DEFAULT NULL,
  `product_id` int(11) unsigned NOT NULL,
  `product_code` varchar(55) NOT NULL,
  `product_name` varchar(255) NOT NULL,
  `product_type` varchar(20) DEFAULT NULL,
  `option_id` int(11) DEFAULT NULL,
  `net_unit_price` decimal(25,4) NOT NULL,
  `quantity` decimal(15,4) DEFAULT '0.0000',
  `warehouse_id` int(11) DEFAULT NULL,
  `item_tax` decimal(25,4) DEFAULT NULL,
  `tax_rate_id` int(11) DEFAULT NULL,
  `tax` varchar(55) DEFAULT NULL,
  `discount` varchar(55) DEFAULT NULL,
  `item_discount` decimal(25,4) DEFAULT NULL,
  `subtotal` decimal(25,4) NOT NULL,
  `serial_no` varchar(255) DEFAULT NULL,
  `real_unit_price` decimal(25,4) DEFAULT NULL
) ENGINE=InnoDB DEFAULT CHARSET=utf8;

-- --------------------------------------------------------

--
-- Table structure for table `sma_return_sales`
--

CREATE TABLE IF NOT EXISTS `sma_return_sales` (
`id` int(11) NOT NULL,
  `sale_id` int(11) NOT NULL,
  `date` timestamp NOT NULL DEFAULT CURRENT_TIMESTAMP,
  `reference_no` varchar(55) NOT NULL,
  `customer_id` int(11) NOT NULL,
  `customer` varchar(55) NOT NULL,
  `biller_id` int(11) NOT NULL,
  `biller` varchar(55) NOT NULL,
  `warehouse_id` int(11) DEFAULT NULL,
  `note` varchar(1000) DEFAULT NULL,
  `total` decimal(25,4) NOT NULL,
  `product_discount` decimal(25,4) DEFAULT '0.0000',
  `order_discount_id` varchar(20) DEFAULT NULL,
  `total_discount` decimal(25,4) DEFAULT '0.0000',
  `order_discount` decimal(25,4) DEFAULT '0.0000',
  `product_tax` decimal(25,4) DEFAULT '0.0000',
  `order_tax_id` int(11) DEFAULT NULL,
  `order_tax` decimal(25,4) DEFAULT '0.0000',
  `total_tax` decimal(25,4) DEFAULT '0.0000',
  `surcharge` decimal(25,4) DEFAULT '0.0000',
  `grand_total` decimal(25,4) NOT NULL,
  `created_by` int(11) DEFAULT NULL,
  `updated_by` int(11) DEFAULT NULL,
  `updated_at` timestamp NULL DEFAULT NULL,
  `attachment` varchar(55) DEFAULT NULL
) ENGINE=InnoDB DEFAULT CHARSET=utf8;

-- --------------------------------------------------------

--
-- Table structure for table `sma_sales`
--

CREATE TABLE IF NOT EXISTS `sma_sales` (
`id` int(11) NOT NULL,
  `date` timestamp NULL DEFAULT CURRENT_TIMESTAMP,
  `reference_no` varchar(55) DEFAULT NULL,
  `customer_id` int(11) DEFAULT NULL,
  `customer` varchar(55) DEFAULT NULL,
  `implementation_unit` varchar(255) DEFAULT NULL,
  `biller_id` int(11) DEFAULT NULL,
  `biller` varchar(55) DEFAULT NULL,
  `warehouse_id` int(11) DEFAULT NULL,
  `note` varchar(1000) DEFAULT NULL,
  `staff_note` varchar(1000) DEFAULT NULL,
  `total` decimal(25,4) DEFAULT NULL,
  `product_discount` decimal(25,4) DEFAULT '0.0000',
  `order_discount_id` varchar(20) DEFAULT NULL,
  `total_discount` decimal(25,4) DEFAULT '0.0000',
  `order_discount` decimal(25,4) DEFAULT '0.0000',
  `product_tax` decimal(25,4) DEFAULT '0.0000',
  `order_tax_id` int(11) DEFAULT NULL,
  `order_tax` decimal(25,4) DEFAULT '0.0000',
  `total_tax` decimal(25,4) DEFAULT '0.0000',
  `shipping` decimal(25,4) DEFAULT '0.0000',
  `grand_total` decimal(25,4) DEFAULT NULL,
  `sale_status` varchar(20) DEFAULT NULL,
  `payment_status` varchar(20) DEFAULT NULL,
  `payment_term` tinyint(4) DEFAULT NULL,
  `due_date` date DEFAULT NULL,
  `created_by` int(11) DEFAULT NULL,
  `updated_by` int(11) DEFAULT NULL,
  `updated_at` timestamp NULL DEFAULT NULL,
  `total_items` tinyint(4) DEFAULT NULL,
  `pos` tinyint(1) DEFAULT '0',
  `paid` decimal(25,4) DEFAULT '0.0000',
  `return_id` int(11) DEFAULT NULL,
  `surcharge` decimal(25,4) DEFAULT '0.0000',
  `attachment` varchar(55) DEFAULT NULL
) ENGINE=InnoDB AUTO_INCREMENT=11 DEFAULT CHARSET=utf8;

--
-- Dumping data for table `sma_sales`
--

INSERT INTO `sma_sales` (`id`, `date`, `reference_no`, `customer_id`, `customer`, `implementation_unit`, `biller_id`, `biller`, `warehouse_id`, `note`, `staff_note`, `total`, `product_discount`, `order_discount_id`, `total_discount`, `order_discount`, `product_tax`, `order_tax_id`, `order_tax`, `total_tax`, `shipping`, `grand_total`, `sale_status`, `payment_status`, `payment_term`, `due_date`, `created_by`, `updated_by`, `updated_at`, `total_items`, `pos`, `paid`, `return_id`, `surcharge`, `attachment`) VALUES
(1, '2017-03-21 19:04:22', 'SALE/POS/2017/03/0001', 1, 'Walk-in Customer', NULL, 3, 'Test Biller', 1, '', '', '52000.0000', '0.0000', NULL, '0.0000', '0.0000', '0.0000', 1, '0.0000', '0.0000', '0.0000', '52000.0000', 'completed', 'paid', 0, NULL, 1, NULL, NULL, 3, 1, '52000.0000', NULL, '0.0000', NULL),
(2, '2017-03-23 21:23:28', 'SALE/POS/2017/03/0002', 1, 'Walk-in Customer', NULL, 3, 'Test Biller', 1, '', '', '109000.0000', '0.0000', NULL, '0.0000', '0.0000', '0.0000', 1, '0.0000', '0.0000', '0.0000', '109000.0000', 'completed', 'paid', 0, NULL, 1, NULL, NULL, 7, 1, '109000.0000', NULL, '0.0000', NULL),
(3, '2017-03-23 20:25:00', 'SALE/2017/03/0001', 1, 'Walk-in Customer', NULL, 3, 'Test Biller', 1, '', '', '445000.0000', '0.0000', NULL, '0.0000', '0.0000', '0.0000', 1, '0.0000', '0.0000', '0.0000', '445000.0000', 'completed', 'pending', 0, NULL, 1, NULL, NULL, 1, 0, '0.0000', NULL, '0.0000', NULL),
(4, '2017-03-23 20:38:00', 'SALE/2017/03/0002', 4, 'tư nhân', NULL, 3, 'Test Biller', 1, '', '', '515000.0000', '0.0000', NULL, '0.0000', '0.0000', '0.0000', 1, '0.0000', '0.0000', '0.0000', '515000.0000', 'completed', 'paid', 0, NULL, 1, NULL, NULL, 2, 0, '515000.0000', NULL, '0.0000', NULL),
(5, '2017-04-09 20:55:13', 'SALE/POS/2017/04/0003', 1, 'Walk-in Customer', NULL, 3, 'Test Biller', 1, '', '', '270000.0000', '0.0000', NULL, '0.0000', '0.0000', '0.0000', 1, '0.0000', '0.0000', '0.0000', '270000.0000', 'completed', 'paid', 0, NULL, 1, NULL, NULL, 9, 1, '270000.0000', NULL, '0.0000', NULL),
(6, '2017-04-09 21:01:18', 'SALE/POS/2017/04/0004', 1, 'Walk-in Customer', NULL, 3, 'Test Biller', 1, '', '', '300000.0000', '0.0000', '20%', '60000.0000', '60000.0000', '0.0000', 1, '0.0000', '0.0000', '0.0000', '240000.0000', 'completed', 'paid', 0, NULL, 1, NULL, NULL, 10, 1, '240000.0000', NULL, '0.0000', NULL),
(7, '2017-04-09 21:05:08', 'SALE/POS/2017/04/0005', 1, 'Walk-in Customer', NULL, 3, 'Test Biller', 1, '', '', '60000.0000', '0.0000', NULL, '0.0000', '0.0000', '0.0000', 1, '0.0000', '0.0000', '0.0000', '60000.0000', 'completed', 'due', 0, NULL, 1, NULL, NULL, 2, 1, '0.0000', NULL, '0.0000', NULL),
(8, '2017-04-09 21:06:39', 'SALE/POS/2017/04/0006', 1, 'Walk-in Customer', NULL, 3, 'Test Biller', 1, '', '', '60000.0000', '0.0000', NULL, '0.0000', '0.0000', '0.0000', 1, '0.0000', '0.0000', '0.0000', '60000.0000', 'completed', 'due', 0, NULL, 1, NULL, NULL, 2, 1, '0.0000', NULL, '0.0000', NULL),
(9, '2017-04-09 21:08:16', 'SALE/POS/2017/04/0007', 1, 'Walk-in Customer', NULL, 3, 'Test Biller', 1, '', '', '60000.0000', '0.0000', NULL, '0.0000', '0.0000', '0.0000', 1, '0.0000', '0.0000', '0.0000', '60000.0000', 'completed', 'paid', 0, NULL, 1, NULL, NULL, 2, 1, '60000.0000', NULL, '0.0000', NULL),
(10, '2017-04-09 21:10:32', 'SALE/POS/2017/04/0008', 1, 'Walk-in Customer', NULL, 3, 'Test Biller', 1, '', '', '30000.0000', '0.0000', NULL, '0.0000', '0.0000', '0.0000', 2, '3000.0000', '3000.0000', '0.0000', '33000.0000', 'completed', 'paid', 0, NULL, 1, NULL, NULL, 1, 1, '33000.0000', NULL, '0.0000', NULL);

-- --------------------------------------------------------

--
-- Table structure for table `sma_sale_items`
--

CREATE TABLE IF NOT EXISTS `sma_sale_items` (
`id` int(11) NOT NULL,
  `sale_id` int(11) unsigned NOT NULL,
  `product_id` int(11) unsigned NOT NULL,
  `product_code` varchar(55) NOT NULL,
  `product_name` varchar(255) NOT NULL,
  `product_type` varchar(20) DEFAULT NULL,
  `option_id` int(11) DEFAULT NULL,
  `net_unit_price` decimal(25,4) NOT NULL,
  `unit_price` decimal(25,4) DEFAULT NULL,
  `quantity` decimal(15,4) NOT NULL,
  `warehouse_id` int(11) DEFAULT NULL,
  `item_tax` decimal(25,4) DEFAULT NULL,
  `tax_rate_id` int(11) DEFAULT NULL,
  `tax` varchar(55) DEFAULT NULL,
  `discount` varchar(55) DEFAULT NULL,
  `item_discount` decimal(25,4) DEFAULT NULL,
  `subtotal` decimal(25,4) NOT NULL,
  `serial_no` varchar(255) DEFAULT NULL,
  `real_unit_price` decimal(25,4) DEFAULT NULL
) ENGINE=InnoDB AUTO_INCREMENT=32 DEFAULT CHARSET=utf8;

--
-- Dumping data for table `sma_sale_items`
--

INSERT INTO `sma_sale_items` (`id`, `sale_id`, `product_id`, `product_code`, `product_name`, `product_type`, `option_id`, `net_unit_price`, `unit_price`, `quantity`, `warehouse_id`, `item_tax`, `tax_rate_id`, `tax`, `discount`, `item_discount`, `subtotal`, `serial_no`, `real_unit_price`) VALUES
(1, 1, 3, 'BC', 'Bông Cải', 'standard', 0, '12000.0000', '12000.0000', '1.0000', 1, '0.0000', 1, '0.0000', '0', '0.0000', '12000.0000', '', '12000.0000'),
(2, 1, 2, 'CC', 'Cà chua', 'standard', 0, '20000.0000', '20000.0000', '1.0000', 1, '0.0000', 1, '0.0000', '0', '0.0000', '20000.0000', '', '20000.0000'),
(3, 1, 2, 'CC', 'Cà chua', 'standard', 0, '20000.0000', '20000.0000', '1.0000', 1, '0.0000', 1, '0.0000', '0', '0.0000', '20000.0000', '', '20000.0000'),
(4, 2, 2, 'CC', 'Cà chua', 'standard', 0, '20000.0000', '20000.0000', '1.0000', 1, '0.0000', 1, '0.0000', '0', '0.0000', '20000.0000', '', '20000.0000'),
(5, 2, 2, 'CC', 'Cà chua', 'standard', 0, '20000.0000', '20000.0000', '1.0000', 1, '0.0000', 1, '0.0000', '0', '0.0000', '20000.0000', '', '20000.0000'),
(6, 2, 4, 'KT', 'Khoai Tây', 'standard', 0, '15000.0000', '15000.0000', '1.0000', 1, '0.0000', 1, '0.0000', '0', '0.0000', '15000.0000', '', '15000.0000'),
(7, 2, 3, 'BC', 'Bông Cải', 'standard', 0, '12000.0000', '12000.0000', '1.0000', 1, '0.0000', 1, '0.0000', '0', '0.0000', '12000.0000', '', '12000.0000'),
(8, 2, 5, 'ODL', 'Ớt Đà Lạt', 'standard', 0, '25000.0000', '25000.0000', '1.0000', 1, '0.0000', 1, '0.0000', '0', '0.0000', '25000.0000', '', '25000.0000'),
(9, 2, 3, 'BC', 'Bông Cải', 'standard', 0, '12000.0000', '12000.0000', '1.0000', 1, '0.0000', 1, '0.0000', '0', '0.0000', '12000.0000', '', '12000.0000'),
(10, 2, 1, 'CT', 'Cải Thìa', 'standard', 0, '5000.0000', '5000.0000', '1.0000', 1, '0.0000', 1, '0.0000', '0', '0.0000', '5000.0000', '', '5000.0000'),
(11, 3, 4294967295, 'ts', 'tinh sen', 'manual', 0, '445000.0000', '445000.0000', '1.0000', 1, '0.0000', 0, '', '0', '0.0000', '445000.0000', '', '445000.0000'),
(12, 4, 7, 'Tinh s', 'tinh sen', 'standard', NULL, '445000.0000', '445000.0000', '1.0000', 1, '0.0000', 1, '0.0000', '0', '0.0000', '445000.0000', '', '445000.0000'),
(13, 4, 8, 'tra s', 'trà sen', 'standard', NULL, '70000.0000', '70000.0000', '1.0000', 1, '0.0000', 1, '0.0000', '0', '0.0000', '70000.0000', '', '70000.0000'),
(14, 5, 9, 'led', 'Den led', 'service', NULL, '30000.0000', '30000.0000', '9.0000', 1, '0.0000', 1, '0.0000', '0', '0.0000', '270000.0000', '', '30000.0000'),
(15, 6, 9, 'led', 'Den led', 'service', NULL, '30000.0000', '30000.0000', '10.0000', 1, '0.0000', 1, '0.0000', '0', '0.0000', '300000.0000', '', '30000.0000'),
(16, 7, 9, 'led', 'Den led', 'service', NULL, '30000.0000', '30000.0000', '1.0000', 1, '0.0000', 1, '0.0000', '0', '0.0000', '30000.0000', '', '30000.0000'),
(17, 7, 9, 'led', 'Den led', 'service', NULL, '30000.0000', '30000.0000', '1.0000', 1, '0.0000', 1, '0.0000', '0', '0.0000', '30000.0000', '', '30000.0000'),
(18, 8, 9, 'led', 'Den led', 'service', NULL, '30000.0000', '30000.0000', '1.0000', 1, '0.0000', 1, '0.0000', '0', '0.0000', '30000.0000', '', '30000.0000'),
(19, 8, 9, 'led', 'Den led', 'service', NULL, '30000.0000', '30000.0000', '1.0000', 1, '0.0000', 1, '0.0000', '0', '0.0000', '30000.0000', '', '30000.0000'),
(20, 9, 9, 'led', 'Den led', 'service', NULL, '30000.0000', '30000.0000', '1.0000', 1, '0.0000', 1, '0.0000', '0', '0.0000', '30000.0000', '', '30000.0000'),
(21, 9, 9, 'led', 'Den led', 'service', NULL, '30000.0000', '30000.0000', '1.0000', 1, '0.0000', 1, '0.0000', '0', '0.0000', '30000.0000', '', '30000.0000'),
(22, 10, 9, 'led', 'Den led', 'service', NULL, '30000.0000', '30000.0000', '1.0000', 1, '0.0000', 1, '0.0000', '0', '0.0000', '30000.0000', '', '30000.0000'),
(26, 14, 30, 'XACAP', 'Xà đỡ cáp ngầm', 'null', NULL, '500.0000', '500.0000', '5.0000', 1, '0.0000', 0, '', NULL, '0.0000', '2500.0000', '', '500.0000'),
(27, 14, 30, 'XACAP', 'Xà đỡ cáp ngầm', 'null', NULL, '500.0000', '500.0000', '10.0000', 1, '0.0000', 0, '', NULL, '0.0000', '5000.0000', '', '500.0000'),
(31, 39, 29, 'N122-30 (ND)', 'Đế trụ', 'null', 0, '1000.0000', '1000.0000', '10.0000', 1, '0.0000', 0, '', NULL, '0.0000', '10000.0000', '', '1000.0000');

-- --------------------------------------------------------

--
-- Table structure for table `sma_sessions`
--

CREATE TABLE IF NOT EXISTS `sma_sessions` (
  `id` varchar(40) NOT NULL,
  `ip_address` varchar(45) NOT NULL,
  `timestamp` int(10) unsigned NOT NULL DEFAULT '0',
  `data` blob NOT NULL
) ENGINE=InnoDB DEFAULT CHARSET=utf8;

--
-- Dumping data for table `sma_sessions`
--

INSERT INTO `sma_sessions` (`id`, `ip_address`, `timestamp`, `data`) VALUES
('00be1852ff48729f40783923069480665570398a', '::1', 1498642529, 0x5f5f63695f6c6173745f726567656e65726174657c693a313439383634323532393b7265717565737465645f706167657c733a303a22223b6964656e746974797c733a31363a226f776e657240676f6f676c652e636f6d223b757365726e616d657c733a353a226f776e6572223b656d61696c7c733a31363a226f776e657240676f6f676c652e636f6d223b757365725f69647c733a313a2231223b6f6c645f6c6173745f6c6f67696e7c733a31303a2231343938353336363638223b6c6173745f69707c733a333a223a3a31223b6176617461727c4e3b67656e6465727c733a343a226d616c65223b67726f75705f69647c733a313a2231223b77617265686f7573655f69647c4e3b62696c6c65725f69647c4e3b636f6d70616e795f69647c4e3b73686f775f636f73747c733a313a2230223b73686f775f70726963657c733a313a2230223b),
('0132db52e1767d83528d43e7bba41f27180f0619', '::1', 1498649121, 0x5f5f63695f6c6173745f726567656e65726174657c693a313439383634393132313b7265717565737465645f706167657c733a303a22223b6964656e746974797c733a31363a226f776e657240676f6f676c652e636f6d223b757365726e616d657c733a353a226f776e6572223b656d61696c7c733a31363a226f776e657240676f6f676c652e636f6d223b757365725f69647c733a313a2231223b6f6c645f6c6173745f6c6f67696e7c733a31303a2231343938353336363638223b6c6173745f69707c733a333a223a3a31223b6176617461727c4e3b67656e6465727c733a343a226d616c65223b67726f75705f69647c733a313a2231223b77617265686f7573655f69647c4e3b62696c6c65725f69647c4e3b636f6d70616e795f69647c4e3b73686f775f636f73747c733a313a2230223b73686f775f70726963657c733a313a2230223b),
('01679a095d954f6a40293ee447e05969918aee93', '::1', 1498631330, 0x5f5f63695f6c6173745f726567656e65726174657c693a313439383633313333303b7265717565737465645f706167657c733a303a22223b6964656e746974797c733a31363a226f776e657240676f6f676c652e636f6d223b757365726e616d657c733a353a226f776e6572223b656d61696c7c733a31363a226f776e657240676f6f676c652e636f6d223b757365725f69647c733a313a2231223b6f6c645f6c6173745f6c6f67696e7c733a31303a2231343938353336363638223b6c6173745f69707c733a333a223a3a31223b6176617461727c4e3b67656e6465727c733a343a226d616c65223b67726f75705f69647c733a313a2231223b77617265686f7573655f69647c4e3b62696c6c65725f69647c4e3b636f6d70616e795f69647c4e3b73686f775f636f73747c733a313a2230223b73686f775f70726963657c733a313a2230223b),
('0202fbfcdbc094f8aa8cb09625c384e731e651bb', '::1', 1498890067, 0x5f5f63695f6c6173745f726567656e65726174657c693a313439383839303036373b7265717565737465645f706167657c733a31313a2270726f64756374696f6e73223b6964656e746974797c733a31363a226f776e657240676f6f676c652e636f6d223b757365726e616d657c733a353a226f776e6572223b656d61696c7c733a31363a226f776e657240676f6f676c652e636f6d223b757365725f69647c733a313a2231223b6f6c645f6c6173745f6c6f67696e7c733a31303a2231343938373239343431223b6c6173745f69707c733a333a223a3a31223b6176617461727c4e3b67656e6465727c733a343a226d616c65223b67726f75705f69647c733a313a2231223b77617265686f7573655f69647c4e3b62696c6c65725f69647c4e3b636f6d70616e795f69647c4e3b73686f775f636f73747c733a313a2230223b73686f775f70726963657c733a313a2230223b),
('02d6121a62e52821246a7a5316e9df646733eb84', '::1', 1498895554, 0x5f5f63695f6c6173745f726567656e65726174657c693a313439383839353535343b7265717565737465645f706167657c733a31313a2270726f64756374696f6e73223b6964656e746974797c733a31363a226f776e657240676f6f676c652e636f6d223b757365726e616d657c733a353a226f776e6572223b656d61696c7c733a31363a226f776e657240676f6f676c652e636f6d223b757365725f69647c733a313a2231223b6f6c645f6c6173745f6c6f67696e7c733a31303a2231343938373239343431223b6c6173745f69707c733a333a223a3a31223b6176617461727c4e3b67656e6465727c733a343a226d616c65223b67726f75705f69647c733a313a2231223b77617265686f7573655f69647c4e3b62696c6c65725f69647c4e3b636f6d70616e795f69647c4e3b73686f775f636f73747c733a313a2230223b73686f775f70726963657c733a313a2230223b),
('0737ce14d06619412546f8c6b9c397d61a0e197a', '::1', 1498644335, 0x5f5f63695f6c6173745f726567656e65726174657c693a313439383634343333353b7265717565737465645f706167657c733a303a22223b6964656e746974797c733a31363a226f776e657240676f6f676c652e636f6d223b757365726e616d657c733a353a226f776e6572223b656d61696c7c733a31363a226f776e657240676f6f676c652e636f6d223b757365725f69647c733a313a2231223b6f6c645f6c6173745f6c6f67696e7c733a31303a2231343938353336363638223b6c6173745f69707c733a333a223a3a31223b6176617461727c4e3b67656e6465727c733a343a226d616c65223b67726f75705f69647c733a313a2231223b77617265686f7573655f69647c4e3b62696c6c65725f69647c4e3b636f6d70616e795f69647c4e3b73686f775f636f73747c733a313a2230223b73686f775f70726963657c733a313a2230223b),
('0b471a1e4ec496cf26032993087e214cc28351ce', '::1', 1498890699, 0x5f5f63695f6c6173745f726567656e65726174657c693a313439383839303639393b7265717565737465645f706167657c733a31313a2270726f64756374696f6e73223b6964656e746974797c733a31363a226f776e657240676f6f676c652e636f6d223b757365726e616d657c733a353a226f776e6572223b656d61696c7c733a31363a226f776e657240676f6f676c652e636f6d223b757365725f69647c733a313a2231223b6f6c645f6c6173745f6c6f67696e7c733a31303a2231343938373239343431223b6c6173745f69707c733a333a223a3a31223b6176617461727c4e3b67656e6465727c733a343a226d616c65223b67726f75705f69647c733a313a2231223b77617265686f7573655f69647c4e3b62696c6c65725f69647c4e3b636f6d70616e795f69647c4e3b73686f775f636f73747c733a313a2230223b73686f775f70726963657c733a313a2230223b),
('0c2889470a83f3d6c16d53ac42459c7ff2798415', '::1', 1498628802, 0x5f5f63695f6c6173745f726567656e65726174657c693a313439383632383830323b7265717565737465645f706167657c733a303a22223b6964656e746974797c733a31363a226f776e657240676f6f676c652e636f6d223b757365726e616d657c733a353a226f776e6572223b656d61696c7c733a31363a226f776e657240676f6f676c652e636f6d223b757365725f69647c733a313a2231223b6f6c645f6c6173745f6c6f67696e7c733a31303a2231343938353336363638223b6c6173745f69707c733a333a223a3a31223b6176617461727c4e3b67656e6465727c733a343a226d616c65223b67726f75705f69647c733a313a2231223b77617265686f7573655f69647c4e3b62696c6c65725f69647c4e3b636f6d70616e795f69647c4e3b73686f775f636f73747c733a313a2230223b73686f775f70726963657c733a313a2230223b),
('0c4daa2b2de847a7f6724b06daef4d66d922cc27', '::1', 1498645494, 0x5f5f63695f6c6173745f726567656e65726174657c693a313439383634353439343b7265717565737465645f706167657c733a303a22223b6964656e746974797c733a31363a226f776e657240676f6f676c652e636f6d223b757365726e616d657c733a353a226f776e6572223b656d61696c7c733a31363a226f776e657240676f6f676c652e636f6d223b757365725f69647c733a313a2231223b6f6c645f6c6173745f6c6f67696e7c733a31303a2231343938353336363638223b6c6173745f69707c733a333a223a3a31223b6176617461727c4e3b67656e6465727c733a343a226d616c65223b67726f75705f69647c733a313a2231223b77617265686f7573655f69647c4e3b62696c6c65725f69647c4e3b636f6d70616e795f69647c4e3b73686f775f636f73747c733a313a2230223b73686f775f70726963657c733a313a2230223b),
('107c94f40b0443f925fe415ad7aea85d87b99ec0', '::1', 1498643559, 0x5f5f63695f6c6173745f726567656e65726174657c693a313439383634333535393b7265717565737465645f706167657c733a303a22223b6964656e746974797c733a31363a226f776e657240676f6f676c652e636f6d223b757365726e616d657c733a353a226f776e6572223b656d61696c7c733a31363a226f776e657240676f6f676c652e636f6d223b757365725f69647c733a313a2231223b6f6c645f6c6173745f6c6f67696e7c733a31303a2231343938353336363638223b6c6173745f69707c733a333a223a3a31223b6176617461727c4e3b67656e6465727c733a343a226d616c65223b67726f75705f69647c733a313a2231223b77617265686f7573655f69647c4e3b62696c6c65725f69647c4e3b636f6d70616e795f69647c4e3b73686f775f636f73747c733a313a2230223b73686f775f70726963657c733a313a2230223b),
('19d095e260cbccb1337c9dc93551af5627be8155', '::1', 1498883914, 0x5f5f63695f6c6173745f726567656e65726174657c693a313439383838333931343b7265717565737465645f706167657c733a31313a2270726f64756374696f6e73223b6964656e746974797c733a31363a226f776e657240676f6f676c652e636f6d223b757365726e616d657c733a353a226f776e6572223b656d61696c7c733a31363a226f776e657240676f6f676c652e636f6d223b757365725f69647c733a313a2231223b6f6c645f6c6173745f6c6f67696e7c733a31303a2231343938373239343431223b6c6173745f69707c733a333a223a3a31223b6176617461727c4e3b67656e6465727c733a343a226d616c65223b67726f75705f69647c733a313a2231223b77617265686f7573655f69647c4e3b62696c6c65725f69647c4e3b636f6d70616e795f69647c4e3b73686f775f636f73747c733a313a2230223b73686f775f70726963657c733a313a2230223b),
('239f9e6a8c782b49da296b9e9963b84353483405', '::1', 1498633746, 0x5f5f63695f6c6173745f726567656e65726174657c693a313439383633333734363b7265717565737465645f706167657c733a303a22223b6964656e746974797c733a31363a226f776e657240676f6f676c652e636f6d223b757365726e616d657c733a353a226f776e6572223b656d61696c7c733a31363a226f776e657240676f6f676c652e636f6d223b757365725f69647c733a313a2231223b6f6c645f6c6173745f6c6f67696e7c733a31303a2231343938353336363638223b6c6173745f69707c733a333a223a3a31223b6176617461727c4e3b67656e6465727c733a343a226d616c65223b67726f75705f69647c733a313a2231223b77617265686f7573655f69647c4e3b62696c6c65725f69647c4e3b636f6d70616e795f69647c4e3b73686f775f636f73747c733a313a2230223b73686f775f70726963657c733a313a2230223b),
('2f444aff2b84d329363f2506ba151ac31042d3b3', '::1', 1498880732, 0x5f5f63695f6c6173745f726567656e65726174657c693a313439383838303733323b7265717565737465645f706167657c733a31313a2270726f64756374696f6e73223b6964656e746974797c733a31363a226f776e657240676f6f676c652e636f6d223b757365726e616d657c733a353a226f776e6572223b656d61696c7c733a31363a226f776e657240676f6f676c652e636f6d223b757365725f69647c733a313a2231223b6f6c645f6c6173745f6c6f67696e7c733a31303a2231343938373239343431223b6c6173745f69707c733a333a223a3a31223b6176617461727c4e3b67656e6465727c733a343a226d616c65223b67726f75705f69647c733a313a2231223b77617265686f7573655f69647c4e3b62696c6c65725f69647c4e3b636f6d70616e795f69647c4e3b73686f775f636f73747c733a313a2230223b73686f775f70726963657c733a313a2230223b),
('2f4fe365e669df3ef39d499410e0baa88163c85f', '::1', 1498648304, 0x5f5f63695f6c6173745f726567656e65726174657c693a313439383634383330323b7265717565737465645f706167657c733a303a22223b6964656e746974797c733a31363a226f776e657240676f6f676c652e636f6d223b757365726e616d657c733a353a226f776e6572223b656d61696c7c733a31363a226f776e657240676f6f676c652e636f6d223b757365725f69647c733a313a2231223b6f6c645f6c6173745f6c6f67696e7c733a31303a2231343938353336363638223b6c6173745f69707c733a333a223a3a31223b6176617461727c4e3b67656e6465727c733a343a226d616c65223b67726f75705f69647c733a313a2231223b77617265686f7573655f69647c4e3b62696c6c65725f69647c4e3b636f6d70616e795f69647c4e3b73686f775f636f73747c733a313a2230223b73686f775f70726963657c733a313a2230223b),
('2f6db92d575672e68ec63060c12aab7097fe5124', '::1', 1498877990, 0x5f5f63695f6c6173745f726567656e65726174657c693a313439383837373938373b7265717565737465645f706167657c733a31313a2270726f64756374696f6e73223b6964656e746974797c733a31363a226f776e657240676f6f676c652e636f6d223b757365726e616d657c733a353a226f776e6572223b656d61696c7c733a31363a226f776e657240676f6f676c652e636f6d223b757365725f69647c733a313a2231223b6f6c645f6c6173745f6c6f67696e7c733a31303a2231343938373239343431223b6c6173745f69707c733a333a223a3a31223b6176617461727c4e3b67656e6465727c733a343a226d616c65223b67726f75705f69647c733a313a2231223b77617265686f7573655f69647c4e3b62696c6c65725f69647c4e3b636f6d70616e795f69647c4e3b73686f775f636f73747c733a313a2230223b73686f775f70726963657c733a313a2230223b),
('311264ff21eb61bdc886033bedc6f6ee5109edaa', '::1', 1498629866, 0x5f5f63695f6c6173745f726567656e65726174657c693a313439383632393836363b7265717565737465645f706167657c733a303a22223b6964656e746974797c733a31363a226f776e657240676f6f676c652e636f6d223b757365726e616d657c733a353a226f776e6572223b656d61696c7c733a31363a226f776e657240676f6f676c652e636f6d223b757365725f69647c733a313a2231223b6f6c645f6c6173745f6c6f67696e7c733a31303a2231343938353336363638223b6c6173745f69707c733a333a223a3a31223b6176617461727c4e3b67656e6465727c733a343a226d616c65223b67726f75705f69647c733a313a2231223b77617265686f7573655f69647c4e3b62696c6c65725f69647c4e3b636f6d70616e795f69647c4e3b73686f775f636f73747c733a313a2230223b73686f775f70726963657c733a313a2230223b),
('3184c2a271f0f5424b62b2373c185f1037c2f3b0', '::1', 1498878659, 0x5f5f63695f6c6173745f726567656e65726174657c693a313439383837383635393b7265717565737465645f706167657c733a31313a2270726f64756374696f6e73223b6964656e746974797c733a31363a226f776e657240676f6f676c652e636f6d223b757365726e616d657c733a353a226f776e6572223b656d61696c7c733a31363a226f776e657240676f6f676c652e636f6d223b757365725f69647c733a313a2231223b6f6c645f6c6173745f6c6f67696e7c733a31303a2231343938373239343431223b6c6173745f69707c733a333a223a3a31223b6176617461727c4e3b67656e6465727c733a343a226d616c65223b67726f75705f69647c733a313a2231223b77617265686f7573655f69647c4e3b62696c6c65725f69647c4e3b636f6d70616e795f69647c4e3b73686f775f636f73747c733a313a2230223b73686f775f70726963657c733a313a2230223b),
('4827c4c64bbe82faff03e634ab73625477d53d1b', '::1', 1498878330, 0x5f5f63695f6c6173745f726567656e65726174657c693a313439383837383333303b7265717565737465645f706167657c733a31313a2270726f64756374696f6e73223b6964656e746974797c733a31363a226f776e657240676f6f676c652e636f6d223b757365726e616d657c733a353a226f776e6572223b656d61696c7c733a31363a226f776e657240676f6f676c652e636f6d223b757365725f69647c733a313a2231223b6f6c645f6c6173745f6c6f67696e7c733a31303a2231343938373239343431223b6c6173745f69707c733a333a223a3a31223b6176617461727c4e3b67656e6465727c733a343a226d616c65223b67726f75705f69647c733a313a2231223b77617265686f7573655f69647c4e3b62696c6c65725f69647c4e3b636f6d70616e795f69647c4e3b73686f775f636f73747c733a313a2230223b73686f775f70726963657c733a313a2230223b),
('4e08b539ec2e8e86234ee22b9c22d615df971c80', '::1', 1498648304, 0x5f5f63695f6c6173745f726567656e65726174657c693a313439383634383330343b7265717565737465645f706167657c733a303a22223b6964656e746974797c733a31363a226f776e657240676f6f676c652e636f6d223b757365726e616d657c733a353a226f776e6572223b656d61696c7c733a31363a226f776e657240676f6f676c652e636f6d223b757365725f69647c733a313a2231223b6f6c645f6c6173745f6c6f67696e7c733a31303a2231343938353336363638223b6c6173745f69707c733a333a223a3a31223b6176617461727c4e3b67656e6465727c733a343a226d616c65223b67726f75705f69647c733a313a2231223b77617265686f7573655f69647c4e3b62696c6c65725f69647c4e3b636f6d70616e795f69647c4e3b73686f775f636f73747c733a313a2230223b73686f775f70726963657c733a313a2230223b),
('4e6ecb440dbf3118ac5ac6d59ebc214a0c11825d', '::1', 1498641426, 0x5f5f63695f6c6173745f726567656e65726174657c693a313439383634313432363b7265717565737465645f706167657c733a303a22223b6964656e746974797c733a31363a226f776e657240676f6f676c652e636f6d223b757365726e616d657c733a353a226f776e6572223b656d61696c7c733a31363a226f776e657240676f6f676c652e636f6d223b757365725f69647c733a313a2231223b6f6c645f6c6173745f6c6f67696e7c733a31303a2231343938353336363638223b6c6173745f69707c733a333a223a3a31223b6176617461727c4e3b67656e6465727c733a343a226d616c65223b67726f75705f69647c733a313a2231223b77617265686f7573655f69647c4e3b62696c6c65725f69647c4e3b636f6d70616e795f69647c4e3b73686f775f636f73747c733a313a2230223b73686f775f70726963657c733a313a2230223b),
('4fdca6ca53a73a0d92f2ee8c57ea646153adf94d', '::1', 1498880036, 0x5f5f63695f6c6173745f726567656e65726174657c693a313439383838303033363b7265717565737465645f706167657c733a31313a2270726f64756374696f6e73223b6964656e746974797c733a31363a226f776e657240676f6f676c652e636f6d223b757365726e616d657c733a353a226f776e6572223b656d61696c7c733a31363a226f776e657240676f6f676c652e636f6d223b757365725f69647c733a313a2231223b6f6c645f6c6173745f6c6f67696e7c733a31303a2231343938373239343431223b6c6173745f69707c733a333a223a3a31223b6176617461727c4e3b67656e6465727c733a343a226d616c65223b67726f75705f69647c733a313a2231223b77617265686f7573655f69647c4e3b62696c6c65725f69647c4e3b636f6d70616e795f69647c4e3b73686f775f636f73747c733a313a2230223b73686f775f70726963657c733a313a2230223b),
('526f0c63b230cf85b0a17b16a6fb88f899dfe2da', '::1', 1498894976, 0x5f5f63695f6c6173745f726567656e65726174657c693a313439383839343937363b7265717565737465645f706167657c733a31313a2270726f64756374696f6e73223b6964656e746974797c733a31363a226f776e657240676f6f676c652e636f6d223b757365726e616d657c733a353a226f776e6572223b656d61696c7c733a31363a226f776e657240676f6f676c652e636f6d223b757365725f69647c733a313a2231223b6f6c645f6c6173745f6c6f67696e7c733a31303a2231343938373239343431223b6c6173745f69707c733a333a223a3a31223b6176617461727c4e3b67656e6465727c733a343a226d616c65223b67726f75705f69647c733a313a2231223b77617265686f7573655f69647c4e3b62696c6c65725f69647c4e3b636f6d70616e795f69647c4e3b73686f775f636f73747c733a313a2230223b73686f775f70726963657c733a313a2230223b),
('562eae4a2af577058132730a673a60c9522d9151', '::1', 1498887253, 0x5f5f63695f6c6173745f726567656e65726174657c693a313439383838373235333b7265717565737465645f706167657c733a31313a2270726f64756374696f6e73223b6964656e746974797c733a31363a226f776e657240676f6f676c652e636f6d223b757365726e616d657c733a353a226f776e6572223b656d61696c7c733a31363a226f776e657240676f6f676c652e636f6d223b757365725f69647c733a313a2231223b6f6c645f6c6173745f6c6f67696e7c733a31303a2231343938373239343431223b6c6173745f69707c733a333a223a3a31223b6176617461727c4e3b67656e6465727c733a343a226d616c65223b67726f75705f69647c733a313a2231223b77617265686f7573655f69647c4e3b62696c6c65725f69647c4e3b636f6d70616e795f69647c4e3b73686f775f636f73747c733a313a2230223b73686f775f70726963657c733a313a2230223b),
('5d916d31b81dd45f81d5b7c8b4d43323aa3c6241', '::1', 1498894674, 0x5f5f63695f6c6173745f726567656e65726174657c693a313439383839343637343b7265717565737465645f706167657c733a31313a2270726f64756374696f6e73223b6964656e746974797c733a31363a226f776e657240676f6f676c652e636f6d223b757365726e616d657c733a353a226f776e6572223b656d61696c7c733a31363a226f776e657240676f6f676c652e636f6d223b757365725f69647c733a313a2231223b6f6c645f6c6173745f6c6f67696e7c733a31303a2231343938373239343431223b6c6173745f69707c733a333a223a3a31223b6176617461727c4e3b67656e6465727c733a343a226d616c65223b67726f75705f69647c733a313a2231223b77617265686f7573655f69647c4e3b62696c6c65725f69647c4e3b636f6d70616e795f69647c4e3b73686f775f636f73747c733a313a2230223b73686f775f70726963657c733a313a2230223b),
('674a869154caf8664a2ed25f8d3d879b76207b78', '::1', 1498630651, 0x5f5f63695f6c6173745f726567656e65726174657c693a313439383633303635313b7265717565737465645f706167657c733a303a22223b6964656e746974797c733a31363a226f776e657240676f6f676c652e636f6d223b757365726e616d657c733a353a226f776e6572223b656d61696c7c733a31363a226f776e657240676f6f676c652e636f6d223b757365725f69647c733a313a2231223b6f6c645f6c6173745f6c6f67696e7c733a31303a2231343938353336363638223b6c6173745f69707c733a333a223a3a31223b6176617461727c4e3b67656e6465727c733a343a226d616c65223b67726f75705f69647c733a313a2231223b77617265686f7573655f69647c4e3b62696c6c65725f69647c4e3b636f6d70616e795f69647c4e3b73686f775f636f73747c733a313a2230223b73686f775f70726963657c733a313a2230223b),
('6a94e366481d3169d43008c5443b0395de6c9147', '::1', 1498650418, 0x5f5f63695f6c6173745f726567656e65726174657c693a313439383635303431383b7265717565737465645f706167657c733a303a22223b6964656e746974797c733a31363a226f776e657240676f6f676c652e636f6d223b757365726e616d657c733a353a226f776e6572223b656d61696c7c733a31363a226f776e657240676f6f676c652e636f6d223b757365725f69647c733a313a2231223b6f6c645f6c6173745f6c6f67696e7c733a31303a2231343938353336363638223b6c6173745f69707c733a333a223a3a31223b6176617461727c4e3b67656e6465727c733a343a226d616c65223b67726f75705f69647c733a313a2231223b77617265686f7573655f69647c4e3b62696c6c65725f69647c4e3b636f6d70616e795f69647c4e3b73686f775f636f73747c733a313a2230223b73686f775f70726963657c733a313a2230223b),
('6acf541b5b7392e970c7eeaa11fca03531277bf9', '::1', 1498641021, 0x5f5f63695f6c6173745f726567656e65726174657c693a313439383634313032313b7265717565737465645f706167657c733a303a22223b6964656e746974797c733a31363a226f776e657240676f6f676c652e636f6d223b757365726e616d657c733a353a226f776e6572223b656d61696c7c733a31363a226f776e657240676f6f676c652e636f6d223b757365725f69647c733a313a2231223b6f6c645f6c6173745f6c6f67696e7c733a31303a2231343938353336363638223b6c6173745f69707c733a333a223a3a31223b6176617461727c4e3b67656e6465727c733a343a226d616c65223b67726f75705f69647c733a313a2231223b77617265686f7573655f69647c4e3b62696c6c65725f69647c4e3b636f6d70616e795f69647c4e3b73686f775f636f73747c733a313a2230223b73686f775f70726963657c733a313a2230223b),
('7164dbefceae796774fc693c434c5c61000bbff8', '::1', 1498896813, 0x5f5f63695f6c6173745f726567656e65726174657c693a313439383839363831333b7265717565737465645f706167657c733a31313a2270726f64756374696f6e73223b6964656e746974797c733a31363a226f776e657240676f6f676c652e636f6d223b757365726e616d657c733a353a226f776e6572223b656d61696c7c733a31363a226f776e657240676f6f676c652e636f6d223b757365725f69647c733a313a2231223b6f6c645f6c6173745f6c6f67696e7c733a31303a2231343938373239343431223b6c6173745f69707c733a333a223a3a31223b6176617461727c4e3b67656e6465727c733a343a226d616c65223b67726f75705f69647c733a313a2231223b77617265686f7573655f69647c4e3b62696c6c65725f69647c4e3b636f6d70616e795f69647c4e3b73686f775f636f73747c733a313a2230223b73686f775f70726963657c733a313a2230223b),
('793f8ef280bdc216069297ca046cc3e7a8ac98a2', '::1', 1498629430, 0x5f5f63695f6c6173745f726567656e65726174657c693a313439383632393433303b7265717565737465645f706167657c733a303a22223b6964656e746974797c733a31363a226f776e657240676f6f676c652e636f6d223b757365726e616d657c733a353a226f776e6572223b656d61696c7c733a31363a226f776e657240676f6f676c652e636f6d223b757365725f69647c733a313a2231223b6f6c645f6c6173745f6c6f67696e7c733a31303a2231343938353336363638223b6c6173745f69707c733a333a223a3a31223b6176617461727c4e3b67656e6465727c733a343a226d616c65223b67726f75705f69647c733a313a2231223b77617265686f7573655f69647c4e3b62696c6c65725f69647c4e3b636f6d70616e795f69647c4e3b73686f775f636f73747c733a313a2230223b73686f775f70726963657c733a313a2230223b),
('7c5fc7d5888e438831adc89c4df37ec3b2d2879a', '::1', 1498642097, 0x5f5f63695f6c6173745f726567656e65726174657c693a313439383634323039373b7265717565737465645f706167657c733a303a22223b6964656e746974797c733a31363a226f776e657240676f6f676c652e636f6d223b757365726e616d657c733a353a226f776e6572223b656d61696c7c733a31363a226f776e657240676f6f676c652e636f6d223b757365725f69647c733a313a2231223b6f6c645f6c6173745f6c6f67696e7c733a31303a2231343938353336363638223b6c6173745f69707c733a333a223a3a31223b6176617461727c4e3b67656e6465727c733a343a226d616c65223b67726f75705f69647c733a313a2231223b77617265686f7573655f69647c4e3b62696c6c65725f69647c4e3b636f6d70616e795f69647c4e3b73686f775f636f73747c733a313a2230223b73686f775f70726963657c733a313a2230223b),
('7e710425230ded4d13a76f370d774e6907322a4c', '::1', 1498883183, 0x5f5f63695f6c6173745f726567656e65726174657c693a313439383838333138333b7265717565737465645f706167657c733a31313a2270726f64756374696f6e73223b6964656e746974797c733a31363a226f776e657240676f6f676c652e636f6d223b757365726e616d657c733a353a226f776e6572223b656d61696c7c733a31363a226f776e657240676f6f676c652e636f6d223b757365725f69647c733a313a2231223b6f6c645f6c6173745f6c6f67696e7c733a31303a2231343938373239343431223b6c6173745f69707c733a333a223a3a31223b6176617461727c4e3b67656e6465727c733a343a226d616c65223b67726f75705f69647c733a313a2231223b77617265686f7573655f69647c4e3b62696c6c65725f69647c4e3b636f6d70616e795f69647c4e3b73686f775f636f73747c733a313a2230223b73686f775f70726963657c733a313a2230223b),
('7ef3e8311522e4ac5779acb1a4b6a53e8a97534a', '::1', 1498634385, 0x5f5f63695f6c6173745f726567656e65726174657c693a313439383633343338353b7265717565737465645f706167657c733a303a22223b6964656e746974797c733a31363a226f776e657240676f6f676c652e636f6d223b757365726e616d657c733a353a226f776e6572223b656d61696c7c733a31363a226f776e657240676f6f676c652e636f6d223b757365725f69647c733a313a2231223b6f6c645f6c6173745f6c6f67696e7c733a31303a2231343938353336363638223b6c6173745f69707c733a333a223a3a31223b6176617461727c4e3b67656e6465727c733a343a226d616c65223b67726f75705f69647c733a313a2231223b77617265686f7573655f69647c4e3b62696c6c65725f69647c4e3b636f6d70616e795f69647c4e3b73686f775f636f73747c733a313a2230223b73686f775f70726963657c733a313a2230223b),
('809b10ddc726f8020b7e3b3d739d0eb75ba3aaab', '::1', 1498636729, 0x5f5f63695f6c6173745f726567656e65726174657c693a313439383633363732393b7265717565737465645f706167657c733a303a22223b6964656e746974797c733a31363a226f776e657240676f6f676c652e636f6d223b757365726e616d657c733a353a226f776e6572223b656d61696c7c733a31363a226f776e657240676f6f676c652e636f6d223b757365725f69647c733a313a2231223b6f6c645f6c6173745f6c6f67696e7c733a31303a2231343938353336363638223b6c6173745f69707c733a333a223a3a31223b6176617461727c4e3b67656e6465727c733a343a226d616c65223b67726f75705f69647c733a313a2231223b77617265686f7573655f69647c4e3b62696c6c65725f69647c4e3b636f6d70616e795f69647c4e3b73686f775f636f73747c733a313a2230223b73686f775f70726963657c733a313a2230223b),
('81afa501a603f58e27ba97b69c1328106074dcc1', '::1', 1498888607, 0x5f5f63695f6c6173745f726567656e65726174657c693a313439383838383630373b7265717565737465645f706167657c733a31313a2270726f64756374696f6e73223b6964656e746974797c733a31363a226f776e657240676f6f676c652e636f6d223b757365726e616d657c733a353a226f776e6572223b656d61696c7c733a31363a226f776e657240676f6f676c652e636f6d223b757365725f69647c733a313a2231223b6f6c645f6c6173745f6c6f67696e7c733a31303a2231343938373239343431223b6c6173745f69707c733a333a223a3a31223b6176617461727c4e3b67656e6465727c733a343a226d616c65223b67726f75705f69647c733a313a2231223b77617265686f7573655f69647c4e3b62696c6c65725f69647c4e3b636f6d70616e795f69647c4e3b73686f775f636f73747c733a313a2230223b73686f775f70726963657c733a313a2230223b),
('841cbd638f5bedfbe2cd81a721e9bf3dc0f04fbf', '::1', 1498879178, 0x5f5f63695f6c6173745f726567656e65726174657c693a313439383837393137383b7265717565737465645f706167657c733a31313a2270726f64756374696f6e73223b6964656e746974797c733a31363a226f776e657240676f6f676c652e636f6d223b757365726e616d657c733a353a226f776e6572223b656d61696c7c733a31363a226f776e657240676f6f676c652e636f6d223b757365725f69647c733a313a2231223b6f6c645f6c6173745f6c6f67696e7c733a31303a2231343938373239343431223b6c6173745f69707c733a333a223a3a31223b6176617461727c4e3b67656e6465727c733a343a226d616c65223b67726f75705f69647c733a313a2231223b77617265686f7573655f69647c4e3b62696c6c65725f69647c4e3b636f6d70616e795f69647c4e3b73686f775f636f73747c733a313a2230223b73686f775f70726963657c733a313a2230223b),
('84fb19d047bf07d776467397bd90e8d0dd3b32d9', '::1', 1498646169, 0x5f5f63695f6c6173745f726567656e65726174657c693a313439383634363136393b7265717565737465645f706167657c733a303a22223b6964656e746974797c733a31363a226f776e657240676f6f676c652e636f6d223b757365726e616d657c733a353a226f776e6572223b656d61696c7c733a31363a226f776e657240676f6f676c652e636f6d223b757365725f69647c733a313a2231223b6f6c645f6c6173745f6c6f67696e7c733a31303a2231343938353336363638223b6c6173745f69707c733a333a223a3a31223b6176617461727c4e3b67656e6465727c733a343a226d616c65223b67726f75705f69647c733a313a2231223b77617265686f7573655f69647c4e3b62696c6c65725f69647c4e3b636f6d70616e795f69647c4e3b73686f775f636f73747c733a313a2230223b73686f775f70726963657c733a313a2230223b),
('8603f53de1803e0d99080a22aceb669e844bfb7b', '::1', 1498729470, 0x5f5f63695f6c6173745f726567656e65726174657c693a313439383732393433353b7265717565737465645f706167657c733a303a22223b6964656e746974797c733a31363a226f776e657240676f6f676c652e636f6d223b757365726e616d657c733a353a226f776e6572223b656d61696c7c733a31363a226f776e657240676f6f676c652e636f6d223b757365725f69647c733a313a2231223b6f6c645f6c6173745f6c6f67696e7c733a31303a2231343938363132363536223b6c6173745f69707c733a333a223a3a31223b6176617461727c4e3b67656e6465727c733a343a226d616c65223b67726f75705f69647c733a313a2231223b77617265686f7573655f69647c4e3b62696c6c65725f69647c4e3b636f6d70616e795f69647c4e3b73686f775f636f73747c733a313a2230223b73686f775f70726963657c733a313a2230223b),
('8726ca45bc3db3a9a1e65648c2a25d55daeaea85', '::1', 1498894020, 0x5f5f63695f6c6173745f726567656e65726174657c693a313439383839343031353b7265717565737465645f706167657c733a31313a2270726f64756374696f6e73223b6964656e746974797c733a31363a226f776e657240676f6f676c652e636f6d223b757365726e616d657c733a353a226f776e6572223b656d61696c7c733a31363a226f776e657240676f6f676c652e636f6d223b757365725f69647c733a313a2231223b6f6c645f6c6173745f6c6f67696e7c733a31303a2231343938373239343431223b6c6173745f69707c733a333a223a3a31223b6176617461727c4e3b67656e6465727c733a343a226d616c65223b67726f75705f69647c733a313a2231223b77617265686f7573655f69647c4e3b62696c6c65725f69647c4e3b636f6d70616e795f69647c4e3b73686f775f636f73747c733a313a2230223b73686f775f70726963657c733a313a2230223b),
('87f1535062ea95723cc2d6256ac0c8cc424818d8', '::1', 1498894332, 0x5f5f63695f6c6173745f726567656e65726174657c693a313439383839343332363b7265717565737465645f706167657c733a31313a2270726f64756374696f6e73223b6964656e746974797c733a31363a226f776e657240676f6f676c652e636f6d223b757365726e616d657c733a353a226f776e6572223b656d61696c7c733a31363a226f776e657240676f6f676c652e636f6d223b757365725f69647c733a313a2231223b6f6c645f6c6173745f6c6f67696e7c733a31303a2231343938373239343431223b6c6173745f69707c733a333a223a3a31223b6176617461727c4e3b67656e6465727c733a343a226d616c65223b67726f75705f69647c733a313a2231223b77617265686f7573655f69647c4e3b62696c6c65725f69647c4e3b636f6d70616e795f69647c4e3b73686f775f636f73747c733a313a2230223b73686f775f70726963657c733a313a2230223b),
('8a1fa6d8c6d73b02df2a5c613d0bc02fa4b6ae0c', '::1', 1498648762, 0x5f5f63695f6c6173745f726567656e65726174657c693a313439383634383736323b7265717565737465645f706167657c733a303a22223b6964656e746974797c733a31363a226f776e657240676f6f676c652e636f6d223b757365726e616d657c733a353a226f776e6572223b656d61696c7c733a31363a226f776e657240676f6f676c652e636f6d223b757365725f69647c733a313a2231223b6f6c645f6c6173745f6c6f67696e7c733a31303a2231343938353336363638223b6c6173745f69707c733a333a223a3a31223b6176617461727c4e3b67656e6465727c733a343a226d616c65223b67726f75705f69647c733a313a2231223b77617265686f7573655f69647c4e3b62696c6c65725f69647c4e3b636f6d70616e795f69647c4e3b73686f775f636f73747c733a313a2230223b73686f775f70726963657c733a313a2230223b),
('8d9a84efe0bcb7986dc394d439e87b32f1ebccc9', '::1', 1498646827, 0x5f5f63695f6c6173745f726567656e65726174657c693a313439383634363832373b7265717565737465645f706167657c733a303a22223b6964656e746974797c733a31363a226f776e657240676f6f676c652e636f6d223b757365726e616d657c733a353a226f776e6572223b656d61696c7c733a31363a226f776e657240676f6f676c652e636f6d223b757365725f69647c733a313a2231223b6f6c645f6c6173745f6c6f67696e7c733a31303a2231343938353336363638223b6c6173745f69707c733a333a223a3a31223b6176617461727c4e3b67656e6465727c733a343a226d616c65223b67726f75705f69647c733a313a2231223b77617265686f7573655f69647c4e3b62696c6c65725f69647c4e3b636f6d70616e795f69647c4e3b73686f775f636f73747c733a313a2230223b73686f775f70726963657c733a313a2230223b),
('8e131fdd14632d2002047b0d452b343627c5176c', '::1', 1498886115, 0x5f5f63695f6c6173745f726567656e65726174657c693a313439383838363131353b7265717565737465645f706167657c733a31313a2270726f64756374696f6e73223b6964656e746974797c733a31363a226f776e657240676f6f676c652e636f6d223b757365726e616d657c733a353a226f776e6572223b656d61696c7c733a31363a226f776e657240676f6f676c652e636f6d223b757365725f69647c733a313a2231223b6f6c645f6c6173745f6c6f67696e7c733a31303a2231343938373239343431223b6c6173745f69707c733a333a223a3a31223b6176617461727c4e3b67656e6465727c733a343a226d616c65223b67726f75705f69647c733a313a2231223b77617265686f7573655f69647c4e3b62696c6c65725f69647c4e3b636f6d70616e795f69647c4e3b73686f775f636f73747c733a313a2230223b73686f775f70726963657c733a313a2230223b),
('8ec3346c5a7d3969a4159bd0000068427f25447a', '::1', 1498881487, 0x5f5f63695f6c6173745f726567656e65726174657c693a313439383838313438373b7265717565737465645f706167657c733a31313a2270726f64756374696f6e73223b6964656e746974797c733a31363a226f776e657240676f6f676c652e636f6d223b757365726e616d657c733a353a226f776e6572223b656d61696c7c733a31363a226f776e657240676f6f676c652e636f6d223b757365725f69647c733a313a2231223b6f6c645f6c6173745f6c6f67696e7c733a31303a2231343938373239343431223b6c6173745f69707c733a333a223a3a31223b6176617461727c4e3b67656e6465727c733a343a226d616c65223b67726f75705f69647c733a313a2231223b77617265686f7573655f69647c4e3b62696c6c65725f69647c4e3b636f6d70616e795f69647c4e3b73686f775f636f73747c733a313a2230223b73686f775f70726963657c733a313a2230223b),
('8fc095929a0aa1c56a52d24a5e11a9f3e00a42b3', '::1', 1498897157, 0x5f5f63695f6c6173745f726567656e65726174657c693a313439383839373135373b7265717565737465645f706167657c733a31313a2270726f64756374696f6e73223b6964656e746974797c733a31363a226f776e657240676f6f676c652e636f6d223b757365726e616d657c733a353a226f776e6572223b656d61696c7c733a31363a226f776e657240676f6f676c652e636f6d223b757365725f69647c733a313a2231223b6f6c645f6c6173745f6c6f67696e7c733a31303a2231343938373239343431223b6c6173745f69707c733a333a223a3a31223b6176617461727c4e3b67656e6465727c733a343a226d616c65223b67726f75705f69647c733a313a2231223b77617265686f7573655f69647c4e3b62696c6c65725f69647c4e3b636f6d70616e795f69647c4e3b73686f775f636f73747c733a313a2230223b73686f775f70726963657c733a313a2230223b),
('91a0989afdb89cb7665e9f648ea72e14b4acaeb9', '::1', 1498645157, 0x5f5f63695f6c6173745f726567656e65726174657c693a313439383634353135373b7265717565737465645f706167657c733a303a22223b6964656e746974797c733a31363a226f776e657240676f6f676c652e636f6d223b757365726e616d657c733a353a226f776e6572223b656d61696c7c733a31363a226f776e657240676f6f676c652e636f6d223b757365725f69647c733a313a2231223b6f6c645f6c6173745f6c6f67696e7c733a31303a2231343938353336363638223b6c6173745f69707c733a333a223a3a31223b6176617461727c4e3b67656e6465727c733a343a226d616c65223b67726f75705f69647c733a313a2231223b77617265686f7573655f69647c4e3b62696c6c65725f69647c4e3b636f6d70616e795f69647c4e3b73686f775f636f73747c733a313a2230223b73686f775f70726963657c733a313a2230223b),
('9826c5fdde4fb5899da35771e9c9c0ee3d9b36f8', '::1', 1498896026, 0x5f5f63695f6c6173745f726567656e65726174657c693a313439383839363032363b7265717565737465645f706167657c733a31313a2270726f64756374696f6e73223b6964656e746974797c733a31363a226f776e657240676f6f676c652e636f6d223b757365726e616d657c733a353a226f776e6572223b656d61696c7c733a31363a226f776e657240676f6f676c652e636f6d223b757365725f69647c733a313a2231223b6f6c645f6c6173745f6c6f67696e7c733a31303a2231343938373239343431223b6c6173745f69707c733a333a223a3a31223b6176617461727c4e3b67656e6465727c733a343a226d616c65223b67726f75705f69647c733a313a2231223b77617265686f7573655f69647c4e3b62696c6c65725f69647c4e3b636f6d70616e795f69647c4e3b73686f775f636f73747c733a313a2230223b73686f775f70726963657c733a313a2230223b),
('9c21cfbaf72fdd6bd90b689e3a483dc90c2a4856', '::1', 1498635882, 0x5f5f63695f6c6173745f726567656e65726174657c693a313439383633353838323b7265717565737465645f706167657c733a303a22223b6964656e746974797c733a31363a226f776e657240676f6f676c652e636f6d223b757365726e616d657c733a353a226f776e6572223b656d61696c7c733a31363a226f776e657240676f6f676c652e636f6d223b757365725f69647c733a313a2231223b6f6c645f6c6173745f6c6f67696e7c733a31303a2231343938353336363638223b6c6173745f69707c733a333a223a3a31223b6176617461727c4e3b67656e6465727c733a343a226d616c65223b67726f75705f69647c733a313a2231223b77617265686f7573655f69647c4e3b62696c6c65725f69647c4e3b636f6d70616e795f69647c4e3b73686f775f636f73747c733a313a2230223b73686f775f70726963657c733a313a2230223b),
('9c78ad3dbd4bbc6c8bf1fd79b472c2794adbd8a1', '::1', 1498893449, 0x5f5f63695f6c6173745f726567656e65726174657c693a313439383839333434393b7265717565737465645f706167657c733a31313a2270726f64756374696f6e73223b6964656e746974797c733a31363a226f776e657240676f6f676c652e636f6d223b757365726e616d657c733a353a226f776e6572223b656d61696c7c733a31363a226f776e657240676f6f676c652e636f6d223b757365725f69647c733a313a2231223b6f6c645f6c6173745f6c6f67696e7c733a31303a2231343938373239343431223b6c6173745f69707c733a333a223a3a31223b6176617461727c4e3b67656e6465727c733a343a226d616c65223b67726f75705f69647c733a313a2231223b77617265686f7573655f69647c4e3b62696c6c65725f69647c4e3b636f6d70616e795f69647c4e3b73686f775f636f73747c733a313a2230223b73686f775f70726963657c733a313a2230223b),
('9e740f7c699a34f527f1a3c61816c39bcac3378f', '::1', 1498631634, 0x5f5f63695f6c6173745f726567656e65726174657c693a313439383633313633343b7265717565737465645f706167657c733a303a22223b6964656e746974797c733a31363a226f776e657240676f6f676c652e636f6d223b757365726e616d657c733a353a226f776e6572223b656d61696c7c733a31363a226f776e657240676f6f676c652e636f6d223b757365725f69647c733a313a2231223b6f6c645f6c6173745f6c6f67696e7c733a31303a2231343938353336363638223b6c6173745f69707c733a333a223a3a31223b6176617461727c4e3b67656e6465727c733a343a226d616c65223b67726f75705f69647c733a313a2231223b77617265686f7573655f69647c4e3b62696c6c65725f69647c4e3b636f6d70616e795f69647c4e3b73686f775f636f73747c733a313a2230223b73686f775f70726963657c733a313a2230223b),
('a191849d0e22e8d6d1f0fa7bb8b92a633d9b1cb5', '::1', 1498891850, 0x5f5f63695f6c6173745f726567656e65726174657c693a313439383839313835303b7265717565737465645f706167657c733a31313a2270726f64756374696f6e73223b6964656e746974797c733a31363a226f776e657240676f6f676c652e636f6d223b757365726e616d657c733a353a226f776e6572223b656d61696c7c733a31363a226f776e657240676f6f676c652e636f6d223b757365725f69647c733a313a2231223b6f6c645f6c6173745f6c6f67696e7c733a31303a2231343938373239343431223b6c6173745f69707c733a333a223a3a31223b6176617461727c4e3b67656e6465727c733a343a226d616c65223b67726f75705f69647c733a313a2231223b77617265686f7573655f69647c4e3b62696c6c65725f69647c4e3b636f6d70616e795f69647c4e3b73686f775f636f73747c733a313a2230223b73686f775f70726963657c733a313a2230223b),
('a2a603acb6a4f0aa04b5a695f753998a3b220f2a', '::1', 1498881144, 0x5f5f63695f6c6173745f726567656e65726174657c693a313439383838313134343b7265717565737465645f706167657c733a31313a2270726f64756374696f6e73223b6964656e746974797c733a31363a226f776e657240676f6f676c652e636f6d223b757365726e616d657c733a353a226f776e6572223b656d61696c7c733a31363a226f776e657240676f6f676c652e636f6d223b757365725f69647c733a313a2231223b6f6c645f6c6173745f6c6f67696e7c733a31303a2231343938373239343431223b6c6173745f69707c733a333a223a3a31223b6176617461727c4e3b67656e6465727c733a343a226d616c65223b67726f75705f69647c733a313a2231223b77617265686f7573655f69647c4e3b62696c6c65725f69647c4e3b636f6d70616e795f69647c4e3b73686f775f636f73747c733a313a2230223b73686f775f70726963657c733a313a2230223b),
('a2e6a1e068ceed50099e01b7d1a371aa2eb793b7', '::1', 1498641768, 0x5f5f63695f6c6173745f726567656e65726174657c693a313439383634313736383b7265717565737465645f706167657c733a303a22223b6964656e746974797c733a31363a226f776e657240676f6f676c652e636f6d223b757365726e616d657c733a353a226f776e6572223b656d61696c7c733a31363a226f776e657240676f6f676c652e636f6d223b757365725f69647c733a313a2231223b6f6c645f6c6173745f6c6f67696e7c733a31303a2231343938353336363638223b6c6173745f69707c733a333a223a3a31223b6176617461727c4e3b67656e6465727c733a343a226d616c65223b67726f75705f69647c733a313a2231223b77617265686f7573655f69647c4e3b62696c6c65725f69647c4e3b636f6d70616e795f69647c4e3b73686f775f636f73747c733a313a2230223b73686f775f70726963657c733a313a2230223b),
('a7c6dcd74f06285277355b449f145d229f6d63e2', '::1', 1498644678, 0x5f5f63695f6c6173745f726567656e65726174657c693a313439383634343637383b7265717565737465645f706167657c733a303a22223b6964656e746974797c733a31363a226f776e657240676f6f676c652e636f6d223b757365726e616d657c733a353a226f776e6572223b656d61696c7c733a31363a226f776e657240676f6f676c652e636f6d223b757365725f69647c733a313a2231223b6f6c645f6c6173745f6c6f67696e7c733a31303a2231343938353336363638223b6c6173745f69707c733a333a223a3a31223b6176617461727c4e3b67656e6465727c733a343a226d616c65223b67726f75705f69647c733a313a2231223b77617265686f7573655f69647c4e3b62696c6c65725f69647c4e3b636f6d70616e795f69647c4e3b73686f775f636f73747c733a313a2230223b73686f775f70726963657c733a313a2230223b),
('a876aae8c738c76700cde022cd1a1ca129ac4734', '::1', 1498884589, 0x5f5f63695f6c6173745f726567656e65726174657c693a313439383838343538393b7265717565737465645f706167657c733a31313a2270726f64756374696f6e73223b6964656e746974797c733a31363a226f776e657240676f6f676c652e636f6d223b757365726e616d657c733a353a226f776e6572223b656d61696c7c733a31363a226f776e657240676f6f676c652e636f6d223b757365725f69647c733a313a2231223b6f6c645f6c6173745f6c6f67696e7c733a31303a2231343938373239343431223b6c6173745f69707c733a333a223a3a31223b6176617461727c4e3b67656e6465727c733a343a226d616c65223b67726f75705f69647c733a313a2231223b77617265686f7573655f69647c4e3b62696c6c65725f69647c4e3b636f6d70616e795f69647c4e3b73686f775f636f73747c733a313a2230223b73686f775f70726963657c733a313a2230223b),
('ad7b8847d9ff8c332863b9946ca083bbb83cd38d', '::1', 1498643897, 0x5f5f63695f6c6173745f726567656e65726174657c693a313439383634333839373b7265717565737465645f706167657c733a303a22223b6964656e746974797c733a31363a226f776e657240676f6f676c652e636f6d223b757365726e616d657c733a353a226f776e6572223b656d61696c7c733a31363a226f776e657240676f6f676c652e636f6d223b757365725f69647c733a313a2231223b6f6c645f6c6173745f6c6f67696e7c733a31303a2231343938353336363638223b6c6173745f69707c733a333a223a3a31223b6176617461727c4e3b67656e6465727c733a343a226d616c65223b67726f75705f69647c733a313a2231223b77617265686f7573655f69647c4e3b62696c6c65725f69647c4e3b636f6d70616e795f69647c4e3b73686f775f636f73747c733a313a2230223b73686f775f70726963657c733a313a2230223b),
('b02d25106d9290f6a875c09b07cacc1d081f6feb', '::1', 1498887564, 0x5f5f63695f6c6173745f726567656e65726174657c693a313439383838373536343b7265717565737465645f706167657c733a31313a2270726f64756374696f6e73223b6964656e746974797c733a31363a226f776e657240676f6f676c652e636f6d223b757365726e616d657c733a353a226f776e6572223b656d61696c7c733a31363a226f776e657240676f6f676c652e636f6d223b757365725f69647c733a313a2231223b6f6c645f6c6173745f6c6f67696e7c733a31303a2231343938373239343431223b6c6173745f69707c733a333a223a3a31223b6176617461727c4e3b67656e6465727c733a343a226d616c65223b67726f75705f69647c733a313a2231223b77617265686f7573655f69647c4e3b62696c6c65725f69647c4e3b636f6d70616e795f69647c4e3b73686f775f636f73747c733a313a2230223b73686f775f70726963657c733a313a2230223b),
('b07e03f27abbcb76832f63af5982f66917a3595b', '::1', 1498646524, 0x5f5f63695f6c6173745f726567656e65726174657c693a313439383634363532343b7265717565737465645f706167657c733a303a22223b6964656e746974797c733a31363a226f776e657240676f6f676c652e636f6d223b757365726e616d657c733a353a226f776e6572223b656d61696c7c733a31363a226f776e657240676f6f676c652e636f6d223b757365725f69647c733a313a2231223b6f6c645f6c6173745f6c6f67696e7c733a31303a2231343938353336363638223b6c6173745f69707c733a333a223a3a31223b6176617461727c4e3b67656e6465727c733a343a226d616c65223b67726f75705f69647c733a313a2231223b77617265686f7573655f69647c4e3b62696c6c65725f69647c4e3b636f6d70616e795f69647c4e3b73686f775f636f73747c733a313a2230223b73686f775f70726963657c733a313a2230223b),
('b0cb86e16eb89e9e1c4b55c250e3a7aee24ef32c', '::1', 1498881800, 0x5f5f63695f6c6173745f726567656e65726174657c693a313439383838313830303b7265717565737465645f706167657c733a31313a2270726f64756374696f6e73223b6964656e746974797c733a31363a226f776e657240676f6f676c652e636f6d223b757365726e616d657c733a353a226f776e6572223b656d61696c7c733a31363a226f776e657240676f6f676c652e636f6d223b757365725f69647c733a313a2231223b6f6c645f6c6173745f6c6f67696e7c733a31303a2231343938373239343431223b6c6173745f69707c733a333a223a3a31223b6176617461727c4e3b67656e6465727c733a343a226d616c65223b67726f75705f69647c733a313a2231223b77617265686f7573655f69647c4e3b62696c6c65725f69647c4e3b636f6d70616e795f69647c4e3b73686f775f636f73747c733a313a2230223b73686f775f70726963657c733a313a2230223b),
('b15f74a62e7831bcfb9d20564c1b4a2417767b2d', '::1', 1498883514, 0x5f5f63695f6c6173745f726567656e65726174657c693a313439383838333531343b7265717565737465645f706167657c733a31313a2270726f64756374696f6e73223b6964656e746974797c733a31363a226f776e657240676f6f676c652e636f6d223b757365726e616d657c733a353a226f776e6572223b656d61696c7c733a31363a226f776e657240676f6f676c652e636f6d223b757365725f69647c733a313a2231223b6f6c645f6c6173745f6c6f67696e7c733a31303a2231343938373239343431223b6c6173745f69707c733a333a223a3a31223b6176617461727c4e3b67656e6465727c733a343a226d616c65223b67726f75705f69647c733a313a2231223b77617265686f7573655f69647c4e3b62696c6c65725f69647c4e3b636f6d70616e795f69647c4e3b73686f775f636f73747c733a313a2230223b73686f775f70726963657c733a313a2230223b),
('b22c70b06c820dd1c0558341ff83502516f78429', '::1', 1498884215, 0x5f5f63695f6c6173745f726567656e65726174657c693a313439383838343231353b7265717565737465645f706167657c733a31313a2270726f64756374696f6e73223b6964656e746974797c733a31363a226f776e657240676f6f676c652e636f6d223b757365726e616d657c733a353a226f776e6572223b656d61696c7c733a31363a226f776e657240676f6f676c652e636f6d223b757365725f69647c733a313a2231223b6f6c645f6c6173745f6c6f67696e7c733a31303a2231343938373239343431223b6c6173745f69707c733a333a223a3a31223b6176617461727c4e3b67656e6465727c733a343a226d616c65223b67726f75705f69647c733a313a2231223b77617265686f7573655f69647c4e3b62696c6c65725f69647c4e3b636f6d70616e795f69647c4e3b73686f775f636f73747c733a313a2230223b73686f775f70726963657c733a313a2230223b),
('b3b6f97f3444fcdba761053a0ceb42e381581a44', '::1', 1498879574, 0x5f5f63695f6c6173745f726567656e65726174657c693a313439383837393537343b7265717565737465645f706167657c733a31313a2270726f64756374696f6e73223b6964656e746974797c733a31363a226f776e657240676f6f676c652e636f6d223b757365726e616d657c733a353a226f776e6572223b656d61696c7c733a31363a226f776e657240676f6f676c652e636f6d223b757365725f69647c733a313a2231223b6f6c645f6c6173745f6c6f67696e7c733a31303a2231343938373239343431223b6c6173745f69707c733a333a223a3a31223b6176617461727c4e3b67656e6465727c733a343a226d616c65223b67726f75705f69647c733a313a2231223b77617265686f7573655f69647c4e3b62696c6c65725f69647c4e3b636f6d70616e795f69647c4e3b73686f775f636f73747c733a313a2230223b73686f775f70726963657c733a313a2230223b),
('b6191c2878a315d8f235bb0284684a3995ac5eed', '::1', 1498886745, 0x5f5f63695f6c6173745f726567656e65726174657c693a313439383838363734353b7265717565737465645f706167657c733a31313a2270726f64756374696f6e73223b6964656e746974797c733a31363a226f776e657240676f6f676c652e636f6d223b757365726e616d657c733a353a226f776e6572223b656d61696c7c733a31363a226f776e657240676f6f676c652e636f6d223b757365725f69647c733a313a2231223b6f6c645f6c6173745f6c6f67696e7c733a31303a2231343938373239343431223b6c6173745f69707c733a333a223a3a31223b6176617461727c4e3b67656e6465727c733a343a226d616c65223b67726f75705f69647c733a313a2231223b77617265686f7573655f69647c4e3b62696c6c65725f69647c4e3b636f6d70616e795f69647c4e3b73686f775f636f73747c733a313a2230223b73686f775f70726963657c733a313a2230223b),
('b771a9ccc4ba696c800ab9f5cf54961451b70d0a', '::1', 1498890380, 0x5f5f63695f6c6173745f726567656e65726174657c693a313439383839303338303b7265717565737465645f706167657c733a31313a2270726f64756374696f6e73223b6964656e746974797c733a31363a226f776e657240676f6f676c652e636f6d223b757365726e616d657c733a353a226f776e6572223b656d61696c7c733a31363a226f776e657240676f6f676c652e636f6d223b757365725f69647c733a313a2231223b6f6c645f6c6173745f6c6f67696e7c733a31303a2231343938373239343431223b6c6173745f69707c733a333a223a3a31223b6176617461727c4e3b67656e6465727c733a343a226d616c65223b67726f75705f69647c733a313a2231223b77617265686f7573655f69647c4e3b62696c6c65725f69647c4e3b636f6d70616e795f69647c4e3b73686f775f636f73747c733a313a2230223b73686f775f70726963657c733a313a2230223b),
('babbbc70924ef0becf4fd3d2954dbb871fd66cbb', '::1', 1498647182, 0x5f5f63695f6c6173745f726567656e65726174657c693a313439383634373138323b7265717565737465645f706167657c733a303a22223b6964656e746974797c733a31363a226f776e657240676f6f676c652e636f6d223b757365726e616d657c733a353a226f776e6572223b656d61696c7c733a31363a226f776e657240676f6f676c652e636f6d223b757365725f69647c733a313a2231223b6f6c645f6c6173745f6c6f67696e7c733a31303a2231343938353336363638223b6c6173745f69707c733a333a223a3a31223b6176617461727c4e3b67656e6465727c733a343a226d616c65223b67726f75705f69647c733a313a2231223b77617265686f7573655f69647c4e3b62696c6c65725f69647c4e3b636f6d70616e795f69647c4e3b73686f775f636f73747c733a313a2230223b73686f775f70726963657c733a313a2230223b),
('bc09e217682bd14b16d092edfb6679784a76d581', '::1', 1498882795, 0x5f5f63695f6c6173745f726567656e65726174657c693a313439383838323739353b7265717565737465645f706167657c733a31313a2270726f64756374696f6e73223b6964656e746974797c733a31363a226f776e657240676f6f676c652e636f6d223b757365726e616d657c733a353a226f776e6572223b656d61696c7c733a31363a226f776e657240676f6f676c652e636f6d223b757365725f69647c733a313a2231223b6f6c645f6c6173745f6c6f67696e7c733a31303a2231343938373239343431223b6c6173745f69707c733a333a223a3a31223b6176617461727c4e3b67656e6465727c733a343a226d616c65223b67726f75705f69647c733a313a2231223b77617265686f7573655f69647c4e3b62696c6c65725f69647c4e3b636f6d70616e795f69647c4e3b73686f775f636f73747c733a313a2230223b73686f775f70726963657c733a313a2230223b),
('c08a3a6bcf3e40b3dacf43da4082ec6d4cd9e31b', '::1', 1498643164, 0x5f5f63695f6c6173745f726567656e65726174657c693a313439383634333136343b7265717565737465645f706167657c733a303a22223b6964656e746974797c733a31363a226f776e657240676f6f676c652e636f6d223b757365726e616d657c733a353a226f776e6572223b656d61696c7c733a31363a226f776e657240676f6f676c652e636f6d223b757365725f69647c733a313a2231223b6f6c645f6c6173745f6c6f67696e7c733a31303a2231343938353336363638223b6c6173745f69707c733a333a223a3a31223b6176617461727c4e3b67656e6465727c733a343a226d616c65223b67726f75705f69647c733a313a2231223b77617265686f7573655f69647c4e3b62696c6c65725f69647c4e3b636f6d70616e795f69647c4e3b73686f775f636f73747c733a313a2230223b73686f775f70726963657c733a313a2230223b),
('c35e77ab3810ee5cd899b7dfec5a27e3a896ed44', '::1', 1498889516, 0x5f5f63695f6c6173745f726567656e65726174657c693a313439383838393531363b7265717565737465645f706167657c733a31313a2270726f64756374696f6e73223b6964656e746974797c733a31363a226f776e657240676f6f676c652e636f6d223b757365726e616d657c733a353a226f776e6572223b656d61696c7c733a31363a226f776e657240676f6f676c652e636f6d223b757365725f69647c733a313a2231223b6f6c645f6c6173745f6c6f67696e7c733a31303a2231343938373239343431223b6c6173745f69707c733a333a223a3a31223b6176617461727c4e3b67656e6465727c733a343a226d616c65223b67726f75705f69647c733a313a2231223b77617265686f7573655f69647c4e3b62696c6c65725f69647c4e3b636f6d70616e795f69647c4e3b73686f775f636f73747c733a313a2230223b73686f775f70726963657c733a313a2230223b);
INSERT INTO `sma_sessions` (`id`, `ip_address`, `timestamp`, `data`) VALUES
('c597ec4ddc722d0a7ad17ada46dbe8e4ea34c232', '::1', 1498885030, 0x5f5f63695f6c6173745f726567656e65726174657c693a313439383838353033303b7265717565737465645f706167657c733a31313a2270726f64756374696f6e73223b6964656e746974797c733a31363a226f776e657240676f6f676c652e636f6d223b757365726e616d657c733a353a226f776e6572223b656d61696c7c733a31363a226f776e657240676f6f676c652e636f6d223b757365725f69647c733a313a2231223b6f6c645f6c6173745f6c6f67696e7c733a31303a2231343938373239343431223b6c6173745f69707c733a333a223a3a31223b6176617461727c4e3b67656e6465727c733a343a226d616c65223b67726f75705f69647c733a313a2231223b77617265686f7573655f69647c4e3b62696c6c65725f69647c4e3b636f6d70616e795f69647c4e3b73686f775f636f73747c733a313a2230223b73686f775f70726963657c733a313a2230223b),
('d155139d9999afe32d132ece979eb33f9d7b4205', '::1', 1498889191, 0x5f5f63695f6c6173745f726567656e65726174657c693a313439383838393139313b7265717565737465645f706167657c733a31313a2270726f64756374696f6e73223b6964656e746974797c733a31363a226f776e657240676f6f676c652e636f6d223b757365726e616d657c733a353a226f776e6572223b656d61696c7c733a31363a226f776e657240676f6f676c652e636f6d223b757365725f69647c733a313a2231223b6f6c645f6c6173745f6c6f67696e7c733a31303a2231343938373239343431223b6c6173745f69707c733a333a223a3a31223b6176617461727c4e3b67656e6465727c733a343a226d616c65223b67726f75705f69647c733a313a2231223b77617265686f7573655f69647c4e3b62696c6c65725f69647c4e3b636f6d70616e795f69647c4e3b73686f775f636f73747c733a313a2230223b73686f775f70726963657c733a313a2230223b),
('d66244c32d2c860a6d06bc608f80c1abc4160e84', '::1', 1498891025, 0x5f5f63695f6c6173745f726567656e65726174657c693a313439383839313032353b7265717565737465645f706167657c733a31313a2270726f64756374696f6e73223b6964656e746974797c733a31363a226f776e657240676f6f676c652e636f6d223b757365726e616d657c733a353a226f776e6572223b656d61696c7c733a31363a226f776e657240676f6f676c652e636f6d223b757365725f69647c733a313a2231223b6f6c645f6c6173745f6c6f67696e7c733a31303a2231343938373239343431223b6c6173745f69707c733a333a223a3a31223b6176617461727c4e3b67656e6465727c733a343a226d616c65223b67726f75705f69647c733a313a2231223b77617265686f7573655f69647c4e3b62696c6c65725f69647c4e3b636f6d70616e795f69647c4e3b73686f775f636f73747c733a313a2230223b73686f775f70726963657c733a313a2230223b),
('d709f1ca9e81fb84ef3cb4f6bcc4adcf1fadfe5b', '::1', 1498647765, 0x5f5f63695f6c6173745f726567656e65726174657c693a313439383634373736353b7265717565737465645f706167657c733a303a22223b6964656e746974797c733a31363a226f776e657240676f6f676c652e636f6d223b757365726e616d657c733a353a226f776e6572223b656d61696c7c733a31363a226f776e657240676f6f676c652e636f6d223b757365725f69647c733a313a2231223b6f6c645f6c6173745f6c6f67696e7c733a31303a2231343938353336363638223b6c6173745f69707c733a333a223a3a31223b6176617461727c4e3b67656e6465727c733a343a226d616c65223b67726f75705f69647c733a313a2231223b77617265686f7573655f69647c4e3b62696c6c65725f69647c4e3b636f6d70616e795f69647c4e3b73686f775f636f73747c733a313a2230223b73686f775f70726963657c733a313a2230223b),
('d7fae1e4dab3983db01bd5d67e6532e09165e93c', '::1', 1498630267, 0x5f5f63695f6c6173745f726567656e65726174657c693a313439383633303236373b7265717565737465645f706167657c733a303a22223b6964656e746974797c733a31363a226f776e657240676f6f676c652e636f6d223b757365726e616d657c733a353a226f776e6572223b656d61696c7c733a31363a226f776e657240676f6f676c652e636f6d223b757365725f69647c733a313a2231223b6f6c645f6c6173745f6c6f67696e7c733a31303a2231343938353336363638223b6c6173745f69707c733a333a223a3a31223b6176617461727c4e3b67656e6465727c733a343a226d616c65223b67726f75705f69647c733a313a2231223b77617265686f7573655f69647c4e3b62696c6c65725f69647c4e3b636f6d70616e795f69647c4e3b73686f775f636f73747c733a313a2230223b73686f775f70726963657c733a313a2230223b),
('d99bdabce23b5b45fac3b6b880d2b57420a4714b', '::1', 1498892844, 0x5f5f63695f6c6173745f726567656e65726174657c693a313439383839323830313b7265717565737465645f706167657c733a31313a2270726f64756374696f6e73223b6964656e746974797c733a31363a226f776e657240676f6f676c652e636f6d223b757365726e616d657c733a353a226f776e6572223b656d61696c7c733a31363a226f776e657240676f6f676c652e636f6d223b757365725f69647c733a313a2231223b6f6c645f6c6173745f6c6f67696e7c733a31303a2231343938373239343431223b6c6173745f69707c733a333a223a3a31223b6176617461727c4e3b67656e6465727c733a343a226d616c65223b67726f75705f69647c733a313a2231223b77617265686f7573655f69647c4e3b62696c6c65725f69647c4e3b636f6d70616e795f69647c4e3b73686f775f636f73747c733a313a2230223b73686f775f70726963657c733a313a2230223b),
('dbefc64d5d6f3660bcace84957201c48388df9be', '::1', 1498892483, 0x5f5f63695f6c6173745f726567656e65726174657c693a313439383839323438333b7265717565737465645f706167657c733a31313a2270726f64756374696f6e73223b6964656e746974797c733a31363a226f776e657240676f6f676c652e636f6d223b757365726e616d657c733a353a226f776e6572223b656d61696c7c733a31363a226f776e657240676f6f676c652e636f6d223b757365725f69647c733a313a2231223b6f6c645f6c6173745f6c6f67696e7c733a31303a2231343938373239343431223b6c6173745f69707c733a333a223a3a31223b6176617461727c4e3b67656e6465727c733a343a226d616c65223b67726f75705f69647c733a313a2231223b77617265686f7573655f69647c4e3b62696c6c65725f69647c4e3b636f6d70616e795f69647c4e3b73686f775f636f73747c733a313a2230223b73686f775f70726963657c733a313a2230223b),
('dc01b450118b3363008701c5deb171ea0deb91d6', '::1', 1498649783, 0x5f5f63695f6c6173745f726567656e65726174657c693a313439383634393738333b7265717565737465645f706167657c733a303a22223b6964656e746974797c733a31363a226f776e657240676f6f676c652e636f6d223b757365726e616d657c733a353a226f776e6572223b656d61696c7c733a31363a226f776e657240676f6f676c652e636f6d223b757365725f69647c733a313a2231223b6f6c645f6c6173745f6c6f67696e7c733a31303a2231343938353336363638223b6c6173745f69707c733a333a223a3a31223b6176617461727c4e3b67656e6465727c733a343a226d616c65223b67726f75705f69647c733a313a2231223b77617265686f7573655f69647c4e3b62696c6c65725f69647c4e3b636f6d70616e795f69647c4e3b73686f775f636f73747c733a313a2230223b73686f775f70726963657c733a313a2230223b),
('dd6cc9bfc46473261728f3ab8ea98ac5bf328072', '::1', 1498892182, 0x5f5f63695f6c6173745f726567656e65726174657c693a313439383839323138313b7265717565737465645f706167657c733a31313a2270726f64756374696f6e73223b6964656e746974797c733a31363a226f776e657240676f6f676c652e636f6d223b757365726e616d657c733a353a226f776e6572223b656d61696c7c733a31363a226f776e657240676f6f676c652e636f6d223b757365725f69647c733a313a2231223b6f6c645f6c6173745f6c6f67696e7c733a31303a2231343938373239343431223b6c6173745f69707c733a333a223a3a31223b6176617461727c4e3b67656e6465727c733a343a226d616c65223b67726f75705f69647c733a313a2231223b77617265686f7573655f69647c4e3b62696c6c65725f69647c4e3b636f6d70616e795f69647c4e3b73686f775f636f73747c733a313a2230223b73686f775f70726963657c733a313a2230223b),
('de415effc05c82b7d6434ad46beba18ff9daa13a', '::1', 1498634065, 0x5f5f63695f6c6173745f726567656e65726174657c693a313439383633343036353b7265717565737465645f706167657c733a303a22223b6964656e746974797c733a31363a226f776e657240676f6f676c652e636f6d223b757365726e616d657c733a353a226f776e6572223b656d61696c7c733a31363a226f776e657240676f6f676c652e636f6d223b757365725f69647c733a313a2231223b6f6c645f6c6173745f6c6f67696e7c733a31303a2231343938353336363638223b6c6173745f69707c733a333a223a3a31223b6176617461727c4e3b67656e6465727c733a343a226d616c65223b67726f75705f69647c733a313a2231223b77617265686f7573655f69647c4e3b62696c6c65725f69647c4e3b636f6d70616e795f69647c4e3b73686f775f636f73747c733a313a2230223b73686f775f70726963657c733a313a2230223b),
('e081408c238ca2a4825e97ef40261e8d3af41205', '::1', 1498882461, 0x5f5f63695f6c6173745f726567656e65726174657c693a313439383838323436313b7265717565737465645f706167657c733a31313a2270726f64756374696f6e73223b6964656e746974797c733a31363a226f776e657240676f6f676c652e636f6d223b757365726e616d657c733a353a226f776e6572223b656d61696c7c733a31363a226f776e657240676f6f676c652e636f6d223b757365725f69647c733a313a2231223b6f6c645f6c6173745f6c6f67696e7c733a31303a2231343938373239343431223b6c6173745f69707c733a333a223a3a31223b6176617461727c4e3b67656e6465727c733a343a226d616c65223b67726f75705f69647c733a313a2231223b77617265686f7573655f69647c4e3b62696c6c65725f69647c4e3b636f6d70616e795f69647c4e3b73686f775f636f73747c733a313a2230223b73686f775f70726963657c733a313a2230223b),
('e29638ebdb0dade5d3c032b2a2431b4b8ba52c55', '::1', 1498897470, 0x5f5f63695f6c6173745f726567656e65726174657c693a313439383839373437303b7265717565737465645f706167657c733a31313a2270726f64756374696f6e73223b6964656e746974797c733a31363a226f776e657240676f6f676c652e636f6d223b757365726e616d657c733a353a226f776e6572223b656d61696c7c733a31363a226f776e657240676f6f676c652e636f6d223b757365725f69647c733a313a2231223b6f6c645f6c6173745f6c6f67696e7c733a31303a2231343938373239343431223b6c6173745f69707c733a333a223a3a31223b6176617461727c4e3b67656e6465727c733a343a226d616c65223b67726f75705f69647c733a313a2231223b77617265686f7573655f69647c4e3b62696c6c65725f69647c4e3b636f6d70616e795f69647c4e3b73686f775f636f73747c733a313a2230223b73686f775f70726963657c733a313a2230223b),
('e310305651303e0eb038bd9f1ec39fbdcc1ca943', '::1', 1498633131, 0x5f5f63695f6c6173745f726567656e65726174657c693a313439383633333133313b7265717565737465645f706167657c733a303a22223b6964656e746974797c733a31363a226f776e657240676f6f676c652e636f6d223b757365726e616d657c733a353a226f776e6572223b656d61696c7c733a31363a226f776e657240676f6f676c652e636f6d223b757365725f69647c733a313a2231223b6f6c645f6c6173745f6c6f67696e7c733a31303a2231343938353336363638223b6c6173745f69707c733a333a223a3a31223b6176617461727c4e3b67656e6465727c733a343a226d616c65223b67726f75705f69647c733a313a2231223b77617265686f7573655f69647c4e3b62696c6c65725f69647c4e3b636f6d70616e795f69647c4e3b73686f775f636f73747c733a313a2230223b73686f775f70726963657c733a313a2230223b),
('e4bf05c2e8b66ffb5784d37eed1bded3df543675', '::1', 1498635144, 0x5f5f63695f6c6173745f726567656e65726174657c693a313439383633353134343b7265717565737465645f706167657c733a303a22223b6964656e746974797c733a31363a226f776e657240676f6f676c652e636f6d223b757365726e616d657c733a353a226f776e6572223b656d61696c7c733a31363a226f776e657240676f6f676c652e636f6d223b757365725f69647c733a313a2231223b6f6c645f6c6173745f6c6f67696e7c733a31303a2231343938353336363638223b6c6173745f69707c733a333a223a3a31223b6176617461727c4e3b67656e6465727c733a343a226d616c65223b67726f75705f69647c733a313a2231223b77617265686f7573655f69647c4e3b62696c6c65725f69647c4e3b636f6d70616e795f69647c4e3b73686f775f636f73747c733a313a2230223b73686f775f70726963657c733a313a2230223b),
('e85f008915e9b9b324031d94425a033048d9ff3b', '::1', 1498642839, 0x5f5f63695f6c6173745f726567656e65726174657c693a313439383634323833393b7265717565737465645f706167657c733a303a22223b6964656e746974797c733a31363a226f776e657240676f6f676c652e636f6d223b757365726e616d657c733a353a226f776e6572223b656d61696c7c733a31363a226f776e657240676f6f676c652e636f6d223b757365725f69647c733a313a2231223b6f6c645f6c6173745f6c6f67696e7c733a31303a2231343938353336363638223b6c6173745f69707c733a333a223a3a31223b6176617461727c4e3b67656e6465727c733a343a226d616c65223b67726f75705f69647c733a313a2231223b77617265686f7573655f69647c4e3b62696c6c65725f69647c4e3b636f6d70616e795f69647c4e3b73686f775f636f73747c733a313a2230223b73686f775f70726963657c733a313a2230223b),
('e8adb298a4c840067c2768121018de3181b7e69f', '::1', 1498885720, 0x5f5f63695f6c6173745f726567656e65726174657c693a313439383838353732303b7265717565737465645f706167657c733a31313a2270726f64756374696f6e73223b6964656e746974797c733a31363a226f776e657240676f6f676c652e636f6d223b757365726e616d657c733a353a226f776e6572223b656d61696c7c733a31363a226f776e657240676f6f676c652e636f6d223b757365725f69647c733a313a2231223b6f6c645f6c6173745f6c6f67696e7c733a31303a2231343938373239343431223b6c6173745f69707c733a333a223a3a31223b6176617461727c4e3b67656e6465727c733a343a226d616c65223b67726f75705f69647c733a313a2231223b77617265686f7573655f69647c4e3b62696c6c65725f69647c4e3b636f6d70616e795f69647c4e3b73686f775f636f73747c733a313a2230223b73686f775f70726963657c733a313a2230223b),
('e9304a4b2b6ce29f1c243782ac40569e010b8a6e', '::1', 1498887979, 0x5f5f63695f6c6173745f726567656e65726174657c693a313439383838373937393b7265717565737465645f706167657c733a31313a2270726f64756374696f6e73223b6964656e746974797c733a31363a226f776e657240676f6f676c652e636f6d223b757365726e616d657c733a353a226f776e6572223b656d61696c7c733a31363a226f776e657240676f6f676c652e636f6d223b757365725f69647c733a313a2231223b6f6c645f6c6173745f6c6f67696e7c733a31303a2231343938373239343431223b6c6173745f69707c733a333a223a3a31223b6176617461727c4e3b67656e6465727c733a343a226d616c65223b67726f75705f69647c733a313a2231223b77617265686f7573655f69647c4e3b62696c6c65725f69647c4e3b636f6d70616e795f69647c4e3b73686f775f636f73747c733a313a2230223b73686f775f70726963657c733a313a2230223b),
('e9a330e10421adb2463aee396d92f006993cccca', '::1', 1498882105, 0x5f5f63695f6c6173745f726567656e65726174657c693a313439383838323130353b7265717565737465645f706167657c733a31313a2270726f64756374696f6e73223b6964656e746974797c733a31363a226f776e657240676f6f676c652e636f6d223b757365726e616d657c733a353a226f776e6572223b656d61696c7c733a31363a226f776e657240676f6f676c652e636f6d223b757365725f69647c733a313a2231223b6f6c645f6c6173745f6c6f67696e7c733a31303a2231343938373239343431223b6c6173745f69707c733a333a223a3a31223b6176617461727c4e3b67656e6465727c733a343a226d616c65223b67726f75705f69647c733a313a2231223b77617265686f7573655f69647c4e3b62696c6c65725f69647c4e3b636f6d70616e795f69647c4e3b73686f775f636f73747c733a313a2230223b73686f775f70726963657c733a313a2230223b),
('ebe99413d1d81bfd5528994a7715bdd32cec3c72', '::1', 1498893137, 0x5f5f63695f6c6173745f726567656e65726174657c693a313439383839333133373b7265717565737465645f706167657c733a31313a2270726f64756374696f6e73223b6964656e746974797c733a31363a226f776e657240676f6f676c652e636f6d223b757365726e616d657c733a353a226f776e6572223b656d61696c7c733a31363a226f776e657240676f6f676c652e636f6d223b757365725f69647c733a313a2231223b6f6c645f6c6173745f6c6f67696e7c733a31303a2231343938373239343431223b6c6173745f69707c733a333a223a3a31223b6176617461727c4e3b67656e6465727c733a343a226d616c65223b67726f75705f69647c733a313a2231223b77617265686f7573655f69647c4e3b62696c6c65725f69647c4e3b636f6d70616e795f69647c4e3b73686f775f636f73747c733a313a2230223b73686f775f70726963657c733a313a2230223b),
('ed2918c6b72a5524f679c1927110df3017475a1e', '::1', 1498650102, 0x5f5f63695f6c6173745f726567656e65726174657c693a313439383635303130323b7265717565737465645f706167657c733a303a22223b6964656e746974797c733a31363a226f776e657240676f6f676c652e636f6d223b757365726e616d657c733a353a226f776e6572223b656d61696c7c733a31363a226f776e657240676f6f676c652e636f6d223b757365725f69647c733a313a2231223b6f6c645f6c6173745f6c6f67696e7c733a31303a2231343938353336363638223b6c6173745f69707c733a333a223a3a31223b6176617461727c4e3b67656e6465727c733a343a226d616c65223b67726f75705f69647c733a313a2231223b77617265686f7573655f69647c4e3b62696c6c65725f69647c4e3b636f6d70616e795f69647c4e3b73686f775f636f73747c733a313a2230223b73686f775f70726963657c733a313a2230223b),
('ef5794298cd1127c33c8dc5f03e3c045ec6e29b2', '::1', 1498649481, 0x5f5f63695f6c6173745f726567656e65726174657c693a313439383634393438313b7265717565737465645f706167657c733a303a22223b6964656e746974797c733a31363a226f776e657240676f6f676c652e636f6d223b757365726e616d657c733a353a226f776e6572223b656d61696c7c733a31363a226f776e657240676f6f676c652e636f6d223b757365725f69647c733a313a2231223b6f6c645f6c6173745f6c6f67696e7c733a31303a2231343938353336363638223b6c6173745f69707c733a333a223a3a31223b6176617461727c4e3b67656e6465727c733a343a226d616c65223b67726f75705f69647c733a313a2231223b77617265686f7573655f69647c4e3b62696c6c65725f69647c4e3b636f6d70616e795f69647c4e3b73686f775f636f73747c733a313a2230223b73686f775f70726963657c733a313a2230223b),
('f5130618a8ddbc7a320c0a07d10d5923dd2c84bb', '::1', 1498885400, 0x5f5f63695f6c6173745f726567656e65726174657c693a313439383838353430303b7265717565737465645f706167657c733a31313a2270726f64756374696f6e73223b6964656e746974797c733a31363a226f776e657240676f6f676c652e636f6d223b757365726e616d657c733a353a226f776e6572223b656d61696c7c733a31363a226f776e657240676f6f676c652e636f6d223b757365725f69647c733a313a2231223b6f6c645f6c6173745f6c6f67696e7c733a31303a2231343938373239343431223b6c6173745f69707c733a333a223a3a31223b6176617461727c4e3b67656e6465727c733a343a226d616c65223b67726f75705f69647c733a313a2231223b77617265686f7573655f69647c4e3b62696c6c65725f69647c4e3b636f6d70616e795f69647c4e3b73686f775f636f73747c733a313a2230223b73686f775f70726963657c733a313a2230223b),
('fbaa647b86f91d787a585af467ef5e8226672847', '::1', 1498891538, 0x5f5f63695f6c6173745f726567656e65726174657c693a313439383839313533383b7265717565737465645f706167657c733a31313a2270726f64756374696f6e73223b6964656e746974797c733a31363a226f776e657240676f6f676c652e636f6d223b757365726e616d657c733a353a226f776e6572223b656d61696c7c733a31363a226f776e657240676f6f676c652e636f6d223b757365725f69647c733a313a2231223b6f6c645f6c6173745f6c6f67696e7c733a31303a2231343938373239343431223b6c6173745f69707c733a333a223a3a31223b6176617461727c4e3b67656e6465727c733a343a226d616c65223b67726f75705f69647c733a313a2231223b77617265686f7573655f69647c4e3b62696c6c65725f69647c4e3b636f6d70616e795f69647c4e3b73686f775f636f73747c733a313a2230223b73686f775f70726963657c733a313a2230223b),
('fcdce894775149bad2ab7bdfb0dddb2b4de97d40', '::1', 1498896379, 0x5f5f63695f6c6173745f726567656e65726174657c693a313439383839363337393b7265717565737465645f706167657c733a31313a2270726f64756374696f6e73223b6964656e746974797c733a31363a226f776e657240676f6f676c652e636f6d223b757365726e616d657c733a353a226f776e6572223b656d61696c7c733a31363a226f776e657240676f6f676c652e636f6d223b757365725f69647c733a313a2231223b6f6c645f6c6173745f6c6f67696e7c733a31303a2231343938373239343431223b6c6173745f69707c733a333a223a3a31223b6176617461727c4e3b67656e6465727c733a343a226d616c65223b67726f75705f69647c733a313a2231223b77617265686f7573655f69647c4e3b62696c6c65725f69647c4e3b636f6d70616e795f69647c4e3b73686f775f636f73747c733a313a2230223b73686f775f70726963657c733a313a2230223b);

-- --------------------------------------------------------

--
-- Table structure for table `sma_settings`
--

CREATE TABLE IF NOT EXISTS `sma_settings` (
  `setting_id` int(1) NOT NULL,
  `logo` varchar(255) NOT NULL,
  `logo2` varchar(255) NOT NULL,
  `site_name` varchar(55) NOT NULL,
  `language` varchar(20) NOT NULL,
  `default_warehouse` int(2) NOT NULL,
  `accounting_method` tinyint(4) NOT NULL DEFAULT '0',
  `default_currency` varchar(3) NOT NULL,
  `default_tax_rate` int(2) NOT NULL,
  `rows_per_page` int(2) NOT NULL,
  `version` varchar(10) NOT NULL DEFAULT '1.0',
  `default_tax_rate2` int(11) NOT NULL DEFAULT '0',
  `dateformat` int(11) NOT NULL,
  `sales_prefix` varchar(20) DEFAULT NULL,
  `quote_prefix` varchar(20) DEFAULT NULL,
  `purchase_prefix` varchar(20) DEFAULT NULL,
  `transfer_prefix` varchar(20) DEFAULT NULL,
  `delivery_prefix` varchar(20) DEFAULT NULL,
  `payment_prefix` varchar(20) DEFAULT NULL,
  `return_prefix` varchar(20) DEFAULT NULL,
  `expense_prefix` varchar(20) DEFAULT NULL,
  `item_addition` tinyint(1) NOT NULL DEFAULT '0',
  `theme` varchar(20) NOT NULL,
  `product_serial` tinyint(4) NOT NULL,
  `default_discount` int(11) NOT NULL,
  `product_discount` tinyint(1) NOT NULL DEFAULT '0',
  `discount_method` tinyint(4) NOT NULL,
  `tax1` tinyint(4) NOT NULL,
  `tax2` tinyint(4) NOT NULL,
  `overselling` tinyint(1) NOT NULL DEFAULT '0',
  `restrict_user` tinyint(4) NOT NULL DEFAULT '0',
  `restrict_calendar` tinyint(4) NOT NULL DEFAULT '0',
  `timezone` varchar(100) DEFAULT NULL,
  `iwidth` int(11) NOT NULL DEFAULT '0',
  `iheight` int(11) NOT NULL,
  `twidth` int(11) NOT NULL,
  `theight` int(11) NOT NULL,
  `watermark` tinyint(1) DEFAULT NULL,
  `reg_ver` tinyint(1) DEFAULT NULL,
  `allow_reg` tinyint(1) DEFAULT NULL,
  `reg_notification` tinyint(1) DEFAULT NULL,
  `auto_reg` tinyint(1) DEFAULT NULL,
  `protocol` varchar(20) NOT NULL DEFAULT 'mail',
  `mailpath` varchar(55) DEFAULT '/usr/sbin/sendmail',
  `smtp_host` varchar(100) DEFAULT NULL,
  `smtp_user` varchar(100) DEFAULT NULL,
  `smtp_pass` varchar(255) DEFAULT NULL,
  `smtp_port` varchar(10) DEFAULT '25',
  `smtp_crypto` varchar(10) DEFAULT NULL,
  `corn` datetime DEFAULT NULL,
  `customer_group` int(11) NOT NULL,
  `default_email` varchar(100) NOT NULL,
  `mmode` tinyint(1) NOT NULL,
  `bc_fix` tinyint(4) NOT NULL DEFAULT '0',
  `auto_detect_barcode` tinyint(1) NOT NULL DEFAULT '0',
  `captcha` tinyint(1) NOT NULL DEFAULT '1',
  `reference_format` tinyint(1) NOT NULL DEFAULT '1',
  `racks` tinyint(1) DEFAULT '0',
  `attributes` tinyint(1) NOT NULL DEFAULT '0',
  `product_expiry` tinyint(1) NOT NULL DEFAULT '0',
  `decimals` tinyint(2) NOT NULL DEFAULT '2',
  `decimals_sep` varchar(2) NOT NULL DEFAULT '.',
  `thousands_sep` varchar(2) NOT NULL DEFAULT ',',
  `invoice_view` tinyint(1) DEFAULT '0',
  `default_biller` int(11) DEFAULT NULL,
  `envato_username` varchar(50) DEFAULT NULL,
  `purchase_code` varchar(100) DEFAULT NULL,
  `rtl` tinyint(1) DEFAULT '0',
  `each_spent` decimal(15,4) DEFAULT NULL,
  `ca_point` tinyint(4) DEFAULT NULL,
  `each_sale` decimal(15,4) DEFAULT NULL,
  `sa_point` tinyint(4) DEFAULT NULL,
  `update` tinyint(1) DEFAULT '0',
  `sac` tinyint(1) DEFAULT '0'
) ENGINE=InnoDB DEFAULT CHARSET=utf8;

--
-- Dumping data for table `sma_settings`
--

INSERT INTO `sma_settings` (`setting_id`, `logo`, `logo2`, `site_name`, `language`, `default_warehouse`, `accounting_method`, `default_currency`, `default_tax_rate`, `rows_per_page`, `version`, `default_tax_rate2`, `dateformat`, `sales_prefix`, `quote_prefix`, `purchase_prefix`, `transfer_prefix`, `delivery_prefix`, `payment_prefix`, `return_prefix`, `expense_prefix`, `item_addition`, `theme`, `product_serial`, `default_discount`, `product_discount`, `discount_method`, `tax1`, `tax2`, `overselling`, `restrict_user`, `restrict_calendar`, `timezone`, `iwidth`, `iheight`, `twidth`, `theight`, `watermark`, `reg_ver`, `allow_reg`, `reg_notification`, `auto_reg`, `protocol`, `mailpath`, `smtp_host`, `smtp_user`, `smtp_pass`, `smtp_port`, `smtp_crypto`, `corn`, `customer_group`, `default_email`, `mmode`, `bc_fix`, `auto_detect_barcode`, `captcha`, `reference_format`, `racks`, `attributes`, `product_expiry`, `decimals`, `decimals_sep`, `thousands_sep`, `invoice_view`, `default_biller`, `envato_username`, `purchase_code`, `rtl`, `each_spent`, `ca_point`, `each_sale`, `sa_point`, `update`, `sac`) VALUES
(1, 'logo2.png', 'logo4.png', 'PHẦN MỀM SẢN XUẤT HOÀNG HƯNG', 'vietnamese', 1, 0, 'VND', 1, 10, '3.0.1.13', 1, 5, 'SALE', 'QUOTE', 'PO', 'TR', 'DO', 'IPAY', 'RETURNSL', '', 0, 'default', 1, 1, 1, 1, 1, 1, 0, 1, 0, 'Asia/Singapore', 800, 800, 60, 60, 0, 0, 1, 1, NULL, 'smtp', '/usr/sbin/sendmail', 'smtp.gmail.com', 'tvtan06@gmail.com', 'OovkfDs6xCNTY1CMBsAlFbu7cm+3fdgiZAaIZSFP9zIdDmfjnKDzkBKefC72mFVy3RhuX64tg5ot9+hCwpPHgQ==', '587', 'tls', NULL, 1, 'tvtan06@gmail.com', 0, 4, 1, 0, 2, 1, 1, 0, 2, '.', ',', 0, 3, 'StockManager', '3', 0, NULL, NULL, NULL, NULL, 0, 0);

-- --------------------------------------------------------

--
-- Table structure for table `sma_skrill`
--

CREATE TABLE IF NOT EXISTS `sma_skrill` (
  `id` int(11) NOT NULL,
  `active` tinyint(4) NOT NULL,
  `account_email` varchar(255) NOT NULL DEFAULT 'testaccount2@moneybookers.com',
  `secret_word` varchar(20) NOT NULL DEFAULT 'mbtest',
  `skrill_currency` varchar(3) NOT NULL DEFAULT 'USD',
  `fixed_charges` decimal(25,4) NOT NULL DEFAULT '0.0000',
  `extra_charges_my` decimal(25,4) NOT NULL DEFAULT '0.0000',
  `extra_charges_other` decimal(25,4) NOT NULL DEFAULT '0.0000'
) ENGINE=InnoDB DEFAULT CHARSET=utf8;

--
-- Dumping data for table `sma_skrill`
--

INSERT INTO `sma_skrill` (`id`, `active`, `account_email`, `secret_word`, `skrill_currency`, `fixed_charges`, `extra_charges_my`, `extra_charges_other`) VALUES
(1, 1, 'testaccount2@moneybookers.com', 'mbtest', 'USD', '0.0000', '0.0000', '0.0000');

-- --------------------------------------------------------

--
-- Table structure for table `sma_subcategories`
--

CREATE TABLE IF NOT EXISTS `sma_subcategories` (
`id` int(11) NOT NULL,
  `category_id` int(11) NOT NULL,
  `code` varchar(55) NOT NULL,
  `name` varchar(55) NOT NULL,
  `image` varchar(55) DEFAULT NULL
) ENGINE=InnoDB DEFAULT CHARSET=utf8;

-- --------------------------------------------------------

--
-- Table structure for table `sma_suspended_bills`
--

CREATE TABLE IF NOT EXISTS `sma_suspended_bills` (
`id` int(11) NOT NULL,
  `date` timestamp NOT NULL DEFAULT CURRENT_TIMESTAMP,
  `customer_id` int(11) NOT NULL,
  `customer` varchar(55) DEFAULT NULL,
  `count` int(11) NOT NULL,
  `order_discount_id` varchar(20) DEFAULT NULL,
  `order_tax_id` int(11) DEFAULT NULL,
  `total` decimal(25,4) NOT NULL,
  `biller_id` int(11) DEFAULT NULL,
  `warehouse_id` int(11) DEFAULT NULL,
  `created_by` int(11) NOT NULL,
  `suspend_note` varchar(255) DEFAULT NULL
) ENGINE=InnoDB DEFAULT CHARSET=utf8;

-- --------------------------------------------------------

--
-- Table structure for table `sma_suspended_items`
--

CREATE TABLE IF NOT EXISTS `sma_suspended_items` (
`id` int(11) NOT NULL,
  `suspend_id` int(11) unsigned NOT NULL,
  `product_id` int(11) unsigned NOT NULL,
  `product_code` varchar(55) NOT NULL,
  `product_name` varchar(255) NOT NULL,
  `net_unit_price` decimal(25,4) NOT NULL,
  `unit_price` decimal(25,4) NOT NULL,
  `quantity` decimal(15,4) DEFAULT '0.0000',
  `warehouse_id` int(11) DEFAULT NULL,
  `item_tax` decimal(25,4) DEFAULT NULL,
  `tax_rate_id` int(11) DEFAULT NULL,
  `tax` varchar(55) DEFAULT NULL,
  `discount` varchar(55) DEFAULT NULL,
  `item_discount` decimal(25,4) DEFAULT NULL,
  `subtotal` decimal(25,4) NOT NULL,
  `serial_no` varchar(255) DEFAULT NULL,
  `option_id` int(11) DEFAULT NULL,
  `product_type` varchar(20) DEFAULT NULL,
  `real_unit_price` decimal(25,4) DEFAULT NULL
) ENGINE=InnoDB DEFAULT CHARSET=utf8;

-- --------------------------------------------------------

--
-- Table structure for table `sma_tax_rates`
--

CREATE TABLE IF NOT EXISTS `sma_tax_rates` (
`id` int(11) NOT NULL,
  `name` varchar(55) NOT NULL,
  `code` varchar(10) DEFAULT NULL,
  `rate` decimal(12,4) NOT NULL,
  `type` varchar(50) NOT NULL
) ENGINE=InnoDB AUTO_INCREMENT=5 DEFAULT CHARSET=utf8;

--
-- Dumping data for table `sma_tax_rates`
--

INSERT INTO `sma_tax_rates` (`id`, `name`, `code`, `rate`, `type`) VALUES
(1, 'No Tax', 'NT', '0.0000', '2'),
(2, 'VAT @10%', 'VAT10', '10.0000', '1'),
(3, 'GST @6%', 'GST', '6.0000', '1'),
(4, 'VAT @20%', 'VT20', '20.0000', '1');

-- --------------------------------------------------------

--
-- Table structure for table `sma_transfers`
--

CREATE TABLE IF NOT EXISTS `sma_transfers` (
`id` int(11) NOT NULL,
  `transfer_no` varchar(55) NOT NULL,
  `date` timestamp NOT NULL DEFAULT CURRENT_TIMESTAMP,
  `from_warehouse_id` int(11) NOT NULL,
  `from_warehouse_code` varchar(55) NOT NULL,
  `from_warehouse_name` varchar(55) NOT NULL,
  `to_warehouse_id` int(11) NOT NULL,
  `to_warehouse_code` varchar(55) NOT NULL,
  `to_warehouse_name` varchar(55) NOT NULL,
  `note` varchar(1000) DEFAULT NULL,
  `total` decimal(25,4) DEFAULT NULL,
  `total_tax` decimal(25,4) DEFAULT NULL,
  `grand_total` decimal(25,4) DEFAULT NULL,
  `created_by` varchar(255) DEFAULT NULL,
  `status` varchar(55) NOT NULL DEFAULT 'pending',
  `shipping` decimal(25,4) NOT NULL DEFAULT '0.0000',
  `attachment` varchar(55) DEFAULT NULL
) ENGINE=InnoDB DEFAULT CHARSET=utf8;

-- --------------------------------------------------------

--
-- Table structure for table `sma_transfer_items`
--

CREATE TABLE IF NOT EXISTS `sma_transfer_items` (
`id` int(11) NOT NULL,
  `transfer_id` int(11) NOT NULL,
  `product_id` int(11) NOT NULL,
  `product_code` varchar(55) NOT NULL,
  `product_name` varchar(255) NOT NULL,
  `option_id` int(11) DEFAULT NULL,
  `expiry` date DEFAULT NULL,
  `quantity` decimal(15,4) NOT NULL,
  `tax_rate_id` int(11) DEFAULT NULL,
  `tax` varchar(55) DEFAULT NULL,
  `item_tax` decimal(25,4) DEFAULT NULL,
  `net_unit_cost` decimal(25,4) DEFAULT NULL,
  `subtotal` decimal(25,4) DEFAULT NULL,
  `quantity_balance` decimal(15,4) NOT NULL,
  `unit_cost` decimal(25,4) DEFAULT NULL,
  `real_unit_cost` decimal(25,4) DEFAULT NULL,
  `date` date DEFAULT NULL
) ENGINE=InnoDB DEFAULT CHARSET=utf8;

-- --------------------------------------------------------

--
-- Table structure for table `sma_units`
--

CREATE TABLE IF NOT EXISTS `sma_units` (
`id` int(10) NOT NULL,
  `unit` varchar(255) COLLATE utf8_unicode_ci DEFAULT NULL,
  `note` varchar(255) COLLATE utf8_unicode_ci DEFAULT NULL
) ENGINE=InnoDB AUTO_INCREMENT=4 DEFAULT CHARSET=utf8 COLLATE=utf8_unicode_ci;

--
-- Dumping data for table `sma_units`
--

INSERT INTO `sma_units` (`id`, `unit`, `note`) VALUES
(1, 'Cái', ''),
(2, 'Bao', NULL),
(3, 'Hộp', '');

-- --------------------------------------------------------

--
-- Table structure for table `sma_users`
--

CREATE TABLE IF NOT EXISTS `sma_users` (
`id` int(11) unsigned NOT NULL,
  `last_ip_address` varbinary(45) DEFAULT NULL,
  `ip_address` varbinary(45) NOT NULL,
  `username` varchar(100) NOT NULL,
  `password` varchar(40) NOT NULL,
  `salt` varchar(40) DEFAULT NULL,
  `email` varchar(100) NOT NULL,
  `activation_code` varchar(40) DEFAULT NULL,
  `forgotten_password_code` varchar(40) DEFAULT NULL,
  `forgotten_password_time` int(11) unsigned DEFAULT NULL,
  `remember_code` varchar(40) DEFAULT NULL,
  `created_on` int(11) unsigned NOT NULL,
  `last_login` int(11) unsigned DEFAULT NULL,
  `active` tinyint(1) unsigned DEFAULT NULL,
  `first_name` varchar(50) DEFAULT NULL,
  `last_name` varchar(50) DEFAULT NULL,
  `company` varchar(100) DEFAULT NULL,
  `phone` varchar(20) DEFAULT NULL,
  `avatar` varchar(55) DEFAULT NULL,
  `gender` varchar(20) DEFAULT NULL,
  `group_id` int(10) unsigned NOT NULL,
  `warehouse_id` int(10) unsigned DEFAULT NULL,
  `biller_id` int(10) unsigned DEFAULT NULL,
  `company_id` int(11) DEFAULT NULL,
  `show_cost` tinyint(1) DEFAULT '0',
  `show_price` tinyint(1) DEFAULT '0',
  `award_points` int(11) DEFAULT '0'
) ENGINE=InnoDB AUTO_INCREMENT=5 DEFAULT CHARSET=utf8;

--
-- Dumping data for table `sma_users`
--

INSERT INTO `sma_users` (`id`, `last_ip_address`, `ip_address`, `username`, `password`, `salt`, `email`, `activation_code`, `forgotten_password_code`, `forgotten_password_time`, `remember_code`, `created_on`, `last_login`, `active`, `first_name`, `last_name`, `company`, `phone`, `avatar`, `gender`, `group_id`, `warehouse_id`, `biller_id`, `company_id`, `show_cost`, `show_price`, `award_points`) VALUES
(1, 0x3a3a31, 0x0000, 'owner', '2c8ab736b2ccab4f50e72d5fd7d21020cbb77ae7', NULL, 'owner@google.com', NULL, NULL, NULL, '6e5e2f4c47ba10736e92891840965955f42f6f45', 1351661704, 1498877989, 1, 'Owner', 'Owner', 'Stock Manager', '012345678', NULL, 'male', 1, NULL, NULL, NULL, 0, 0, 0),
(2, 0x3a3a31, 0x3a3a31, 'tvtan06@gmail.com', 'cbe0b4851e0807748576e22fa8dc689134c78e07', NULL, 'tvtan06@gmail.com', NULL, NULL, NULL, NULL, 1497862980, 1497921746, 1, 'Tran', 'Tan', 'Foso', '097449157', NULL, 'male', 5, 1, 3, NULL, 0, 0, 0),
(3, NULL, 0x3a3a31, 'trantan', 'b9ce6ed6f53be863a43bf1cc04ae0451b394ed2a', NULL, 'trantan@gmail.com', NULL, NULL, NULL, NULL, 1498007958, 1498007958, 1, 'Tran', 'Tan', 'Walk-in Customer', '0939701693', NULL, 'male', 3, NULL, NULL, 1, 0, 0, 0),
(4, 0x3a3a31, 0x3a3a31, 'hva', '5c3341c973e77a19ee084a2c3496350eb94e03e3', NULL, 'hva@gmail.com', NULL, NULL, NULL, 'a4c9b2616656b62a26ab1f31d851600ceef11fe5', 1498009590, 1498093480, 1, 'fdgdf', 'dfgbf', 'Yanstore', '6786', NULL, 'male', 3, NULL, NULL, 2, 0, 0, 0);

-- --------------------------------------------------------

--
-- Table structure for table `sma_user_logins`
--

CREATE TABLE IF NOT EXISTS `sma_user_logins` (
`id` int(11) NOT NULL,
  `user_id` int(11) NOT NULL,
  `company_id` int(11) DEFAULT NULL,
  `ip_address` varbinary(16) NOT NULL,
  `login` varchar(100) NOT NULL,
  `time` timestamp NULL DEFAULT CURRENT_TIMESTAMP
) ENGINE=InnoDB AUTO_INCREMENT=68 DEFAULT CHARSET=utf8;

--
-- Dumping data for table `sma_user_logins`
--

INSERT INTO `sma_user_logins` (`id`, `user_id`, `company_id`, `ip_address`, `login`, `time`) VALUES
(1, 1, NULL, 0x3132372e302e302e31, 'owner@google.com', '2016-10-26 08:48:42'),
(2, 1, NULL, 0x3132372e302e302e31, 'owner@google.com', '2016-11-01 12:37:11'),
(3, 1, NULL, 0x3132372e302e302e31, 'owner@google.com', '2016-11-01 12:40:30'),
(4, 1, NULL, 0x3132372e302e302e31, 'owner@google.com', '2016-11-02 20:04:13'),
(5, 1, NULL, 0x3132372e302e302e31, 'owner@google.com', '2016-11-02 20:12:23'),
(6, 1, NULL, 0x3132372e302e302e31, 'owner@google.com', '2016-11-02 20:15:46'),
(7, 1, NULL, 0x312e32332e342e36, 'owner@google.com', '2017-03-15 14:12:00'),
(8, 1, NULL, 0x3131352e37372e3138342e313338, 'owner@google.com', '2017-03-19 04:59:10'),
(9, 1, NULL, 0x3131352e37372e3138342e313338, 'owner@google.com', '2017-03-19 05:01:41'),
(10, 1, NULL, 0x3131352e37372e3138342e313338, 'owner@google.com', '2017-03-19 05:56:19'),
(11, 1, NULL, 0x3131352e37372e3138342e313338, 'owner@google.com', '2017-03-19 05:59:56'),
(12, 1, NULL, 0x3131332e3136312e37342e313939, 'owner@google.com', '2017-03-19 06:17:11'),
(13, 1, NULL, 0x3131352e37372e3138342e313338, 'owner@google.com', '2017-03-21 02:31:35'),
(14, 1, NULL, 0x3131352e37372e3138342e313338, 'owner@google.com', '2017-03-21 02:36:06'),
(15, 1, NULL, 0x3131372e362e35382e323338, 'owner@google.com', '2017-03-21 06:40:24'),
(16, 1, NULL, 0x3131352e37372e3138342e313338, 'owner@google.com', '2017-03-21 06:41:20'),
(17, 1, NULL, 0x32372e37342e3234312e3533, 'owner@google.com', '2017-03-22 04:45:49'),
(18, 1, NULL, 0x3131352e37372e3138342e313338, 'owner@google.com', '2017-03-22 04:58:48'),
(19, 1, NULL, 0x312e35322e3138302e313738, 'owner@google.com', '2017-03-23 09:16:04'),
(20, 1, NULL, 0x3131372e362e35382e323338, 'owner@google.com', '2017-03-23 09:16:25'),
(21, 1, NULL, 0x32372e36372e34312e313835, 'owner@google.com', '2017-03-24 02:53:45'),
(22, 1, NULL, 0x3138332e38312e34352e313436, 'owner@google.com', '2017-03-24 15:41:09'),
(23, 1, NULL, 0x3138332e38312e34352e313436, 'owner@google.com', '2017-03-26 03:42:54'),
(24, 1, NULL, 0x35382e3138362e32332e3234, 'owner@google.com', '2017-03-29 13:24:10'),
(25, 1, NULL, 0x3131332e3139302e3130342e323334, 'owner@google.com', '2017-03-29 13:24:54'),
(26, 1, NULL, 0x35382e3138362e32332e3234, 'owner@google.com', '2017-03-29 13:34:59'),
(27, 1, NULL, 0x35382e3138372e3233322e313936, 'owner@google.com', '2017-03-29 14:19:49'),
(28, 1, NULL, 0x35382e3138372e3233322e313936, 'owner@google.com', '2017-03-29 14:19:49'),
(29, 1, NULL, 0x3131332e3139302e3130342e323334, 'owner@google.com', '2017-03-29 18:02:36'),
(30, 1, NULL, 0x3131332e3139302e3130342e323334, 'owner@google.com', '2017-03-29 18:56:27'),
(31, 1, NULL, 0x32372e37372e3132352e323236, 'owner@google.com', '2017-03-30 12:27:43'),
(32, 1, NULL, 0x31342e3136352e3231392e3238, 'owner@google.com', '2017-03-31 07:11:48'),
(33, 1, NULL, 0x34322e3131392e3134382e323037, 'owner@google.com', '2017-03-31 09:24:06'),
(34, 1, NULL, 0x34322e3131392e3134382e323037, 'owner@google.com', '2017-04-01 07:26:41'),
(35, 1, NULL, 0x3137312e3233342e3231382e3835, 'owner@google.com', '2017-04-02 03:22:52'),
(36, 1, NULL, 0x3137312e3233342e3231382e3835, 'owner@google.com', '2017-04-02 03:23:20'),
(37, 1, NULL, 0x3137312e3233342e3231382e3835, 'owner@google.com', '2017-04-02 03:25:09'),
(38, 1, NULL, 0x312e35352e3234322e313635, 'owner@google.com', '2017-04-03 02:25:05'),
(39, 1, NULL, 0x3131372e362e3136322e38, 'owner@google.com', '2017-04-03 06:47:52'),
(40, 1, NULL, 0x3131352e37372e3138342e313338, 'owner@google.com', '2017-04-04 03:50:28'),
(41, 1, NULL, 0x3132302e37322e3130362e313134, 'owner@google.com', '2017-04-05 02:45:37'),
(42, 1, NULL, 0x3131352e37372e3138342e313338, 'owner@google.com', '2017-04-05 03:01:13'),
(43, 1, NULL, 0x3131352e37372e3138342e313338, 'owner@google.com', '2017-04-07 07:05:02'),
(44, 1, NULL, 0x3131332e3136332e3234352e313037, 'owner@google.com', '2017-04-09 08:20:54'),
(45, 1, NULL, 0x3131332e3136332e3234352e313037, 'owner@google.com', '2017-04-09 09:01:45'),
(46, 1, NULL, 0x3131352e37372e3138342e313338, 'owner@google.com', '2017-04-10 05:49:36'),
(47, 1, NULL, 0x3131352e37372e3138342e313338, 'owner@google.com', '2017-04-10 05:52:47'),
(48, 1, NULL, 0x3132332e32312e3232382e3230, 'owner@google.com', '2017-04-10 09:17:22'),
(49, 1, NULL, 0x3132332e32312e3232382e3230, 'owner@google.com', '2017-04-11 01:57:09'),
(50, 1, NULL, 0x3137312e3233342e3233362e3834, 'owner@google.com', '2017-04-11 02:10:56'),
(51, 1, NULL, 0x3132332e32312e3232382e3230, 'owner@google.com', '2017-04-11 06:20:26'),
(52, 1, NULL, 0x3a3a31, 'owner@google.com', '2017-06-19 06:08:02'),
(53, 1, NULL, 0x3a3a31, 'owner@google.com', '2017-06-19 07:30:32'),
(54, 2, NULL, 0x3a3a31, 'tvtan06@gmail.com', '2017-06-20 01:22:27'),
(55, 1, NULL, 0x3a3a31, 'owner@google.com', '2017-06-20 01:22:51'),
(56, 1, NULL, 0x3a3a31, 'owner@google.com', '2017-06-21 01:05:55'),
(57, 4, NULL, 0x3a3a31, 'hva@gmail.com', '2017-06-22 01:04:40'),
(58, 1, NULL, 0x3a3a31, 'owner@google.com', '2017-06-22 01:04:53'),
(59, 1, NULL, 0x3a3a31, 'owner@google.com', '2017-06-23 01:30:08'),
(60, 1, NULL, 0x3a3a31, 'owner@google.com', '2017-06-23 03:18:06'),
(61, 1, NULL, 0x3a3a31, 'owner@google.com', '2017-06-23 07:07:28'),
(62, 1, NULL, 0x3a3a31, 'owner@google.com', '2017-06-24 01:09:27'),
(63, 1, NULL, 0x3a3a31, 'owner@google.com', '2017-06-26 01:30:04'),
(64, 1, NULL, 0x3a3a31, 'owner@google.com', '2017-06-27 04:11:08'),
(65, 1, NULL, 0x3a3a31, 'owner@google.com', '2017-06-28 01:17:36'),
(66, 1, NULL, 0x3a3a31, 'owner@google.com', '2017-06-29 09:44:01'),
(67, 1, NULL, 0x3a3a31, 'owner@google.com', '2017-07-01 02:59:49');

-- --------------------------------------------------------

--
-- Table structure for table `sma_variants`
--

CREATE TABLE IF NOT EXISTS `sma_variants` (
`id` int(11) NOT NULL,
  `name` varchar(55) NOT NULL
) ENGINE=InnoDB DEFAULT CHARSET=utf8;

-- --------------------------------------------------------

--
-- Table structure for table `sma_warehouses`
--

CREATE TABLE IF NOT EXISTS `sma_warehouses` (
`id` int(11) NOT NULL,
  `code` varchar(50) NOT NULL,
  `name` varchar(255) NOT NULL,
  `address` varchar(255) NOT NULL,
  `map` varchar(255) DEFAULT NULL,
  `phone` varchar(55) DEFAULT NULL,
  `email` varchar(55) DEFAULT NULL
) ENGINE=InnoDB AUTO_INCREMENT=3 DEFAULT CHARSET=utf8;

--
-- Dumping data for table `sma_warehouses`
--

INSERT INTO `sma_warehouses` (`id`, `code`, `name`, `address`, `map`, `phone`, `email`) VALUES
(1, 'WHI', 'Kho 1', '<p>Address, City</p>', NULL, '012345678', 'whi@google.com'),
(2, 'WHII', 'Kho 2', '<p>HCM</p>', NULL, '0939701693', 'tvtan06@gmail.com');

-- --------------------------------------------------------

--
-- Table structure for table `sma_warehouses_products`
--

CREATE TABLE IF NOT EXISTS `sma_warehouses_products` (
`id` int(11) NOT NULL,
  `product_id` int(11) DEFAULT NULL,
  `item_id` int(10) DEFAULT NULL,
  `warehouse_id` int(11) NOT NULL,
  `quantity` decimal(15,4) NOT NULL,
  `rack` varchar(55) DEFAULT NULL
) ENGINE=InnoDB AUTO_INCREMENT=66 DEFAULT CHARSET=utf8;

--
-- Dumping data for table `sma_warehouses_products`
--

INSERT INTO `sma_warehouses_products` (`id`, `product_id`, `item_id`, `warehouse_id`, `quantity`, `rack`) VALUES
(24, 29, NULL, 1, '15.0000', '11'),
(25, 29, NULL, 2, '20.0000', '22'),
(62, NULL, 21, 1, '10.0000', '1'),
(63, NULL, 21, 2, '25.0000', '2'),
(64, 30, NULL, 1, '10.0000', '1'),
(65, 30, NULL, 2, '5.0000', '2');

-- --------------------------------------------------------

--
-- Table structure for table `sma_warehouses_products_variants`
--

CREATE TABLE IF NOT EXISTS `sma_warehouses_products_variants` (
`id` int(11) NOT NULL,
  `option_id` int(11) NOT NULL,
  `product_id` int(11) NOT NULL,
  `warehouse_id` int(11) NOT NULL,
  `quantity` decimal(15,4) NOT NULL,
  `rack` varchar(55) DEFAULT NULL
) ENGINE=InnoDB DEFAULT CHARSET=utf8;

-- --------------------------------------------------------

--
-- Table structure for table `sma_working_places`
--

CREATE TABLE IF NOT EXISTS `sma_working_places` (
`id` int(10) NOT NULL,
  `working_place` varchar(255) COLLATE utf8_unicode_ci DEFAULT NULL,
  `phone` varchar(15) COLLATE utf8_unicode_ci DEFAULT NULL,
  `address` varchar(255) COLLATE utf8_unicode_ci DEFAULT NULL,
  `note` text COLLATE utf8_unicode_ci
) ENGINE=InnoDB AUTO_INCREMENT=6 DEFAULT CHARSET=utf8 COLLATE=utf8_unicode_ci;

--
-- Dumping data for table `sma_working_places`
--

INSERT INTO `sma_working_places` (`id`, `working_place`, `phone`, `address`, `note`) VALUES
(1, 'Xưởng Cơ khí', '1234', '1234', NULL),
(2, 'Mạ\r\nMechanic& Galvanized\r\nWS', '1234', '1234', NULL),
(3, 'dsfgfdgb', '456567', '567', ''),
(4, 'dsvfd', '45645', '34564', ''),
(5, 'sdfs', '4354354', '456546', '');

-- --------------------------------------------------------

--
-- Table structure for table `sma_working_place_items`
--

CREATE TABLE IF NOT EXISTS `sma_working_place_items` (
`id` int(11) NOT NULL,
  `working_place_id` int(11) NOT NULL,
  `machine_id` int(11) NOT NULL
) ENGINE=InnoDB AUTO_INCREMENT=18 DEFAULT CHARSET=latin1;

--
-- Dumping data for table `sma_working_place_items`
--

INSERT INTO `sma_working_place_items` (`id`, `working_place_id`, `machine_id`) VALUES
(13, 3, 1),
(14, 3, 2),
(15, 4, 1),
(16, 4, 2),
(17, 4, 4);

--
-- Indexes for dumped tables
--

--
-- Indexes for table `sma_adjustments`
--
ALTER TABLE `sma_adjustments`
 ADD PRIMARY KEY (`id`);

--
-- Indexes for table `sma_calendar`
--
ALTER TABLE `sma_calendar`
 ADD PRIMARY KEY (`date`);

--
-- Indexes for table `sma_captcha`
--
ALTER TABLE `sma_captcha`
 ADD PRIMARY KEY (`captcha_id`), ADD KEY `word` (`word`);

--
-- Indexes for table `sma_categories`
--
ALTER TABLE `sma_categories`
 ADD PRIMARY KEY (`id`), ADD KEY `id` (`id`);

--
-- Indexes for table `sma_combo_items`
--
ALTER TABLE `sma_combo_items`
 ADD PRIMARY KEY (`id`);

--
-- Indexes for table `sma_companies`
--
ALTER TABLE `sma_companies`
 ADD PRIMARY KEY (`id`), ADD KEY `group_id` (`group_id`), ADD KEY `group_id_2` (`group_id`);

--
-- Indexes for table `sma_costing`
--
ALTER TABLE `sma_costing`
 ADD PRIMARY KEY (`id`);

--
-- Indexes for table `sma_currencies`
--
ALTER TABLE `sma_currencies`
 ADD PRIMARY KEY (`id`);

--
-- Indexes for table `sma_customer_groups`
--
ALTER TABLE `sma_customer_groups`
 ADD PRIMARY KEY (`id`);

--
-- Indexes for table `sma_date_format`
--
ALTER TABLE `sma_date_format`
 ADD PRIMARY KEY (`id`);

--
-- Indexes for table `sma_deliveries`
--
ALTER TABLE `sma_deliveries`
 ADD PRIMARY KEY (`id`);

--
-- Indexes for table `sma_expenses`
--
ALTER TABLE `sma_expenses`
 ADD PRIMARY KEY (`id`);

--
-- Indexes for table `sma_gift_cards`
--
ALTER TABLE `sma_gift_cards`
 ADD PRIMARY KEY (`id`), ADD UNIQUE KEY `card_no` (`card_no`);

--
-- Indexes for table `sma_groups`
--
ALTER TABLE `sma_groups`
 ADD PRIMARY KEY (`id`);

--
-- Indexes for table `sma_items`
--
ALTER TABLE `sma_items`
 ADD PRIMARY KEY (`id`);

--
-- Indexes for table `sma_login_attempts`
--
ALTER TABLE `sma_login_attempts`
 ADD PRIMARY KEY (`id`);

--
-- Indexes for table `sma_machine`
--
ALTER TABLE `sma_machine`
 ADD PRIMARY KEY (`id`);

--
-- Indexes for table `sma_machine_categories`
--
ALTER TABLE `sma_machine_categories`
 ADD PRIMARY KEY (`id`);

--
-- Indexes for table `sma_notifications`
--
ALTER TABLE `sma_notifications`
 ADD PRIMARY KEY (`id`);

--
-- Indexes for table `sma_order_ref`
--
ALTER TABLE `sma_order_ref`
 ADD PRIMARY KEY (`ref_id`);

--
-- Indexes for table `sma_payments`
--
ALTER TABLE `sma_payments`
 ADD PRIMARY KEY (`id`);

--
-- Indexes for table `sma_paypal`
--
ALTER TABLE `sma_paypal`
 ADD PRIMARY KEY (`id`);

--
-- Indexes for table `sma_permissions`
--
ALTER TABLE `sma_permissions`
 ADD PRIMARY KEY (`id`);

--
-- Indexes for table `sma_pos_register`
--
ALTER TABLE `sma_pos_register`
 ADD PRIMARY KEY (`id`);

--
-- Indexes for table `sma_pos_settings`
--
ALTER TABLE `sma_pos_settings`
 ADD PRIMARY KEY (`pos_id`);

--
-- Indexes for table `sma_productions`
--
ALTER TABLE `sma_productions`
 ADD PRIMARY KEY (`id`), ADD KEY `id` (`id`);

--
-- Indexes for table `sma_production_items`
--
ALTER TABLE `sma_production_items`
 ADD PRIMARY KEY (`id`), ADD KEY `sale_id` (`sale_id`), ADD KEY `product_id` (`product_id`), ADD KEY `product_id_2` (`product_id`,`sale_id`), ADD KEY `sale_id_2` (`sale_id`,`product_id`);

--
-- Indexes for table `sma_products`
--
ALTER TABLE `sma_products`
 ADD PRIMARY KEY (`id`), ADD UNIQUE KEY `code` (`code`), ADD KEY `category_id` (`category_id`), ADD KEY `id` (`id`), ADD KEY `id_2` (`id`), ADD KEY `category_id_2` (`category_id`);

--
-- Indexes for table `sma_product_photos`
--
ALTER TABLE `sma_product_photos`
 ADD PRIMARY KEY (`id`);

--
-- Indexes for table `sma_product_variants`
--
ALTER TABLE `sma_product_variants`
 ADD PRIMARY KEY (`id`);

--
-- Indexes for table `sma_purchases`
--
ALTER TABLE `sma_purchases`
 ADD PRIMARY KEY (`id`), ADD KEY `id` (`id`);

--
-- Indexes for table `sma_purchase_items`
--
ALTER TABLE `sma_purchase_items`
 ADD PRIMARY KEY (`id`), ADD KEY `purchase_id` (`purchase_id`), ADD KEY `product_id` (`product_id`);

--
-- Indexes for table `sma_quotes`
--
ALTER TABLE `sma_quotes`
 ADD PRIMARY KEY (`id`), ADD KEY `id` (`id`);

--
-- Indexes for table `sma_quote_items`
--
ALTER TABLE `sma_quote_items`
 ADD PRIMARY KEY (`id`), ADD KEY `quote_id` (`quote_id`), ADD KEY `product_id` (`product_id`);

--
-- Indexes for table `sma_return_items`
--
ALTER TABLE `sma_return_items`
 ADD PRIMARY KEY (`id`), ADD KEY `sale_id` (`sale_id`), ADD KEY `product_id` (`product_id`), ADD KEY `product_id_2` (`product_id`,`sale_id`), ADD KEY `sale_id_2` (`sale_id`,`product_id`);

--
-- Indexes for table `sma_return_sales`
--
ALTER TABLE `sma_return_sales`
 ADD PRIMARY KEY (`id`), ADD KEY `id` (`id`);

--
-- Indexes for table `sma_sales`
--
ALTER TABLE `sma_sales`
 ADD PRIMARY KEY (`id`), ADD KEY `id` (`id`);

--
-- Indexes for table `sma_sale_items`
--
ALTER TABLE `sma_sale_items`
 ADD PRIMARY KEY (`id`), ADD KEY `sale_id` (`sale_id`), ADD KEY `product_id` (`product_id`), ADD KEY `product_id_2` (`product_id`,`sale_id`), ADD KEY `sale_id_2` (`sale_id`,`product_id`);

--
-- Indexes for table `sma_sessions`
--
ALTER TABLE `sma_sessions`
 ADD PRIMARY KEY (`id`), ADD KEY `ci_sessions_timestamp` (`timestamp`);

--
-- Indexes for table `sma_settings`
--
ALTER TABLE `sma_settings`
 ADD PRIMARY KEY (`setting_id`);

--
-- Indexes for table `sma_skrill`
--
ALTER TABLE `sma_skrill`
 ADD PRIMARY KEY (`id`);

--
-- Indexes for table `sma_subcategories`
--
ALTER TABLE `sma_subcategories`
 ADD PRIMARY KEY (`id`);

--
-- Indexes for table `sma_suspended_bills`
--
ALTER TABLE `sma_suspended_bills`
 ADD PRIMARY KEY (`id`);

--
-- Indexes for table `sma_suspended_items`
--
ALTER TABLE `sma_suspended_items`
 ADD PRIMARY KEY (`id`);

--
-- Indexes for table `sma_tax_rates`
--
ALTER TABLE `sma_tax_rates`
 ADD PRIMARY KEY (`id`);

--
-- Indexes for table `sma_transfers`
--
ALTER TABLE `sma_transfers`
 ADD PRIMARY KEY (`id`), ADD KEY `id` (`id`);

--
-- Indexes for table `sma_transfer_items`
--
ALTER TABLE `sma_transfer_items`
 ADD PRIMARY KEY (`id`), ADD KEY `transfer_id` (`transfer_id`), ADD KEY `product_id` (`product_id`);

--
-- Indexes for table `sma_units`
--
ALTER TABLE `sma_units`
 ADD PRIMARY KEY (`id`);

--
-- Indexes for table `sma_users`
--
ALTER TABLE `sma_users`
 ADD PRIMARY KEY (`id`), ADD KEY `group_id` (`group_id`,`warehouse_id`,`biller_id`), ADD KEY `group_id_2` (`group_id`,`company_id`);

--
-- Indexes for table `sma_user_logins`
--
ALTER TABLE `sma_user_logins`
 ADD PRIMARY KEY (`id`);

--
-- Indexes for table `sma_variants`
--
ALTER TABLE `sma_variants`
 ADD PRIMARY KEY (`id`);

--
-- Indexes for table `sma_warehouses`
--
ALTER TABLE `sma_warehouses`
 ADD PRIMARY KEY (`id`), ADD KEY `id` (`id`);

--
-- Indexes for table `sma_warehouses_products`
--
ALTER TABLE `sma_warehouses_products`
 ADD PRIMARY KEY (`id`), ADD KEY `product_id` (`product_id`), ADD KEY `warehouse_id` (`warehouse_id`);

--
-- Indexes for table `sma_warehouses_products_variants`
--
ALTER TABLE `sma_warehouses_products_variants`
 ADD PRIMARY KEY (`id`), ADD KEY `option_id` (`option_id`), ADD KEY `product_id` (`product_id`), ADD KEY `warehouse_id` (`warehouse_id`);

--
-- Indexes for table `sma_working_places`
--
ALTER TABLE `sma_working_places`
 ADD PRIMARY KEY (`id`);

--
-- Indexes for table `sma_working_place_items`
--
ALTER TABLE `sma_working_place_items`
 ADD PRIMARY KEY (`id`);

--
-- AUTO_INCREMENT for dumped tables
--

--
-- AUTO_INCREMENT for table `sma_adjustments`
--
ALTER TABLE `sma_adjustments`
MODIFY `id` int(11) NOT NULL AUTO_INCREMENT;
--
-- AUTO_INCREMENT for table `sma_captcha`
--
ALTER TABLE `sma_captcha`
MODIFY `captcha_id` bigint(13) unsigned NOT NULL AUTO_INCREMENT,AUTO_INCREMENT=5;
--
-- AUTO_INCREMENT for table `sma_categories`
--
ALTER TABLE `sma_categories`
MODIFY `id` int(11) NOT NULL AUTO_INCREMENT,AUTO_INCREMENT=2;
--
-- AUTO_INCREMENT for table `sma_combo_items`
--
ALTER TABLE `sma_combo_items`
MODIFY `id` int(11) NOT NULL AUTO_INCREMENT;
--
-- AUTO_INCREMENT for table `sma_companies`
--
ALTER TABLE `sma_companies`
MODIFY `id` int(11) NOT NULL AUTO_INCREMENT,AUTO_INCREMENT=10;
--
-- AUTO_INCREMENT for table `sma_costing`
--
ALTER TABLE `sma_costing`
MODIFY `id` int(11) NOT NULL AUTO_INCREMENT,AUTO_INCREMENT=4;
--
-- AUTO_INCREMENT for table `sma_currencies`
--
ALTER TABLE `sma_currencies`
MODIFY `id` int(11) NOT NULL AUTO_INCREMENT,AUTO_INCREMENT=4;
--
-- AUTO_INCREMENT for table `sma_customer_groups`
--
ALTER TABLE `sma_customer_groups`
MODIFY `id` int(11) NOT NULL AUTO_INCREMENT,AUTO_INCREMENT=5;
--
-- AUTO_INCREMENT for table `sma_date_format`
--
ALTER TABLE `sma_date_format`
MODIFY `id` int(11) NOT NULL AUTO_INCREMENT,AUTO_INCREMENT=7;
--
-- AUTO_INCREMENT for table `sma_deliveries`
--
ALTER TABLE `sma_deliveries`
MODIFY `id` int(11) NOT NULL AUTO_INCREMENT;
--
-- AUTO_INCREMENT for table `sma_expenses`
--
ALTER TABLE `sma_expenses`
MODIFY `id` int(11) NOT NULL AUTO_INCREMENT;
--
-- AUTO_INCREMENT for table `sma_gift_cards`
--
ALTER TABLE `sma_gift_cards`
MODIFY `id` int(11) NOT NULL AUTO_INCREMENT;
--
-- AUTO_INCREMENT for table `sma_groups`
--
ALTER TABLE `sma_groups`
MODIFY `id` mediumint(8) unsigned NOT NULL AUTO_INCREMENT,AUTO_INCREMENT=6;
--
-- AUTO_INCREMENT for table `sma_items`
--
ALTER TABLE `sma_items`
MODIFY `id` int(11) NOT NULL AUTO_INCREMENT,AUTO_INCREMENT=22;
--
-- AUTO_INCREMENT for table `sma_login_attempts`
--
ALTER TABLE `sma_login_attempts`
MODIFY `id` mediumint(8) unsigned NOT NULL AUTO_INCREMENT;
--
-- AUTO_INCREMENT for table `sma_machine`
--
ALTER TABLE `sma_machine`
MODIFY `id` int(11) NOT NULL AUTO_INCREMENT,AUTO_INCREMENT=5;
--
-- AUTO_INCREMENT for table `sma_machine_categories`
--
ALTER TABLE `sma_machine_categories`
MODIFY `id` int(11) NOT NULL AUTO_INCREMENT,AUTO_INCREMENT=5;
--
-- AUTO_INCREMENT for table `sma_notifications`
--
ALTER TABLE `sma_notifications`
MODIFY `id` int(11) NOT NULL AUTO_INCREMENT,AUTO_INCREMENT=2;
--
-- AUTO_INCREMENT for table `sma_order_ref`
--
ALTER TABLE `sma_order_ref`
MODIFY `ref_id` int(11) NOT NULL AUTO_INCREMENT,AUTO_INCREMENT=2;
--
-- AUTO_INCREMENT for table `sma_payments`
--
ALTER TABLE `sma_payments`
MODIFY `id` int(11) NOT NULL AUTO_INCREMENT,AUTO_INCREMENT=8;
--
-- AUTO_INCREMENT for table `sma_permissions`
--
ALTER TABLE `sma_permissions`
MODIFY `id` int(11) NOT NULL AUTO_INCREMENT,AUTO_INCREMENT=2;
--
-- AUTO_INCREMENT for table `sma_pos_register`
--
ALTER TABLE `sma_pos_register`
MODIFY `id` int(11) NOT NULL AUTO_INCREMENT,AUTO_INCREMENT=2;
--
-- AUTO_INCREMENT for table `sma_productions`
--
ALTER TABLE `sma_productions`
MODIFY `id` int(11) NOT NULL AUTO_INCREMENT,AUTO_INCREMENT=40;
--
-- AUTO_INCREMENT for table `sma_production_items`
--
ALTER TABLE `sma_production_items`
MODIFY `id` int(11) NOT NULL AUTO_INCREMENT,AUTO_INCREMENT=37;
--
-- AUTO_INCREMENT for table `sma_products`
--
ALTER TABLE `sma_products`
MODIFY `id` int(11) NOT NULL AUTO_INCREMENT,AUTO_INCREMENT=31;
--
-- AUTO_INCREMENT for table `sma_product_photos`
--
ALTER TABLE `sma_product_photos`
MODIFY `id` int(11) NOT NULL AUTO_INCREMENT;
--
-- AUTO_INCREMENT for table `sma_product_variants`
--
ALTER TABLE `sma_product_variants`
MODIFY `id` int(11) NOT NULL AUTO_INCREMENT;
--
-- AUTO_INCREMENT for table `sma_purchases`
--
ALTER TABLE `sma_purchases`
MODIFY `id` int(11) NOT NULL AUTO_INCREMENT;
--
-- AUTO_INCREMENT for table `sma_purchase_items`
--
ALTER TABLE `sma_purchase_items`
MODIFY `id` int(11) NOT NULL AUTO_INCREMENT,AUTO_INCREMENT=40;
--
-- AUTO_INCREMENT for table `sma_quotes`
--
ALTER TABLE `sma_quotes`
MODIFY `id` int(11) NOT NULL AUTO_INCREMENT;
--
-- AUTO_INCREMENT for table `sma_quote_items`
--
ALTER TABLE `sma_quote_items`
MODIFY `id` int(11) NOT NULL AUTO_INCREMENT;
--
-- AUTO_INCREMENT for table `sma_return_items`
--
ALTER TABLE `sma_return_items`
MODIFY `id` int(11) NOT NULL AUTO_INCREMENT;
--
-- AUTO_INCREMENT for table `sma_return_sales`
--
ALTER TABLE `sma_return_sales`
MODIFY `id` int(11) NOT NULL AUTO_INCREMENT;
--
-- AUTO_INCREMENT for table `sma_sales`
--
ALTER TABLE `sma_sales`
MODIFY `id` int(11) NOT NULL AUTO_INCREMENT,AUTO_INCREMENT=11;
--
-- AUTO_INCREMENT for table `sma_sale_items`
--
ALTER TABLE `sma_sale_items`
MODIFY `id` int(11) NOT NULL AUTO_INCREMENT,AUTO_INCREMENT=32;
--
-- AUTO_INCREMENT for table `sma_subcategories`
--
ALTER TABLE `sma_subcategories`
MODIFY `id` int(11) NOT NULL AUTO_INCREMENT;
--
-- AUTO_INCREMENT for table `sma_suspended_bills`
--
ALTER TABLE `sma_suspended_bills`
MODIFY `id` int(11) NOT NULL AUTO_INCREMENT;
--
-- AUTO_INCREMENT for table `sma_suspended_items`
--
ALTER TABLE `sma_suspended_items`
MODIFY `id` int(11) NOT NULL AUTO_INCREMENT;
--
-- AUTO_INCREMENT for table `sma_tax_rates`
--
ALTER TABLE `sma_tax_rates`
MODIFY `id` int(11) NOT NULL AUTO_INCREMENT,AUTO_INCREMENT=5;
--
-- AUTO_INCREMENT for table `sma_transfers`
--
ALTER TABLE `sma_transfers`
MODIFY `id` int(11) NOT NULL AUTO_INCREMENT;
--
-- AUTO_INCREMENT for table `sma_transfer_items`
--
ALTER TABLE `sma_transfer_items`
MODIFY `id` int(11) NOT NULL AUTO_INCREMENT;
--
-- AUTO_INCREMENT for table `sma_units`
--
ALTER TABLE `sma_units`
MODIFY `id` int(10) NOT NULL AUTO_INCREMENT,AUTO_INCREMENT=4;
--
-- AUTO_INCREMENT for table `sma_users`
--
ALTER TABLE `sma_users`
MODIFY `id` int(11) unsigned NOT NULL AUTO_INCREMENT,AUTO_INCREMENT=5;
--
-- AUTO_INCREMENT for table `sma_user_logins`
--
ALTER TABLE `sma_user_logins`
MODIFY `id` int(11) NOT NULL AUTO_INCREMENT,AUTO_INCREMENT=68;
--
-- AUTO_INCREMENT for table `sma_variants`
--
ALTER TABLE `sma_variants`
MODIFY `id` int(11) NOT NULL AUTO_INCREMENT;
--
-- AUTO_INCREMENT for table `sma_warehouses`
--
ALTER TABLE `sma_warehouses`
MODIFY `id` int(11) NOT NULL AUTO_INCREMENT,AUTO_INCREMENT=3;
--
-- AUTO_INCREMENT for table `sma_warehouses_products`
--
ALTER TABLE `sma_warehouses_products`
MODIFY `id` int(11) NOT NULL AUTO_INCREMENT,AUTO_INCREMENT=66;
--
-- AUTO_INCREMENT for table `sma_warehouses_products_variants`
--
ALTER TABLE `sma_warehouses_products_variants`
MODIFY `id` int(11) NOT NULL AUTO_INCREMENT;
--
-- AUTO_INCREMENT for table `sma_working_places`
--
ALTER TABLE `sma_working_places`
MODIFY `id` int(10) NOT NULL AUTO_INCREMENT,AUTO_INCREMENT=6;
--
-- AUTO_INCREMENT for table `sma_working_place_items`
--
ALTER TABLE `sma_working_place_items`
MODIFY `id` int(11) NOT NULL AUTO_INCREMENT,AUTO_INCREMENT=18;
/*!40101 SET CHARACTER_SET_CLIENT=@OLD_CHARACTER_SET_CLIENT */;
/*!40101 SET CHARACTER_SET_RESULTS=@OLD_CHARACTER_SET_RESULTS */;
/*!40101 SET COLLATION_CONNECTION=@OLD_COLLATION_CONNECTION */;
